order_id,product_id,quantity,unit_price,cost
1,31,1,479,335
2,8,3,473,331
2,40,3,215,150
2,78,1,52,36
2,67,1,409,286
2,89,2,369,258
3,69,1,455,318
3,35,2,413,289
3,27,3,270,189
3,81,1,241,168
4,97,3,374,261
4,44,1,146,102
4,13,1,406,284
4,85,2,330,230
4,18,1,460,322
5,61,3,168,117
5,91,1,201,140
6,77,3,443,310
6,86,1,142,99
7,68,3,92,64
7,83,1,60,42
8,98,2,60,42
9,40,1,278,194
9,58,3,78,54
9,3,3,473,331
9,93,3,87,60
10,26,3,383,268
11,41,1,472,330
11,48,2,310,217
11,70,3,197,137
11,85,3,223,156
12,32,2,209,146
12,4,2,111,77
12,47,1,100,70
12,53,2,293,205
12,46,2,249,174
13,56,3,497,347
14,54,3,164,114
14,99,3,427,298
14,2,3,489,342
14,58,2,366,256
14,33,2,142,99
15,100,2,190,133
15,7,3,99,69
16,92,3,148,103
16,10,1,216,151
17,87,1,97,67
17,87,3,181,126
17,63,1,490,343
18,59,3,282,197
18,7,1,112,78
18,70,1,52,36
18,60,3,365,255
18,81,2,70,49
19,96,1,433,303
19,50,1,102,71
19,51,2,169,118
19,56,2,283,198
20,10,2,495,346
20,44,3,304,212
20,7,1,105,73
21,3,1,316,221
21,32,2,79,55
21,43,2,228,159
22,1,1,284,198
23,41,2,303,212
24,91,1,307,214
24,100,1,218,152
24,16,3,222,155
25,33,3,103,72
25,43,1,127,88
26,31,2,145,101
26,13,1,414,289
26,61,3,420,294
26,89,1,140,98
26,46,2,452,316
27,84,3,318,222
27,61,3,175,122
27,12,2,138,96
27,81,1,211,147
27,30,1,211,147
28,8,2,448,313
28,5,3,159,111
28,67,1,92,64
28,37,2,150,105
29,76,3,137,95
29,71,1,349,244
30,96,1,320,224
30,84,3,112,78
30,58,2,296,207
30,22,1,352,246
31,70,3,72,50
31,8,2,467,326
31,49,1,283,198
31,82,1,463,324
32,2,3,304,212
33,74,3,323,226
33,22,3,265,185
33,92,3,350,244
33,50,3,451,315
34,5,3,479,335
34,12,1,373,261
34,53,1,439,307
34,90,3,470,329
35,17,1,389,272
35,92,2,56,39
35,92,2,134,93
35,66,1,142,99
35,90,3,498,348
36,83,3,323,226
36,60,1,195,136
36,57,2,123,86
36,79,2,63,44
36,95,2,481,336
37,50,3,366,256
37,84,3,355,248
37,15,3,240,168
37,56,3,179,125
37,97,3,228,159
38,54,3,308,215
38,27,1,476,333
38,63,2,61,42
38,50,1,70,49
39,97,1,452,316
39,82,1,285,199
40,14,3,246,172
40,32,1,108,75
40,47,3,215,150
41,33,3,287,200
41,76,3,218,152
42,34,3,402,281
42,23,3,161,112
42,20,3,213,149
42,41,2,371,259
42,99,3,438,306
43,10,1,166,116
43,75,1,279,195
43,8,2,439,307
43,76,2,290,203
44,75,3,489,342
44,68,3,278,194
44,46,1,480,336
45,19,1,134,93
46,4,2,339,237
47,40,1,449,314
48,81,1,149,104
48,90,1,452,316
48,41,1,176,123
49,54,3,135,94
50,18,3,359,251
50,92,3,99,69
50,51,2,375,262
50,3,1,495,346
51,10,3,409,286
51,70,3,483,338
51,16,1,122,85
51,18,1,478,334
52,80,3,425,297
53,6,3,216,151
53,85,3,68,47
53,18,1,163,114
53,74,1,281,196
53,45,1,130,91
54,51,3,150,105
55,21,2,62,43
56,28,3,299,209
56,27,3,450,315
57,60,1,84,58
58,50,3,430,301
59,64,3,294,205
60,1,2,349,244
60,94,1,137,95
60,21,1,238,166
61,37,3,371,259
61,72,2,292,204
62,36,1,73,51
62,93,2,276,193
62,57,3,100,70
63,4,1,362,253
63,61,2,301,210
63,35,3,282,197
63,88,3,112,78
64,31,2,118,82
64,85,1,285,199
64,87,3,425,297
64,40,3,356,249
64,22,3,357,249
65,45,3,369,258
65,83,1,174,121
66,20,3,248,173
66,61,3,215,150
66,9,2,104,72
66,84,3,277,193
66,66,2,291,203
67,2,2,61,42
67,92,1,113,79
67,63,1,451,315
68,15,3,417,291
69,33,2,478,334
69,42,1,400,280
69,51,3,426,298
69,3,3,115,80
69,42,2,367,256
70,27,3,163,114
70,95,1,95,66
70,76,2,429,300
70,69,1,311,217
71,81,2,158,110
71,93,2,298,208
71,28,1,295,206
71,8,3,223,156
72,45,3,471,329
73,8,3,66,46
73,40,3,324,226
73,69,1,419,293
73,52,3,329,230
73,76,2,156,109
74,61,2,156,109
75,74,3,457,319
75,34,2,302,211
75,19,2,414,289
75,86,2,378,264
76,48,2,77,53
76,14,2,145,101
76,8,1,213,149
76,10,3,127,88
77,18,2,157,109
78,28,3,346,242
78,64,1,355,248
78,49,2,362,253
78,69,1,376,263
78,34,1,173,121
79,30,2,415,290
79,51,3,360,251
80,24,2,405,283
80,22,1,377,263
80,88,3,106,74
80,68,1,105,73
80,98,3,474,331
81,13,3,297,207
82,39,1,404,282
82,6,3,325,227
82,83,2,52,36
82,45,3,489,342
83,66,1,330,230
83,3,3,60,42
84,5,3,199,139
84,40,2,115,80
84,7,1,382,267
84,11,3,185,129
84,32,1,82,57
85,97,1,482,337
85,22,1,408,285
85,85,1,58,40
85,49,3,135,94
85,85,3,285,199
86,98,3,408,285
86,93,1,84,58
86,6,3,496,347
86,4,3,299,209
87,49,2,346,242
87,95,3,320,224
87,6,3,232,162
88,49,1,222,155
89,35,1,332,232
89,55,3,492,344
90,92,2,500,350
91,37,3,470,329
92,92,1,292,204
92,72,2,74,51
92,68,3,331,231
93,81,2,200,140
93,68,2,377,263
93,86,1,471,329
94,43,3,51,35
94,29,1,184,128
95,15,1,289,202
95,33,3,112,78
96,91,2,79,55
96,79,2,212,148
96,85,3,236,165
96,92,2,108,75
97,28,3,274,191
97,97,1,245,171
97,1,2,304,212
97,85,3,410,287
97,91,1,389,272
98,52,2,132,92
98,3,1,211,147
98,93,1,366,256
99,63,1,107,74
99,97,1,336,235
99,86,1,161,112
99,51,1,290,203
99,14,3,179,125
100,35,3,486,340
100,78,1,74,51
100,38,2,475,332
101,79,1,442,309
101,64,3,465,325
101,24,3,88,61
101,98,3,399,279
102,87,3,181,126
102,19,3,57,39
102,9,3,376,263
103,99,1,98,68
104,11,3,431,301
104,96,2,90,62
104,36,2,357,249
104,64,2,185,129
104,73,2,371,259
105,76,1,321,224
105,72,2,291,203
105,83,3,153,107
106,36,3,250,175
106,49,3,354,247
106,17,2,290,203
106,51,2,345,241
106,89,3,189,132
107,20,2,80,56
107,5,3,125,87
107,23,2,343,240
107,61,1,169,118
107,82,1,344,240
108,13,3,152,106
108,91,3,420,294
108,74,2,482,337
108,11,2,164,114
109,71,3,375,262
109,24,3,111,77
109,40,2,434,303
109,29,3,178,124
110,18,2,171,119
110,87,1,139,97
110,89,2,323,226
111,55,2,346,242
111,94,2,443,310
112,27,3,245,171
113,68,1,439,307
113,76,3,120,84
114,38,2,90,62
114,10,2,389,272
115,96,2,86,60
115,25,1,270,189
115,33,2,349,244
116,12,2,445,311
116,35,3,356,249
117,57,2,201,140
117,14,1,284,198
117,9,3,361,252
117,99,2,330,230
117,57,1,73,51
118,71,1,276,193
118,38,1,440,308
118,98,1,491,343
119,83,2,490,343
119,30,3,323,226
120,9,3,52,36
120,61,2,458,320
120,50,1,308,215
120,11,1,141,98
120,69,2,137,95
121,96,3,473,331
121,98,3,216,151
121,94,1,484,338
121,97,2,369,258
121,49,2,52,36
122,80,1,408,285
122,82,2,397,277
122,80,2,436,305
122,59,3,123,86
123,54,3,453,317
123,4,2,493,345
124,45,1,338,236
125,1,3,77,53
125,98,1,445,311
125,58,1,475,332
125,37,3,396,277
126,27,3,122,85
127,65,3,174,121
127,65,2,63,44
127,8,2,451,315
127,56,3,470,329
128,23,2,100,70
128,3,3,190,133
128,52,3,147,102
128,47,1,357,249
128,48,1,380,266
129,89,1,332,232
129,33,1,71,49
129,87,3,374,261
130,58,2,367,256
130,61,1,436,305
130,44,3,441,308
130,24,1,80,56
131,42,2,389,272
132,34,1,329,230
132,33,3,238,166
132,65,3,343,240
132,56,1,114,79
132,31,3,222,155
133,50,2,270,189
134,49,2,231,161
134,35,1,360,251
134,17,3,105,73
134,29,3,78,54
134,99,1,314,219
135,29,3,104,72
135,43,1,488,341
136,25,2,65,45
136,60,3,411,287
136,100,1,232,162
136,11,3,428,299
137,77,1,280,196
137,29,1,249,174
137,58,2,189,132
137,79,2,426,298
138,35,1,204,142
138,65,1,416,291
138,35,1,115,80
138,73,3,487,340
139,73,2,248,173
139,91,1,271,189
139,100,1,306,214
139,31,2,425,297
140,16,1,492,344
140,20,1,384,268
140,1,1,69,48
140,2,2,407,284
141,56,1,357,249
142,64,1,221,154
142,38,1,216,151
142,71,3,451,315
143,9,1,489,342
143,91,2,363,254
143,40,1,303,212
143,100,1,492,344
144,6,1,497,347
145,27,2,439,307
145,81,1,443,310
145,25,2,120,84
145,59,1,488,341
145,39,1,420,294
146,74,2,101,70
146,13,1,192,134
147,13,3,481,336
147,82,3,356,249
147,68,2,258,180
148,62,2,373,261
148,29,1,490,343
149,86,1,289,202
149,21,3,293,205
149,5,2,402,281
150,70,2,89,62
150,28,1,494,345
151,98,3,155,108
151,19,1,232,162
152,64,3,200,140
152,22,3,71,49
153,73,1,324,226
153,41,2,478,334
153,63,3,268,187
153,89,2,339,237
153,99,3,268,187
154,31,2,252,176
154,30,1,290,203
154,89,1,368,257
154,33,1,461,322
155,58,1,330,230
156,98,1,288,201
156,24,2,145,101
157,60,2,270,189
157,32,2,117,81
158,72,2,311,217
158,52,2,455,318
158,84,1,450,315
158,76,3,439,307
159,87,2,248,173
159,74,1,416,291
159,75,2,69,48
159,84,2,116,81
160,74,3,194,135
161,94,2,340,237
161,89,3,499,349
161,39,2,413,289
162,19,1,189,132
162,48,1,268,187
162,71,2,193,135
163,43,1,384,268
163,35,2,105,73
163,66,1,77,53
163,62,3,284,198
163,43,3,84,58
164,42,2,238,166
165,12,3,111,77
165,97,1,438,306
165,71,1,139,97
166,37,2,479,335
166,90,3,215,150
167,80,3,153,107
168,86,3,290,203
168,63,3,382,267
168,11,1,188,131
168,97,2,202,141
168,12,1,489,342
169,46,1,220,154
170,70,3,258,180
170,97,1,315,220
170,19,3,330,230
170,27,1,286,200
170,36,3,83,58
171,78,2,172,120
171,13,3,312,218
171,98,1,132,92
171,46,3,164,114
171,62,3,150,105
172,49,2,338,236
172,38,3,245,171
172,92,1,185,129
172,14,2,51,35
173,100,3,371,259
173,30,2,497,347
173,90,1,475,332
174,40,1,149,104
174,8,3,64,44
174,4,2,82,57
175,51,2,462,323
175,51,2,341,238
175,64,3,334,233
175,89,2,327,228
176,45,1,273,191
176,72,3,132,92
177,54,3,264,184
177,31,3,349,244
177,10,2,377,263
178,74,2,260,182
178,86,2,484,338
178,7,3,300,210
178,75,2,315,220
179,59,2,345,241
179,67,2,269,188
179,100,1,275,192
180,61,3,67,46
180,68,2,272,190
181,12,2,166,116
181,20,1,371,259
181,66,3,477,333
181,85,2,172,120
181,71,1,255,178
182,14,2,248,173
182,86,2,232,162
182,89,2,95,66
182,6,2,317,221
182,51,3,344,240
183,25,1,153,107
183,13,1,174,121
183,69,2,481,336
183,98,1,340,237
183,77,2,238,166
184,60,1,123,86
184,23,3,440,308
184,88,2,495,346
185,61,2,80,56
185,18,2,444,310
185,22,3,298,208
186,18,2,274,191
187,76,1,63,44
187,87,2,80,56
187,75,2,57,39
187,32,2,115,80
188,81,2,224,156
189,43,1,422,295
190,96,2,77,53
190,31,2,245,171
190,2,3,97,67
190,48,3,432,302
190,36,2,96,67
191,39,2,232,162
191,64,1,77,53
191,88,3,294,205
191,51,1,201,140
191,17,2,470,329
192,32,2,418,292
192,52,3,262,183
192,31,1,294,205
192,62,3,401,280
193,56,3,407,284
193,64,1,478,334
193,80,3,268,187
193,29,1,476,333
194,48,3,351,245
194,24,3,158,110
194,9,1,347,242
194,79,3,417,291
195,56,3,391,273
195,30,3,57,39
195,17,3,371,259
195,99,2,204,142
196,62,2,73,51
196,43,2,401,280
196,39,2,126,88
197,54,3,99,69
197,68,2,167,116
197,73,2,128,89
198,98,2,405,283
198,89,2,268,187
198,37,2,257,179
199,59,3,249,174
200,79,2,137,95
200,14,3,417,291
200,78,3,463,324
201,64,3,290,203
201,30,3,396,277
201,23,2,302,211
201,60,1,230,161
201,57,1,158,110
202,51,3,455,318
203,29,2,369,258
203,34,3,288,201
203,7,2,210,147
204,83,1,450,315
204,47,3,242,169
204,94,3,193,135
204,95,1,277,193
204,6,3,203,142
205,87,3,152,106
205,69,2,237,165
205,96,2,173,121
205,19,2,443,310
205,94,2,215,150
206,85,3,238,166
206,58,2,98,68
206,86,1,384,268
207,26,2,209,146
208,25,3,136,95
208,19,2,300,210
208,84,1,122,85
208,44,3,172,120
209,67,2,415,290
209,58,1,396,277
209,13,3,155,108
210,27,2,93,65
210,34,3,144,100
210,23,1,60,42
211,57,3,122,85
211,67,1,421,294
212,64,3,359,251
212,26,3,398,278
212,55,1,103,72
213,28,1,87,60
214,95,3,105,73
214,6,3,303,212
214,27,3,176,123
214,71,3,228,159
214,100,2,278,194
215,74,3,454,317
215,97,3,70,49
215,9,1,135,94
215,79,1,408,285
216,24,2,424,296
216,18,3,453,317
216,4,3,168,117
216,32,1,299,209
216,53,2,317,221
217,26,2,353,247
217,73,3,481,336
217,61,2,488,341
218,54,2,325,227
218,98,2,431,301
219,35,2,284,198
219,63,3,316,221
219,28,2,313,219
220,19,1,222,155
221,89,1,341,238
222,75,1,54,37
223,9,3,294,205
223,44,3,479,335
224,84,2,187,130
225,41,1,418,292
226,45,1,482,337
226,48,1,170,118
227,48,3,101,70
227,68,3,156,109
227,77,3,432,302
228,71,3,91,63
229,64,3,56,39
229,4,3,326,228
229,74,3,148,103
230,33,3,396,277
230,58,1,51,35
230,57,3,87,60
230,80,1,385,269
231,12,3,309,216
231,5,1,153,107
232,7,2,53,37
233,100,2,84,58
233,46,1,320,224
233,89,2,463,324
233,42,3,451,315
233,96,1,271,189
234,1,1,87,60
234,19,1,374,261
234,74,1,62,43
234,45,1,231,161
234,84,1,500,350
235,76,1,444,310
235,82,3,490,343
236,65,2,258,180
236,90,3,351,245
237,16,2,491,343
237,92,2,418,292
238,50,1,500,350
238,60,3,258,180
238,60,1,110,77
238,55,2,493,345
239,45,1,311,217
240,81,1,175,122
240,54,1,396,277
240,51,3,233,163
240,55,2,431,301
240,35,2,205,143
241,58,1,301,210
241,57,1,385,269
241,28,3,397,277
242,83,1,409,286
242,60,2,400,280
242,94,1,304,212
242,21,1,58,40
243,12,2,463,324
244,43,1,76,53
244,38,2,457,319
244,55,2,284,198
245,82,1,233,163
246,93,2,160,112
246,10,1,357,249
246,49,2,173,121
246,59,1,98,68
247,75,1,207,144
247,63,2,454,317
248,55,3,218,152
248,27,1,161,112
248,48,3,454,317
249,43,2,216,151
249,32,3,360,251
249,40,2,464,324
249,58,1,271,189
249,37,2,434,303
250,54,1,376,263
250,98,1,150,105
251,98,3,81,56
252,75,2,237,165
252,58,1,371,259
253,10,2,107,74
253,7,3,154,107
253,42,2,366,256
254,27,3,268,187
255,13,1,386,270
255,71,3,345,241
255,47,2,404,282
255,12,2,411,287
255,24,1,387,270
256,61,3,286,200
256,24,1,167,116
256,97,2,305,213
256,22,2,412,288
256,32,3,76,53
257,67,3,228,159
257,65,2,356,249
257,29,2,398,278
257,37,2,336,235
257,83,2,257,179
258,34,1,63,44
258,88,1,387,270
258,47,3,329,230
258,53,2,251,175
258,98,2,277,193
259,67,1,128,89
259,6,1,107,74
260,43,1,440,308
260,29,3,69,48
261,66,2,162,113
261,56,1,299,209
261,21,2,490,343
262,15,3,190,133
263,24,1,217,151
264,43,2,73,51
264,70,3,473,331
264,100,2,288,201
265,11,3,409,286
266,23,1,248,173
266,10,1,163,114
267,77,2,105,73
267,26,1,316,221
267,77,3,309,216
267,50,2,406,284
268,39,2,253,177
268,63,2,306,214
268,18,3,310,217
269,63,1,377,263
269,81,1,374,261
269,93,1,144,100
270,55,2,475,332
271,9,2,126,88
271,73,2,210,147
271,22,1,112,78
271,49,3,201,140
272,25,1,221,154
272,78,1,454,317
272,21,2,184,128
272,34,3,407,284
272,31,2,79,55
273,49,2,492,344
273,29,3,121,84
273,87,2,422,295
273,26,1,421,294
273,89,1,91,63
274,65,3,104,72
275,41,1,55,38
275,80,1,97,67
276,51,1,144,100
276,72,1,302,211
276,54,3,289,202
277,84,2,295,206
277,63,3,214,149
277,46,3,366,256
277,33,1,213,149
277,59,1,426,298
278,98,1,75,52
278,89,1,155,108
278,71,1,315,220
278,55,2,399,279
278,54,2,454,317
279,32,2,55,38
280,98,1,321,224
281,18,1,263,184
281,29,2,273,191
281,48,3,86,60
282,6,3,338,236
283,76,3,473,331
283,24,2,219,153
283,77,1,484,338
283,46,1,58,40
283,43,3,111,77
284,94,2,310,217
284,83,2,456,319
284,53,3,62,43
285,48,1,398,278
285,18,3,354,247
285,99,2,146,102
286,14,3,431,301
286,43,2,205,143
286,54,2,84,58
286,96,1,413,289
286,14,3,294,205
287,58,3,381,266
288,23,1,181,126
288,91,3,195,136
288,42,2,410,287
288,8,3,220,154
288,97,3,286,200
289,75,2,396,277
289,88,3,95,66
289,59,1,156,109
289,34,1,71,49
289,34,1,83,58
290,13,2,221,154
291,44,3,262,183
291,87,2,260,182
292,24,1,81,56
293,71,1,70,49
293,10,2,455,318
293,15,1,214,149
294,29,2,177,123
294,85,1,371,259
294,81,2,179,125
294,93,2,477,333
295,100,3,256,179
296,73,2,476,333
296,36,3,54,37
296,84,1,313,219
296,11,1,103,72
297,81,3,117,81
297,87,2,58,40
297,5,2,484,338
297,99,1,388,271
297,24,1,96,67
298,43,2,154,107
298,8,1,150,105
299,37,1,384,268
300,86,2,431,301
300,66,1,169,118
301,40,1,209,146
302,63,2,389,272
302,83,2,95,66
302,44,1,283,198
303,50,3,242,169
303,9,2,355,248
303,28,1,399,279
303,3,3,252,176
303,15,1,104,72
304,44,3,190,133
305,73,1,152,106
305,87,3,120,84
305,27,1,269,188
305,37,2,288,201
305,22,1,178,124
306,54,3,184,128
306,3,3,252,176
307,46,1,218,152
308,24,3,294,205
308,60,3,261,182
308,9,1,144,100
308,76,3,273,191
309,38,2,91,63
309,11,3,250,175
309,64,1,325,227
310,97,2,101,70
311,2,2,479,335
312,98,3,401,280
313,35,1,447,312
314,87,3,403,282
315,61,1,266,186
315,77,3,486,340
315,31,1,410,287
315,74,3,304,212
316,58,1,379,265
316,70,2,224,156
317,59,2,452,316
317,51,1,101,70
317,94,1,282,197
318,74,1,295,206
318,85,3,264,184
318,54,2,485,339
318,80,2,90,62
319,92,2,127,88
319,5,3,57,39
320,39,2,411,287
320,15,2,455,318
320,92,1,486,340
321,19,3,297,207
321,70,2,185,129
322,41,2,214,149
322,40,3,89,62
322,78,2,93,65
322,84,1,278,194
322,61,3,147,102
323,8,1,279,195
323,31,1,396,277
323,3,1,115,80
323,50,2,410,287
323,90,2,278,194
324,89,1,402,281
324,29,1,408,285
325,22,3,69,48
326,12,3,64,44
326,38,3,469,328
326,80,1,476,333
327,94,2,169,118
327,65,2,328,229
327,55,3,295,206
327,34,2,231,161
328,97,3,481,336
328,32,3,337,235
328,92,3,243,170
328,48,3,398,278
328,86,3,370,259
329,49,1,232,162
330,92,3,320,224
330,45,1,238,166
330,47,1,86,60
330,74,1,179,125
330,25,2,409,286
331,56,3,459,321
331,54,2,167,116
332,87,3,253,177
332,75,1,392,274
332,3,3,339,237
333,74,2,236,165
333,71,3,216,151
333,13,3,432,302
333,24,3,284,198
333,56,3,423,296
334,29,1,67,46
334,3,1,197,137
334,62,1,399,279
334,40,2,69,48
335,95,3,130,91
335,64,2,338,236
335,92,2,458,320
335,64,3,485,339
336,60,2,104,72
336,11,2,450,315
336,60,3,283,198
336,23,1,126,88
336,36,1,250,175
337,95,2,386,270
337,82,1,235,164
338,72,2,455,318
338,62,1,66,46
338,16,1,280,196
338,67,3,168,117
339,54,3,291,203
339,95,2,195,136
340,33,2,473,331
340,45,3,400,280
340,16,2,468,327
341,51,3,414,289
341,5,3,438,306
341,52,2,346,242
341,87,1,338,236
341,64,1,473,331
342,100,3,100,70
343,11,3,484,338
343,23,1,296,207
343,93,3,350,244
344,29,1,175,122
344,18,3,302,211
345,58,2,197,137
345,51,3,273,191
346,66,3,399,279
346,59,1,406,284
346,46,1,56,39
346,16,1,423,296
346,74,1,158,110
347,98,1,425,297
347,30,1,465,325
347,37,1,244,170
348,52,1,313,219
348,27,1,173,121
348,48,1,421,294
349,56,2,91,63
349,66,2,299,209
349,98,1,228,159
349,6,2,248,173
349,65,3,84,58
350,10,2,285,199
350,27,1,202,141
350,51,1,129,90
350,85,2,53,37
351,10,1,212,148
351,95,2,379,265
351,94,1,285,199
351,60,3,218,152
352,97,2,488,341
352,92,1,272,190
352,22,1,126,88
352,3,3,152,106
353,50,2,253,177
353,30,1,394,275
353,18,3,320,224
353,71,2,359,251
354,48,2,174,121
354,86,1,104,72
354,49,2,354,247
354,11,2,376,263
354,28,1,487,340
355,96,1,83,58
355,12,2,156,109
355,98,3,398,278
356,6,3,141,98
357,64,3,453,317
357,87,2,409,286
358,73,3,298,208
359,12,3,413,289
359,1,2,455,318
359,30,2,202,141
359,67,3,449,314
359,4,3,207,144
360,36,1,212,148
360,98,1,435,304
360,84,3,482,337
360,90,1,105,73
361,61,2,218,152
362,24,2,417,291
363,33,3,63,44
363,46,3,211,147
363,51,2,270,189
363,48,1,206,144
364,82,2,184,128
364,22,3,268,187
364,82,2,445,311
364,40,3,145,101
364,44,1,70,49
365,20,3,319,223
365,60,1,364,254
365,48,1,263,184
365,7,1,415,290
365,52,1,225,157
366,92,2,470,329
366,93,1,351,245
366,21,2,82,57
366,96,2,104,72
366,39,1,128,89
367,83,3,367,256
367,22,2,337,235
367,97,1,358,250
367,23,1,300,210
367,26,2,326,228
368,75,1,175,122
369,22,2,179,125
369,62,1,181,126
369,45,1,382,267
369,75,1,392,274
370,70,2,329,230
370,63,3,474,331
370,53,2,234,163
370,74,2,499,349
371,57,3,452,316
372,63,1,251,175
372,45,3,264,184
372,64,1,265,185
372,52,1,118,82
373,2,2,68,47
373,3,2,365,255
373,38,2,73,51
374,39,1,106,74
374,31,2,97,67
374,70,1,357,249
374,41,1,240,168
374,56,1,440,308
375,18,2,269,188
375,62,2,374,261
375,74,2,462,323
375,69,1,138,96
375,3,2,52,36
376,17,3,419,293
376,16,2,85,59
376,29,2,477,333
376,33,1,481,336
376,10,3,345,241
377,3,3,360,251
377,46,1,238,166
377,25,3,143,100
377,9,1,387,270
377,89,2,433,303
378,58,1,176,123
378,66,3,216,151
379,85,3,196,137
380,41,3,132,92
381,63,1,294,205
381,47,3,311,217
381,18,3,302,211
381,64,2,151,105
382,75,2,498,348
382,86,1,74,51
382,17,1,285,199
383,8,2,442,309
383,51,1,173,121
383,58,1,85,59
384,57,1,324,226
384,95,3,478,334
385,26,1,219,153
386,32,2,412,288
386,59,1,153,107
386,23,3,365,255
387,20,1,430,301
387,87,2,204,142
387,48,3,289,202
387,48,2,243,170
388,1,2,102,71
388,1,3,433,303
389,29,1,170,118
389,10,2,395,276
389,66,3,366,256
389,90,3,86,60
390,48,1,240,168
390,12,1,277,193
390,57,1,74,51
391,91,1,386,270
391,20,2,294,205
391,1,2,497,347
392,76,3,67,46
393,48,2,172,120
394,62,2,66,46
394,10,1,365,255
394,21,3,395,276
394,11,3,445,311
395,57,2,255,178
395,42,2,136,95
395,58,2,206,144
395,73,3,70,49
395,69,3,440,308
396,82,2,337,235
396,42,3,172,120
396,29,3,152,106
396,34,2,132,92
397,64,1,490,343
397,57,1,381,266
398,17,3,403,282
398,24,3,241,168
398,68,2,325,227
399,7,3,138,96
399,91,3,210,147
399,47,3,255,178
399,86,2,454,317
399,45,3,342,239
400,35,2,435,304
400,46,2,312,218
400,32,3,482,337
400,75,1,185,129
400,60,3,161,112
401,73,3,132,92
401,66,2,179,125
401,53,3,295,206
401,12,3,480,336
402,98,2,437,305
402,36,3,110,77
402,12,3,304,212
402,51,3,383,268
402,86,1,353,247
403,12,3,120,84
403,36,1,113,79
403,48,2,74,51
403,12,1,59,41
403,78,2,59,41
404,87,1,408,285
404,93,2,341,238
405,6,2,374,261
405,15,3,195,136
405,50,3,264,184
405,27,1,85,59
405,50,3,115,80
406,52,3,421,294
406,99,1,234,163
406,31,1,61,42
406,59,1,407,284
407,70,3,429,300
407,35,3,462,323
407,29,3,350,244
407,74,1,126,88
407,80,2,388,271
408,42,3,449,314
408,86,1,407,284
408,17,3,327,228
409,17,2,163,114
409,17,1,326,228
409,34,2,76,53
409,49,3,122,85
409,59,1,303,212
410,68,3,460,322
410,71,1,208,145
410,10,3,223,156
410,86,3,109,76
411,73,2,83,58
412,85,2,176,123
412,20,1,423,296
412,24,3,354,247
412,87,2,176,123
413,31,3,274,191
413,52,1,191,133
413,65,3,462,323
414,13,2,204,142
414,79,1,124,86
414,38,1,477,333
414,33,1,70,49
414,78,3,319,223
415,56,1,187,130
415,50,2,271,189
415,48,2,178,124
415,39,3,376,263
416,39,1,471,329
416,31,2,210,147
416,49,2,377,263
416,17,3,327,228
417,79,3,267,186
417,71,3,113,79
417,55,2,484,338
417,40,3,400,280
418,26,1,455,318
418,91,3,261,182
418,98,2,65,45
418,89,3,397,277
419,94,1,52,36
420,42,3,366,256
421,50,3,475,332
421,27,2,220,154
421,52,3,482,337
422,17,1,110,77
422,56,2,232,162
423,52,3,60,42
424,19,1,340,237
424,86,2,189,132
425,57,2,244,170
425,36,1,318,222
425,20,3,240,168
425,22,3,245,171
426,90,2,208,145
426,79,3,260,182
426,26,2,401,280
426,23,2,226,158
426,6,3,108,75
427,93,3,479,335
427,8,3,341,238
427,37,3,121,84
427,64,2,55,38
427,35,1,363,254
428,43,3,163,114
428,62,1,96,67
429,53,2,132,92
429,47,1,437,305
430,12,1,493,345
430,21,1,106,74
430,44,2,185,129
430,84,3,122,85
431,55,1,87,60
431,43,1,283,198
431,18,3,63,44
431,52,3,120,84
432,57,1,223,156
432,62,2,209,146
432,14,3,217,151
433,68,1,435,304
433,45,3,343,240
433,37,2,103,72
434,29,3,432,302
434,28,1,143,100
434,75,2,431,301
434,30,3,90,62
434,13,1,412,288
435,5,3,469,328
436,88,3,489,342
437,85,1,215,150
437,58,3,76,53
438,87,3,463,324
438,37,3,312,218
438,86,3,184,128
438,57,3,217,151
439,20,3,95,66
440,57,3,107,74
440,37,1,373,261
440,21,2,267,186
440,11,2,202,141
440,54,1,371,259
441,89,3,161,112
441,41,1,65,45
441,35,3,114,79
441,41,1,407,284
442,84,3,143,100
442,27,2,234,163
442,28,1,133,93
442,51,2,282,197
442,9,3,86,60
443,7,3,213,149
443,56,1,484,338
443,93,1,403,282
443,25,3,119,83
443,23,3,150,105
444,57,3,165,115
445,57,1,350,244
446,56,3,261,182
447,89,3,266,186
448,78,3,302,211
448,14,1,288,201
449,1,2,319,223
449,91,2,275,192
449,81,3,180,125
450,67,2,64,44
450,75,2,112,78
450,33,2,341,238
450,10,3,80,56
450,77,3,304,212
451,54,3,236,165
452,23,2,254,177
452,66,3,89,62
452,11,1,69,48
452,82,1,452,316
453,12,1,148,103
453,96,1,271,189
453,81,3,153,107
454,94,3,482,337
454,39,3,481,336
454,86,1,479,335
454,74,1,378,264
455,42,1,364,254
455,1,2,366,256
455,87,1,423,296
455,67,2,126,88
455,98,2,170,118
456,55,3,134,93
456,4,1,247,172
456,16,2,340,237
456,59,3,210,147
456,86,3,359,251
457,53,2,54,37
457,46,2,437,305
457,78,1,375,262
457,79,2,320,224
458,15,2,61,42
459,84,1,189,132
460,26,2,78,54
461,48,3,251,175
461,40,3,477,333
462,78,3,446,312
462,20,2,190,133
462,50,2,462,323
462,83,3,309,216
463,26,3,469,328
463,15,3,439,307
463,54,3,58,40
464,19,3,332,232
464,15,2,71,49
464,42,3,203,142
464,5,1,258,180
465,67,1,62,43
465,79,3,120,84
465,21,2,300,210
465,82,1,99,69
466,84,2,161,112
466,75,2,277,193
466,43,3,261,182
467,13,2,240,168
467,6,3,68,47
467,56,1,416,291
467,18,2,388,271
468,60,2,447,312
468,30,1,112,78
468,82,2,97,67
469,43,1,330,230
469,81,2,495,346
469,27,3,109,76
470,74,3,90,62
471,71,2,96,67
471,65,2,497,347
472,85,2,229,160
472,98,1,55,38
473,52,3,273,191
473,49,1,209,146
473,13,3,384,268
473,49,3,168,117
473,73,2,58,40
474,68,1,134,93
474,33,3,130,91
474,50,2,222,155
474,80,1,145,101
474,68,1,311,217
475,23,1,140,98
475,13,1,140,98
475,64,3,379,265
475,79,2,199,139
475,39,2,110,77
476,22,3,412,288
476,34,2,192,134
476,95,1,371,259
476,24,3,221,154
477,99,2,298,208
477,23,1,85,59
477,97,3,304,212
477,10,1,494,345
477,7,2,288,201
478,29,1,152,106
479,16,1,51,35
479,57,1,295,206
479,79,2,265,185
479,62,1,429,300
480,53,3,182,127
480,20,1,123,86
481,49,2,447,312
482,9,1,94,65
482,72,2,496,347
482,10,2,411,287
482,21,2,430,301
483,14,3,296,207
484,77,3,158,110
484,45,3,293,205
485,80,3,139,97
485,75,1,487,340
486,5,2,386,270
487,31,2,237,165
487,70,3,85,59
487,35,2,370,259
487,52,2,174,121
488,64,1,346,242
488,24,3,125,87
489,14,2,248,173
489,21,2,325,227
489,86,1,242,169
490,13,2,232,162
491,5,1,266,186
491,75,1,205,143
491,76,2,87,60
491,35,3,384,268
491,71,1,54,37
492,69,2,172,120
493,12,2,461,322
493,57,2,484,338
493,20,1,239,167
493,39,3,378,264
494,29,2,200,140
495,58,3,182,127
495,62,3,445,311
496,49,1,483,338
496,86,3,55,38
496,46,1,209,146
497,23,3,139,97
497,18,3,56,39
497,33,3,55,38
497,7,2,136,95
498,52,3,345,241
498,57,1,314,219
499,64,3,448,313
499,31,1,237,165
500,88,1,263,184
500,15,1,212,148
500,53,3,167,116
501,33,1,275,192
501,50,2,220,154
502,13,1,277,193
502,49,3,247,172
503,98,1,174,121
503,58,2,204,142
503,42,2,455,318
503,24,3,500,350
504,4,1,92,64
504,71,2,354,247
504,17,1,493,345
504,78,2,240,168
505,24,1,300,210
505,43,2,52,36
505,9,1,194,135
505,70,1,179,125
506,69,1,415,290
506,44,3,198,138
506,17,2,124,86
506,69,3,266,186
507,24,2,82,57
507,28,2,240,168
508,1,2,185,129
508,92,3,180,125
508,53,3,78,54
508,21,2,255,178
509,8,1,483,338
509,33,3,284,198
510,53,3,382,267
510,32,2,268,187
510,54,1,234,163
511,34,1,63,44
511,3,2,250,175
511,29,2,277,193
512,11,3,85,59
512,43,1,453,317
513,96,3,241,168
513,29,2,336,235
514,45,1,66,46
514,79,2,342,239
515,39,3,498,348
515,18,2,390,273
515,92,3,281,196
515,26,1,114,79
515,53,1,184,128
516,2,1,421,294
516,56,2,171,119
516,60,3,175,122
516,90,3,202,141
517,97,3,481,336
517,67,3,292,204
517,50,1,362,253
517,66,2,341,238
517,17,2,494,345
518,23,3,301,210
519,21,1,242,169
519,77,3,60,42
519,95,1,216,151
519,67,2,166,116
519,8,3,141,98
520,71,1,192,134
521,12,2,450,315
521,9,1,294,205
521,65,3,260,182
521,73,1,76,53
521,31,3,339,237
522,21,3,64,44
523,10,2,124,86
524,60,1,374,261
524,65,3,217,151
525,23,2,230,161
525,43,3,498,348
525,82,2,357,249
526,73,1,214,149
526,71,1,456,319
526,7,3,111,77
526,36,3,489,342
526,4,3,338,236
527,56,1,244,170
527,55,3,302,211
528,65,2,101,70
529,56,2,122,85
529,5,3,270,189
529,62,2,69,48
530,15,3,316,221
530,79,1,209,146
530,56,1,117,81
531,66,1,317,221
531,10,3,253,177
531,92,3,500,350
532,59,3,312,218
532,61,2,180,125
532,33,2,347,242
533,50,1,218,152
534,90,1,311,217
535,2,2,460,322
535,32,1,257,179
536,13,3,117,81
537,51,2,94,65
537,95,2,136,95
537,90,2,271,189
537,56,1,363,254
537,87,1,387,270
538,56,1,473,331
538,97,2,321,224
538,83,1,256,179
538,36,2,394,275
539,64,2,199,139
539,26,1,221,154
540,82,3,325,227
541,76,2,230,161
541,67,2,96,67
541,90,3,306,214
542,95,3,60,42
542,74,2,442,309
542,1,1,209,146
542,19,1,371,259
543,78,2,274,191
544,35,1,274,191
544,53,2,446,312
544,65,2,442,309
545,65,2,342,239
545,55,3,386,270
545,84,2,498,348
545,37,2,466,326
546,24,1,111,77
546,35,1,74,51
546,55,3,240,168
546,70,2,211,147
546,93,1,440,308
547,38,3,240,168
547,18,2,114,79
547,35,2,86,60
547,72,1,403,282
548,82,2,149,104
548,69,3,429,300
548,74,3,369,258
549,72,1,140,98
549,64,2,331,231
549,13,1,415,290
550,15,2,302,211
550,54,1,292,204
550,1,1,334,233
551,46,2,490,343
552,38,1,485,339
552,52,2,384,268
552,58,1,82,57
552,30,3,344,240
552,10,2,165,115
553,56,1,107,74
553,49,2,96,67
553,14,2,369,258
553,64,3,495,346
553,59,1,101,70
554,52,3,394,275
554,3,1,384,268
554,40,3,424,296
554,18,2,221,154
554,47,1,485,339
555,69,3,388,271
555,91,2,368,257
556,29,3,176,123
556,94,1,396,277
557,82,2,227,158
557,48,3,234,163
558,100,3,388,271
559,14,1,487,340
559,75,1,146,102
559,51,1,359,251
559,32,3,490,343
559,97,1,454,317
560,88,3,161,112
560,16,2,195,136
561,48,2,206,144
561,59,3,103,72
561,30,2,281,196
561,84,2,168,117
562,16,2,470,329
562,72,3,54,37
562,73,1,211,147
562,75,2,198,138
562,32,2,367,256
563,9,2,150,105
563,72,2,371,259
563,50,2,265,185
563,55,1,296,207
564,26,1,177,123
564,29,3,230,161
564,10,1,423,296
564,63,3,99,69
564,95,1,127,88
565,50,2,433,303
565,93,3,437,305
565,90,3,151,105
566,86,2,112,78
566,55,1,423,296
567,6,1,399,279
567,36,2,286,200
568,11,1,98,68
568,91,1,250,175
568,96,2,420,294
568,95,3,490,343
569,75,2,164,114
569,91,3,414,289
569,13,3,475,332
569,34,1,378,264
569,67,1,134,93
570,74,2,368,257
571,21,1,465,325
572,54,2,161,112
572,96,2,362,253
572,22,1,294,205
572,67,2,129,90
573,44,1,84,58
573,90,1,439,307
573,46,2,337,235
574,86,3,187,130
574,86,3,88,61
575,57,1,292,204
575,21,2,419,293
576,2,2,247,172
576,51,3,234,163
576,49,2,97,67
576,4,2,165,115
576,14,1,499,349
577,99,3,182,127
577,71,1,264,184
577,57,3,83,58
578,8,3,140,98
578,95,2,303,212
578,2,2,486,340
579,62,3,248,173
579,28,2,68,47
580,97,1,440,308
581,39,3,257,179
581,98,2,282,197
581,57,1,250,175
581,94,1,107,74
582,15,3,473,331
582,80,2,72,50
582,62,2,199,139
583,56,1,140,98
583,9,3,269,188
583,33,2,182,127
584,68,1,54,37
584,54,3,261,182
584,93,3,89,62
585,55,3,56,39
586,90,3,167,116
586,16,2,87,60
586,71,2,103,72
587,37,1,206,144
587,89,2,406,284
588,80,1,350,244
588,74,3,226,158
588,22,1,485,339
588,78,2,129,90
589,2,1,62,43
589,68,1,201,140
590,51,3,234,163
591,85,3,84,58
591,36,1,198,138
592,2,2,314,219
593,59,1,75,52
593,44,1,308,215
593,51,3,356,249
593,20,1,465,325
594,60,1,194,135
594,46,1,461,322
595,43,1,430,301
595,30,1,296,207
595,17,3,185,129
596,63,1,90,62
596,66,3,117,81
596,68,2,245,171
597,59,1,174,121
597,16,1,129,90
597,89,1,409,286
597,90,3,120,84
598,34,1,415,290
598,45,1,88,61
598,11,1,234,163
598,39,1,208,145
599,95,3,353,247
599,96,1,210,147
599,8,1,432,302
600,31,1,199,139
600,48,1,50,35
600,10,3,377,263
600,63,3,171,119
601,79,2,148,103
601,63,2,193,135
601,74,1,108,75
601,74,2,195,136
602,46,3,52,36
602,60,1,320,224
602,38,2,314,219
603,67,1,138,96
604,44,2,293,205
604,30,1,360,251
604,51,3,278,194
605,90,3,306,214
605,63,3,272,190
605,16,1,403,282
605,79,1,394,275
606,51,2,286,200
606,9,1,272,190
606,6,1,109,76
606,64,1,322,225
607,79,3,395,276
608,75,1,87,60
608,58,2,339,237
609,30,2,59,41
609,82,2,91,63
609,40,1,425,297
609,5,3,68,47
609,15,2,433,303
610,98,3,200,140
610,68,1,233,163
610,23,3,187,130
610,35,1,137,95
610,67,2,304,212
611,13,2,364,254
612,50,3,251,175
612,19,3,247,172
612,81,2,408,285
613,37,2,334,233
613,35,3,173,121
614,65,3,368,257
615,3,2,317,221
615,55,1,171,119
616,20,3,422,295
616,47,1,353,247
616,81,2,366,256
616,4,3,94,65
616,56,1,432,302
617,30,1,369,258
618,41,1,234,163
618,68,2,91,63
619,73,3,222,155
619,14,3,387,270
619,30,2,453,317
619,34,1,370,259
620,19,3,402,281
620,23,1,429,300
621,98,2,496,347
621,36,3,233,163
621,29,1,93,65
622,30,1,458,320
622,83,2,304,212
622,10,3,63,44
622,32,1,93,65
623,16,2,59,41
623,58,3,233,163
623,88,3,141,98
623,91,3,428,299
624,89,1,480,336
624,83,2,361,252
624,79,3,393,275
624,91,3,85,59
625,16,2,274,191
626,76,2,216,151
626,47,2,256,179
626,35,2,300,210
626,26,2,242,169
627,27,1,251,175
627,88,1,345,241
627,56,1,332,232
627,30,2,429,300
627,6,1,423,296
628,37,1,497,347
629,23,1,62,43
629,82,2,60,42
630,50,2,200,140
630,8,2,157,109
630,5,3,462,323
630,72,1,105,73
630,7,3,347,242
631,8,1,400,280
631,17,3,138,96
631,7,2,489,342
631,89,1,242,169
632,76,3,448,313
632,85,2,129,90
632,32,3,494,345
632,38,1,78,54
632,30,2,202,141
633,4,2,79,55
633,1,2,117,81
633,59,1,108,75
633,5,2,120,84
634,65,2,356,249
634,80,3,293,205
634,24,1,103,72
635,35,1,227,158
635,42,3,243,170
635,68,3,355,248
635,29,1,97,67
636,46,1,442,309
636,22,3,294,205
637,82,3,497,347
638,55,3,462,323
638,70,3,353,247
639,69,1,412,288
639,63,2,390,273
640,65,2,277,193
640,57,2,467,326
640,21,3,53,37
640,76,2,369,258
640,6,3,485,339
641,50,1,470,329
642,93,2,374,261
642,1,1,188,131
643,96,2,399,279
643,52,1,447,312
644,83,3,398,278
644,75,1,467,326
644,5,3,186,130
645,18,1,435,304
645,6,1,422,295
645,41,2,324,226
645,8,2,454,317
645,10,3,346,242
646,67,1,444,310
646,78,3,317,221
646,30,2,258,180
647,71,3,304,212
648,17,1,125,87
649,36,3,427,298
649,92,1,290,203
649,78,1,174,121
649,13,3,271,189
649,33,1,68,47
650,55,3,491,343
650,93,2,357,249
650,61,2,186,130
650,12,1,154,107
651,53,2,366,256
651,88,3,329,230
651,16,1,214,149
652,69,2,401,280
652,59,2,155,108
652,3,3,57,39
653,75,1,441,308
654,94,3,340,237
654,85,3,130,91
655,2,2,409,286
655,49,2,381,266
655,74,3,490,343
656,10,3,102,71
656,20,2,193,135
657,83,1,373,261
657,40,1,249,174
658,16,2,134,93
659,69,3,345,241
660,83,1,102,71
660,38,1,168,117
660,90,1,272,190
660,15,1,393,275
660,27,2,373,261
661,64,1,477,333
662,22,3,438,306
662,19,1,229,160
662,8,1,489,342
662,10,3,70,49
663,42,2,231,161
663,10,2,426,298
663,43,2,349,244
663,58,3,364,254
664,53,2,494,345
664,88,1,203,142
664,59,1,492,344
665,32,2,499,349
665,11,1,400,280
666,63,1,184,128
666,97,2,409,286
666,88,1,427,298
667,30,3,484,338
667,16,2,243,170
667,50,3,104,72
667,26,2,254,177
668,22,1,288,201
668,71,2,347,242
668,72,1,264,184
668,84,2,352,246
668,17,2,349,244
669,77,3,200,140
669,6,1,497,347
669,53,1,139,97
670,90,3,468,327
670,64,2,435,304
671,20,3,78,54
671,24,1,99,69
671,31,3,209,146
672,85,3,347,242
672,40,1,354,247
673,76,2,96,67
673,77,1,50,35
674,55,3,407,284
674,63,2,170,118
674,47,3,268,187
675,11,1,178,124
675,79,2,129,90
675,76,3,471,329
676,99,3,448,313
676,65,1,139,97
677,65,1,357,249
677,46,1,218,152
678,41,2,223,156
678,88,3,467,326
679,49,1,409,286
679,19,1,383,268
679,63,1,220,154
680,32,3,496,347
680,44,2,479,335
680,20,1,370,259
680,16,3,141,98
681,42,1,376,263
681,87,3,199,139
681,10,3,137,95
681,78,2,120,84
681,43,3,414,289
682,99,2,87,60
682,65,1,70,49
683,66,2,439,307
683,94,2,302,211
683,46,3,154,107
683,88,2,353,247
683,64,3,499,349
684,9,2,450,315
684,66,1,435,304
684,46,3,346,242
685,48,2,296,207
685,91,2,216,151
685,86,1,301,210
685,68,2,246,172
685,7,1,415,290
686,21,1,310,217
687,90,2,367,256
687,64,2,432,302
687,52,1,477,333
687,8,2,221,154
687,78,1,443,310
688,40,3,181,126
688,74,3,51,35
688,94,3,438,306
688,92,2,55,38
689,40,3,207,144
689,6,1,203,142
690,32,3,430,301
690,20,2,232,162
690,3,1,155,108
690,67,2,268,187
691,92,3,250,175
692,29,1,492,344
692,27,3,480,336
692,59,3,221,154
692,26,1,124,86
693,68,3,419,293
693,39,3,418,292
693,19,1,102,71
693,60,2,448,313
693,10,3,149,104
694,19,2,466,326
694,86,3,468,327
695,34,2,280,196
695,24,1,198,138
695,93,3,84,58
696,88,1,188,131
696,76,1,199,139
696,23,3,56,39
696,57,3,462,323
697,4,3,159,111
698,29,1,74,51
698,88,2,329,230
698,56,2,365,255
699,13,3,253,177
700,98,1,289,202
700,7,2,321,224
700,20,1,301,210
700,52,2,102,71
701,5,3,343,240
701,16,3,385,269
702,99,1,176,123
702,46,1,120,84
702,12,1,59,41
703,44,1,113,79
703,76,3,98,68
703,81,1,454,317
704,18,2,483,338
704,38,2,313,219
704,79,2,412,288
705,2,1,442,309
705,57,1,437,305
706,40,2,285,199
706,76,3,436,305
706,44,3,130,91
707,73,3,282,197
707,70,3,344,240
707,93,2,215,150
707,95,2,367,256
708,61,1,258,180
708,20,2,249,174
708,18,2,473,331
709,5,1,185,129
709,4,2,131,91
709,79,3,418,292
709,47,1,203,142
710,10,1,265,185
710,14,1,276,193
710,75,2,171,119
711,4,3,241,168
711,97,1,339,237
712,54,2,158,110
712,89,3,259,181
712,89,2,155,108
712,7,3,172,120
713,81,3,421,294
713,71,3,407,284
713,33,2,434,303
713,92,3,460,322
714,80,2,204,142
714,91,2,191,133
715,26,2,206,144
715,70,1,490,343
715,24,3,304,212
715,82,3,143,100
715,34,3,375,262
716,63,1,259,181
716,81,1,220,154
717,19,3,421,294
718,56,3,374,261
718,14,2,299,209
719,51,2,97,67
719,100,1,149,104
719,2,2,469,328
719,95,1,212,148
720,38,3,180,125
720,9,1,231,161
720,73,3,147,102
720,66,2,406,284
720,56,3,53,37
721,16,1,265,185
721,23,2,493,345
721,83,3,213,149
721,40,2,259,181
722,77,3,252,176
722,82,1,419,293
722,67,2,102,71
722,94,1,337,235
722,76,3,351,245
723,36,2,415,290
723,6,3,79,55
723,96,3,380,266
723,24,1,114,79
723,67,3,338,236
724,21,2,361,252
724,90,2,173,121
724,6,2,142,99
724,89,3,200,140
725,62,1,143,100
726,12,3,233,163
726,72,1,154,107
726,83,3,195,136
726,13,1,375,262
727,84,1,351,245
727,92,1,193,135
728,98,3,230,161
728,9,2,437,305
728,39,1,292,204
729,31,2,194,135
730,99,2,85,59
730,72,2,252,176
731,95,3,405,283
732,14,2,446,312
732,24,3,432,302
732,46,2,206,144
732,88,3,119,83
733,24,3,96,67
733,71,2,94,65
734,37,3,328,229
734,47,1,243,170
734,7,1,353,247
734,43,2,356,249
735,65,2,240,168
735,5,3,450,315
735,43,2,195,136
736,92,3,341,238
736,38,2,310,217
736,58,3,153,107
737,35,2,226,158
737,6,2,309,216
737,52,2,470,329
737,53,2,274,191
737,15,2,261,182
738,84,3,177,123
738,98,2,201,140
739,36,1,81,56
739,21,3,160,112
739,24,2,301,210
739,25,1,457,319
739,17,2,122,85
740,88,1,287,200
740,59,3,392,274
740,9,1,415,290
740,59,3,388,271
741,2,1,92,64
741,71,3,346,242
741,50,3,338,236
742,33,1,366,256
743,64,3,305,213
743,78,3,174,121
743,59,2,224,156
743,6,3,57,39
743,52,1,356,249
744,13,2,140,98
744,29,1,290,203
744,83,3,111,77
744,96,2,189,132
745,96,2,453,317
746,16,1,223,156
746,2,1,428,299
746,58,2,116,81
746,49,2,198,138
747,23,2,303,212
747,55,2,110,77
748,37,2,352,246
748,66,2,215,150
749,58,2,272,190
749,83,2,87,60
750,28,2,264,184
750,23,1,115,80
751,100,3,220,154
751,44,2,262,183
752,42,2,155,108
752,59,1,188,131
753,59,1,477,333
753,34,2,485,339
754,58,1,407,284
754,78,2,248,173
754,22,2,112,78
754,26,1,265,185
755,44,3,176,123
755,59,1,368,257
755,91,2,106,74
755,29,3,85,59
755,91,2,219,153
756,41,1,437,305
756,33,1,202,141
756,54,3,102,71
756,56,1,480,336
757,63,2,264,184
757,21,2,302,211
757,35,3,113,79
757,8,1,496,347
758,60,3,201,140
758,76,2,187,130
758,73,1,370,259
759,50,1,307,214
759,30,1,250,175
759,33,3,255,178
759,70,1,381,266
760,25,3,497,347
760,55,3,385,269
761,53,2,169,118
761,50,2,58,40
762,51,2,300,210
762,27,2,454,317
762,69,2,362,253
763,11,2,129,90
763,39,3,462,323
763,45,2,380,266
763,34,1,208,145
763,98,1,432,302
764,2,2,139,97
764,84,3,164,114
764,98,1,62,43
765,49,2,414,289
765,77,2,289,202
766,32,3,61,42
766,28,3,50,35
767,50,2,490,343
767,38,2,79,55
767,65,3,132,92
767,81,2,51,35
768,89,2,172,120
768,20,1,498,348
768,66,2,314,219
769,42,1,195,136
769,91,3,471,329
769,73,1,387,270
770,87,1,448,313
770,6,3,405,283
771,21,1,163,114
771,42,2,349,244
772,45,3,143,100
773,39,2,439,307
773,4,2,441,308
773,84,3,362,253
773,18,2,356,249
773,9,2,89,62
774,2,2,393,275
774,52,1,359,251
774,66,1,185,129
775,67,2,271,189
775,53,3,157,109
775,47,1,75,52
776,93,3,410,287
777,70,1,413,289
777,58,2,421,294
777,23,2,228,159
777,85,1,333,233
778,28,3,144,100
778,84,1,319,223
779,40,1,267,186
779,51,2,95,66
779,47,3,54,37
779,67,1,487,340
779,93,3,362,253
780,64,3,205,143
780,65,1,162,113
780,26,2,266,186
780,67,1,325,227
780,68,1,127,88
781,34,1,424,296
781,9,1,413,289
781,51,2,168,117
782,6,2,452,316
782,78,3,83,58
782,61,2,134,93
783,14,1,366,256
783,43,3,158,110
783,28,3,435,304
783,10,2,395,276
783,6,2,184,128
784,96,2,260,182
784,82,2,252,176
784,7,2,138,96
785,19,2,440,308
785,55,1,224,156
785,52,2,249,174
785,30,1,52,36
785,31,2,177,123
786,57,3,252,176
787,98,3,113,79
787,55,3,76,53
788,2,2,330,230
788,13,3,483,338
788,98,2,438,306
788,75,1,139,97
789,62,3,323,226
789,24,2,282,197
789,89,3,131,91
789,79,3,390,273
790,26,2,100,70
791,26,3,292,204
791,52,3,494,345
791,87,2,59,41
792,82,3,365,255
792,32,2,299,209
792,81,2,361,252
793,39,3,494,345
794,73,3,111,77
794,99,3,98,68
794,62,1,105,73
794,75,2,300,210
794,33,3,140,98
795,63,1,107,74
795,40,2,213,149
795,52,2,233,163
795,79,3,315,220
795,26,3,225,157
796,30,2,392,274
796,9,2,481,336
796,46,3,321,224
796,29,2,428,299
796,9,3,148,103
797,29,2,401,280
797,65,3,489,342
798,92,2,161,112
798,32,3,177,123
798,28,1,491,343
798,46,1,205,143
799,13,2,86,60
799,95,2,245,171
799,29,1,175,122
800,42,3,120,84
801,75,3,305,213
801,69,1,131,91
801,98,1,208,145
801,57,3,345,241
802,100,1,400,280
802,64,1,361,252
802,20,2,56,39
802,6,2,236,165
802,40,1,208,145
803,25,1,112,78
803,55,3,439,307
803,9,1,179,125
803,20,1,193,135
803,27,3,241,168
804,74,2,478,334
804,96,3,268,187
805,89,2,85,59
805,82,3,133,93
805,18,2,435,304
805,9,2,83,58
806,32,1,107,74
806,64,1,345,241
807,75,2,490,343
807,94,2,327,228
807,100,3,486,340
807,87,1,245,171
807,55,3,54,37
808,19,1,357,249
809,73,1,394,275
809,40,2,95,66
810,30,3,66,46
811,6,3,283,198
811,74,3,293,205
811,99,3,491,343
811,43,2,444,310
811,78,3,247,172
812,93,2,172,120
813,48,2,422,295
813,34,3,143,100
813,18,2,259,181
814,60,3,127,88
814,6,2,342,239
814,29,3,126,88
814,10,3,426,298
815,70,3,196,137
815,62,1,142,99
815,63,2,178,124
816,72,3,73,51
816,61,1,283,198
816,41,1,244,170
816,2,1,381,266
817,45,3,476,333
818,19,1,196,137
818,36,3,401,280
818,47,2,230,161
818,34,2,441,308
819,27,3,199,139
819,91,2,185,129
820,7,2,265,185
820,87,3,223,156
820,86,1,431,301
821,56,3,407,284
822,29,1,335,234
822,37,3,466,326
822,94,3,245,171
822,55,1,257,179
823,15,3,219,153
824,21,3,154,107
824,37,3,228,159
824,62,1,492,344
824,71,1,174,121
825,95,2,379,265
825,69,3,447,312
826,35,2,138,96
826,28,2,133,93
826,74,3,144,100
826,18,2,430,301
827,18,3,166,116
828,32,1,368,257
828,53,2,121,84
828,17,2,342,239
828,93,1,423,296
828,65,1,99,69
829,3,1,246,172
829,53,2,392,274
830,40,1,146,102
831,66,2,216,151
831,19,2,439,307
831,59,1,103,72
831,73,2,332,232
831,75,1,468,327
832,19,2,438,306
832,52,1,231,161
832,44,1,494,345
833,81,1,222,155
834,58,3,251,175
834,68,2,297,207
834,31,1,369,258
834,4,3,347,242
834,68,2,496,347
835,2,3,476,333
836,59,3,411,287
836,1,3,269,188
836,41,3,174,121
837,87,1,357,249
837,12,3,160,112
837,31,1,380,266
837,90,2,465,325
838,36,1,249,174
839,25,1,403,282
839,20,1,57,39
840,53,2,80,56
840,9,2,221,154
841,33,2,88,61
841,68,2,424,296
841,47,1,319,223
841,9,3,273,191
841,31,2,443,310
842,47,2,332,232
842,2,3,64,44
842,18,2,262,183
843,41,3,66,46
843,45,2,417,291
843,4,3,312,218
843,16,3,165,115
843,49,1,363,254
844,19,2,124,86
845,59,2,59,41
845,49,1,407,284
845,75,1,99,69
845,65,2,333,233
846,26,2,162,113
846,28,2,135,94
846,7,2,332,232
846,96,1,483,338
847,35,1,459,321
847,65,2,164,114
847,98,2,330,230
847,75,1,313,219
847,57,3,384,268
848,65,2,494,345
849,19,2,272,190
849,11,3,389,272
849,57,1,480,336
850,43,2,436,305
850,95,2,117,81
850,78,2,327,228
850,96,2,139,97
851,84,1,469,328
851,22,2,129,90
852,19,3,400,280
852,80,3,274,191
852,21,1,455,318
852,57,1,254,177
853,86,1,354,247
853,96,1,418,292
853,65,1,465,325
853,38,3,112,78
853,49,2,90,62
854,18,1,350,244
854,96,2,190,133
855,39,3,317,221
855,12,2,220,154
855,91,1,255,178
855,38,1,485,339
855,42,3,245,171
856,72,3,184,128
856,36,2,348,243
856,20,2,323,226
856,48,2,95,66
857,28,3,303,212
857,52,1,433,303
857,8,2,470,329
858,2,3,171,119
858,15,3,117,81
859,79,1,424,296
859,29,1,348,243
859,29,3,314,219
860,5,2,305,213
860,19,2,202,141
861,40,3,469,328
861,36,2,374,261
861,49,3,244,170
862,57,3,252,176
862,83,2,245,171
862,8,3,294,205
862,88,2,473,331
863,83,2,422,295
863,6,1,79,55
863,68,3,217,151
864,72,3,491,343
864,89,2,295,206
864,4,3,353,247
864,58,2,394,275
865,29,2,178,124
865,89,2,99,69
865,72,3,177,123
865,69,3,350,244
865,31,1,367,256
866,40,3,387,270
867,97,2,241,168
868,82,3,255,178
868,39,3,238,166
869,44,2,295,206
870,47,2,202,141
870,92,2,384,268
870,69,2,97,67
870,89,1,52,36
871,44,2,461,322
872,75,2,444,310
873,75,3,325,227
874,68,1,102,71
874,32,3,277,193
874,32,3,426,298
874,33,3,274,191
874,89,2,490,343
875,11,1,85,59
876,81,2,189,132
876,9,2,414,289
876,41,3,198,138
876,84,3,367,256
877,93,3,237,165
877,43,1,429,300
878,22,1,62,43
878,4,3,234,163
878,58,3,159,111
878,33,1,305,213
878,9,2,270,189
879,69,3,399,279
880,78,3,494,345
880,29,2,198,138
880,11,3,160,112
881,90,2,499,349
881,35,2,307,214
881,95,3,327,228
882,33,1,204,142
882,17,1,74,51
883,81,3,110,77
883,10,3,358,250
883,38,2,211,147
884,56,3,378,264
885,85,3,122,85
885,90,3,200,140
886,34,3,198,138
886,92,1,268,187
887,1,2,479,335
888,76,3,396,277
889,68,2,145,101
890,9,1,439,307
890,6,2,361,252
890,50,2,406,284
891,49,3,267,186
891,61,2,174,121
891,56,3,403,282
891,65,3,423,296
892,45,3,122,85
892,93,1,70,49
893,54,3,173,121
893,14,1,139,97
893,9,2,194,135
893,56,3,482,337
894,76,1,144,100
894,54,3,322,225
895,85,1,346,242
896,18,1,285,199
896,2,3,110,77
897,99,2,473,331
897,46,1,286,200
897,33,3,322,225
898,79,3,431,301
898,36,1,98,68
898,73,3,419,293
899,18,2,147,102
899,11,3,497,347
900,6,3,152,106
900,57,1,330,230
901,72,2,410,287
901,15,1,130,91
901,35,2,418,292
901,89,1,183,128
901,51,1,373,261
902,12,1,328,229
902,15,3,322,225
902,1,1,64,44
902,28,1,350,244
902,72,3,397,277
903,86,1,356,249
903,13,1,179,125
904,95,1,165,115
904,73,2,364,254
905,49,2,259,181
905,45,2,357,249
905,89,1,189,132
906,9,1,199,139
907,44,1,408,285
907,26,1,300,210
907,19,1,268,187
908,97,3,191,133
908,82,2,234,163
908,19,1,189,132
908,39,1,69,48
909,45,3,380,266
909,43,1,84,58
909,33,1,247,172
910,27,1,321,224
910,20,1,430,301
910,90,1,77,53
910,43,3,184,128
911,93,2,449,314
911,98,2,126,88
911,23,2,450,315
912,62,2,401,280
912,6,2,401,280
913,46,1,132,92
913,68,2,205,143
914,11,2,281,196
914,84,2,448,313
914,53,1,296,207
914,41,1,114,79
915,31,2,81,56
915,55,1,398,278
915,26,1,102,71
916,93,3,244,170
916,9,3,64,44
916,64,2,89,62
916,79,1,389,272
916,82,2,66,46
917,69,3,248,173
917,21,3,280,196
917,31,2,448,313
917,61,1,219,153
918,59,2,313,219
918,79,2,323,226
918,73,2,191,133
919,57,3,143,100
919,76,1,392,274
919,64,2,218,152
920,63,3,389,272
920,98,1,246,172
921,13,2,469,328
921,70,1,63,44
921,8,3,264,184
921,30,2,206,144
922,31,2,457,319
922,46,3,210,147
922,9,3,449,314
923,9,2,307,214
923,35,2,318,222
923,29,3,375,262
923,22,1,77,53
923,24,3,93,65
924,70,2,337,235
924,83,2,63,44
924,57,2,496,347
924,16,1,158,110
924,52,1,100,70
925,37,2,168,117
925,80,1,227,158
925,68,1,91,63
925,2,2,303,212
926,73,1,362,253
927,17,3,177,123
927,5,2,361,252
928,8,3,231,161
928,84,1,462,323
929,57,2,75,52
929,92,2,145,101
930,46,2,203,142
931,69,1,398,278
931,58,2,500,350
931,7,3,95,66
931,82,3,98,68
932,92,3,118,82
932,84,2,103,72
932,71,2,350,244
932,57,1,127,88
932,75,1,433,303
933,6,1,206,144
933,8,3,365,255
933,97,3,438,306
934,90,3,99,69
934,1,2,147,102
934,60,2,73,51
935,91,1,482,337
936,79,1,401,280
936,70,1,188,131
936,37,1,314,219
937,29,1,210,147
938,4,2,376,263
938,58,3,135,94
938,54,2,424,296
939,33,3,357,249
939,23,1,53,37
939,34,3,452,316
939,98,2,498,348
939,86,1,442,309
940,14,3,131,91
940,14,1,251,175
940,57,1,202,141
940,85,2,432,302
940,2,1,200,140
941,36,3,101,70
941,15,3,57,39
941,74,1,179,125
941,3,3,203,142
941,42,3,124,86
942,45,1,304,212
942,43,1,305,213
942,59,3,393,275
942,41,2,142,99
942,88,1,256,179
943,81,3,321,224
944,84,3,103,72
945,12,3,159,111
945,61,3,136,95
945,3,3,287,200
945,54,3,317,221
946,41,3,469,328
946,54,3,325,227
947,47,3,83,58
948,75,3,172,120
948,60,3,61,42
948,32,1,447,312
949,6,2,280,196
949,27,2,167,116
949,3,3,326,228
949,90,1,445,311
950,41,1,496,347
950,75,2,353,247
951,53,3,205,143
951,46,2,371,259
951,97,2,188,131
952,85,1,464,324
953,65,1,194,135
954,80,2,459,321
954,79,1,132,92
954,43,2,345,241
955,59,3,106,74
955,87,2,164,114
955,85,2,383,268
956,80,1,357,249
956,2,1,109,76
956,88,3,451,315
956,16,1,274,191
957,60,1,342,239
957,6,1,257,179
957,28,3,461,322
957,82,2,226,158
958,64,2,111,77
958,91,3,121,84
959,70,1,65,45
959,22,1,118,82
959,70,2,410,287
960,67,1,416,291
960,24,2,102,71
960,78,2,487,340
960,92,1,346,242
960,41,1,382,267
961,64,3,246,172
961,96,3,238,166
961,41,2,305,213
961,42,3,64,44
962,85,2,297,207
962,21,2,275,192
962,64,3,152,106
962,69,3,372,260
962,8,1,158,110
963,2,1,258,180
963,39,1,221,154
963,22,2,425,297
964,45,3,253,177
964,73,1,438,306
964,42,3,302,211
964,4,2,65,45
965,92,3,385,269
965,19,3,253,177
965,33,1,141,98
965,44,2,490,343
965,51,2,324,226
966,49,2,74,51
966,58,1,88,61
966,24,2,472,330
967,13,1,465,325
967,32,2,268,187
968,70,1,418,292
968,38,1,270,189
968,18,2,282,197
969,85,2,206,144
969,65,1,370,259
969,12,1,104,72
969,1,1,138,96
970,28,1,117,81
970,97,1,83,58
970,95,2,474,331
971,1,3,263,184
971,94,2,243,170
971,56,1,163,114
971,43,1,356,249
971,35,2,411,287
972,77,3,159,111
972,68,1,424,296
972,87,2,485,339
972,29,3,432,302
973,65,3,247,172
973,28,1,394,275
973,40,3,367,256
974,35,2,397,277
974,79,1,306,214
974,60,1,140,98
975,99,3,463,324
975,96,2,212,148
975,82,2,151,105
975,74,3,260,182
975,20,3,462,323
976,29,1,299,209
976,45,3,393,275
977,68,3,440,308
977,55,3,53,37
977,41,3,276,193
977,1,2,321,224
978,41,3,245,171
979,29,2,353,247
979,65,3,53,37
979,23,1,83,58
979,25,3,332,232
980,38,3,214,149
981,96,1,115,80
981,90,3,87,60
982,89,3,300,210
982,57,1,246,172
982,87,1,278,194
982,97,2,327,228
983,73,2,260,182
983,85,2,208,145
983,30,2,208,145
984,19,3,226,158
984,62,3,304,212
984,95,2,213,149
984,23,1,283,198
984,70,3,160,112
985,41,3,226,158
985,62,2,283,198
985,30,1,166,116
985,65,2,412,288
986,76,3,474,331
986,98,2,382,267
987,41,2,329,230
988,46,2,134,93
989,89,2,219,153
989,84,1,331,231
989,20,3,344,240
990,23,1,446,312
990,83,2,278,194
990,55,3,483,338
990,62,3,448,313
991,76,1,172,120
992,6,3,442,309
993,19,3,464,324
993,59,1,50,35
993,14,2,173,121
993,9,2,310,217
994,66,1,478,334
994,31,1,138,96
995,51,1,414,289
995,64,3,349,244
995,63,3,140,98
995,38,2,135,94
996,79,1,109,76
996,6,1,282,197
997,50,1,150,105
997,96,1,456,319
998,60,1,415,290
998,24,2,95,66
998,77,2,143,100
998,95,3,237,165
998,92,3,242,169
999,83,2,474,331
999,100,1,227,158
999,14,2,235,164
1000,66,2,86,60
1001,53,1,101,70
1001,52,3,385,269
1001,4,3,349,244
1002,16,1,473,331
1002,99,3,155,108
1002,92,2,321,224
1002,47,1,387,270
1002,11,1,488,341
1003,57,3,421,294
1003,56,2,445,311
1003,87,3,116,81
1004,11,1,104,72
1004,24,1,257,179
1005,77,3,426,298
1005,45,2,188,131
1006,24,3,318,222
1007,1,2,310,217
1008,78,3,168,117
1008,94,2,385,269
1008,80,1,437,305
1008,81,1,440,308
1008,84,3,399,279
1009,4,2,124,86
1009,11,2,284,198
1009,58,2,349,244
1010,68,2,475,332
1011,56,2,281,196
1012,19,3,350,244
1013,29,3,404,282
1013,32,1,288,201
1013,88,2,127,88
1013,49,2,394,275
1014,26,2,196,137
1014,15,3,283,198
1014,97,3,273,191
1014,81,2,451,315
1014,29,1,400,280
1015,1,2,218,152
1015,43,3,108,75
1015,100,2,466,326
1015,100,3,58,40
1016,81,2,372,260
1017,25,3,386,270
1017,5,2,275,192
1017,60,2,363,254
1018,36,1,495,346
1018,63,1,169,118
1019,8,3,485,339
1020,27,1,495,346
1021,32,1,387,270
1021,47,1,337,235
1022,18,3,69,48
1023,73,3,314,219
1023,6,2,197,137
1023,79,3,62,43
1023,42,2,276,193
1024,45,2,325,227
1024,39,3,83,58
1025,31,3,171,119
1025,54,2,363,254
1025,31,1,82,57
1026,91,2,189,132
1026,75,2,101,70
1027,30,1,76,53
1027,99,2,272,190
1028,71,1,324,226
1028,54,2,287,200
1029,65,2,299,209
1030,42,1,190,133
1030,69,1,55,38
1031,1,1,196,137
1031,45,2,354,247
1031,54,1,136,95
1031,83,3,298,208
1031,12,1,118,82
1032,41,2,229,160
1032,43,3,153,107
1032,48,3,263,184
1032,40,1,173,121
1033,24,1,477,333
1033,96,2,406,284
1033,91,2,236,165
1034,40,3,496,347
1034,99,2,150,105
1035,48,3,107,74
1035,18,1,431,301
1035,59,2,97,67
1035,2,3,54,37
1035,30,3,217,151
1036,62,1,404,282
1036,1,2,185,129
1036,22,3,413,289
1036,93,1,488,341
1037,14,2,426,298
1037,40,3,254,177
1037,30,3,222,155
1037,62,2,255,178
1037,37,1,435,304
1038,13,1,87,60
1038,51,2,59,41
1039,87,1,479,335
1040,31,2,236,165
1040,66,1,457,319
1041,71,2,149,104
1041,50,3,431,301
1041,36,3,462,323
1041,76,2,232,162
1041,73,3,149,104
1042,6,2,155,108
1042,63,3,196,137
1043,2,1,55,38
1043,42,3,79,55
1043,99,2,77,53
1044,83,1,426,298
1044,86,2,460,322
1044,61,1,483,338
1045,13,3,223,156
1045,34,1,219,153
1045,99,2,382,267
1045,83,1,473,331
1046,66,2,329,230
1046,64,3,143,100
1046,73,2,376,263
1046,88,2,402,281
1046,93,1,292,204
1047,18,3,453,317
1047,98,2,322,225
1047,98,1,310,217
1047,62,2,225,157
1047,60,2,108,75
1048,98,1,445,311
1048,51,1,336,235
1048,99,1,342,239
1048,7,2,394,275
1049,15,2,248,173
1049,9,2,300,210
1049,18,1,359,251
1050,95,3,296,207
1050,16,1,229,160
1050,3,1,276,193
1051,65,1,112,78
1051,99,1,487,340
1051,29,2,307,214
1052,19,2,273,191
1052,73,2,239,167
1052,7,3,188,131
1053,87,2,243,170
1053,11,2,109,76
1054,67,2,135,94
1054,63,3,144,100
1055,48,2,441,308
1055,76,2,94,65
1056,40,1,379,265
1057,80,3,141,98
1057,61,3,403,282
1058,81,2,355,248
1058,29,2,452,316
1058,75,3,326,228
1058,17,3,487,340
1059,34,3,466,326
1059,66,3,200,140
1059,99,2,469,328
1059,64,2,441,308
1060,12,2,350,244
1061,31,1,468,327
1061,79,3,191,133
1062,29,2,210,147
1062,91,1,328,229
1063,31,2,235,164
1063,75,3,366,256
1063,4,2,364,254
1063,15,1,432,302
1064,22,2,136,95
1064,4,2,440,308
1064,7,1,239,167
1064,1,1,82,57
1064,18,1,493,345
1065,29,1,271,189
1065,9,3,117,81
1065,3,2,310,217
1065,85,1,331,231
1066,43,3,61,42
1066,11,2,205,143
1066,71,2,94,65
1066,44,3,164,114
1067,40,3,284,198
1067,54,3,99,69
1067,29,2,267,186
1067,94,3,414,289
1068,63,1,224,156
1068,80,1,488,341
1068,51,3,60,42
1069,73,1,337,235
1069,11,2,293,205
1070,39,2,359,251
1070,96,2,229,160
1071,96,3,114,79
1071,78,1,459,321
1072,73,3,261,182
1072,71,2,487,340
1072,65,3,50,35
1072,21,2,165,115
1072,95,3,467,326
1073,89,1,125,87
1073,82,2,247,172
1073,92,1,387,270
1073,95,3,359,251
1074,14,2,256,179
1074,9,2,389,272
1075,49,2,285,199
1075,48,3,135,94
1075,15,2,63,44
1075,11,1,450,315
1076,27,3,269,188
1076,67,3,444,310
1076,16,1,134,93
1076,20,3,171,119
1076,86,3,431,301
1077,97,3,223,156
1077,88,3,153,107
1078,67,1,352,246
1078,72,1,421,294
1078,11,3,131,91
1078,100,1,97,67
1078,43,3,463,324
1079,71,1,231,161
1079,76,1,377,263
1079,92,2,64,44
1080,81,3,452,316
1080,25,3,407,284
1080,37,1,470,329
1081,63,3,131,91
1081,31,2,153,107
1081,70,1,206,144
1081,31,1,224,156
1082,12,2,312,218
1083,5,3,492,344
1083,31,1,174,121
1083,10,2,288,201
1083,87,2,459,321
1084,86,3,485,339
1084,22,3,483,338
1084,8,1,201,140
1085,12,3,381,266
1085,38,1,375,262
1085,20,2,215,150
1085,26,1,87,60
1086,50,2,331,231
1086,17,3,66,46
1086,100,3,190,133
1086,2,2,473,331
1086,13,2,356,249
1087,35,1,345,241
1087,12,2,253,177
1087,88,3,478,334
1087,11,2,385,269
1087,13,2,284,198
1088,70,1,306,214
1088,72,3,60,42
1089,59,2,389,272
1089,78,2,311,217
1090,75,2,330,230
1090,98,3,267,186
1090,18,1,128,89
1091,79,1,499,349
1091,26,2,470,329
1091,66,1,118,82
1091,72,3,175,122
1091,8,2,378,264
1092,19,3,322,225
1092,100,1,51,35
1093,40,2,147,102
1093,46,1,255,178
1093,98,3,457,319
1093,5,1,273,191
1093,28,2,318,222
1094,53,2,192,134
1094,3,1,91,63
1094,20,3,271,189
1094,5,2,239,167
1094,80,3,102,71
1095,26,2,169,118
1095,46,3,157,109
1095,67,1,449,314
1096,15,1,149,104
1096,38,3,138,96
1097,27,2,133,93
1097,17,1,217,151
1097,81,1,177,123
1097,90,3,189,132
1097,61,1,391,273
1098,47,3,400,280
1098,55,3,345,241
1098,97,2,61,42
1099,47,3,326,228
1099,95,2,211,147
1100,1,3,219,153
1100,99,1,339,237
1100,40,2,192,134
1100,52,1,200,140
1101,27,1,355,248
1101,62,2,86,60
1101,66,2,122,85
1102,54,1,102,71
1102,49,3,407,284
1102,7,1,326,228
1102,7,1,457,319
1103,50,3,285,199
1103,37,3,464,324
1103,36,1,187,130
1103,52,3,169,118
1104,50,1,425,297
1104,80,1,496,347
1104,44,2,151,105
1104,91,1,228,159
1105,66,3,407,284
1106,43,1,199,139
1106,67,3,245,171
1107,67,1,184,128
1107,56,1,245,171
1107,71,2,80,56
1107,57,2,359,251
1107,75,3,473,331
1108,61,3,316,221
1109,23,1,325,227
1109,57,3,414,289
1110,67,3,299,209
1110,14,2,51,35
1110,1,3,455,318
1110,23,2,81,56
1110,13,3,153,107
1111,87,3,499,349
1111,23,1,258,180
1111,69,1,103,72
1111,74,3,231,161
1111,28,1,187,130
1112,56,1,160,112
1112,32,3,345,241
1112,74,3,412,288
1112,70,2,358,250
1112,86,2,433,303
1113,47,3,415,290
1113,95,2,283,198
1113,23,2,462,323
1114,71,3,291,203
1114,85,1,93,65
1115,92,1,488,341
1115,88,3,237,165
1115,90,1,431,301
1115,16,2,308,215
1116,58,1,456,319
1116,32,1,118,82
1116,42,1,327,228
1117,70,1,366,256
1117,50,2,468,327
1117,8,1,337,235
1118,79,1,159,111
1118,65,1,242,169
1119,69,1,280,196
1119,7,3,225,157
1119,36,1,153,107
1119,9,2,299,209
1119,69,1,218,152
1120,67,3,415,290
1121,14,1,135,94
1121,8,2,92,64
1121,67,2,437,305
1121,83,2,136,95
1121,21,1,335,234
1122,67,3,454,317
1122,64,1,246,172
1122,26,1,415,290
1122,18,1,220,154
1122,4,2,253,177
1123,52,1,267,186
1123,62,1,228,159
1123,91,1,177,123
1123,84,1,69,48
1123,92,1,149,104
1124,72,2,56,39
1124,91,1,382,267
1125,56,2,358,250
1125,33,3,186,130
1125,62,2,354,247
1125,48,1,239,167
1126,3,2,161,112
1126,79,3,179,125
1126,71,1,273,191
1127,87,3,401,280
1128,13,2,286,200
1128,46,1,125,87
1128,28,3,148,103
1128,20,2,346,242
1128,69,3,449,314
1129,82,3,175,122
1129,49,3,313,219
1129,21,1,349,244
1130,6,2,323,226
1130,21,2,135,94
1131,8,2,194,135
1131,92,1,307,214
1131,18,2,475,332
1131,28,1,359,251
1132,66,1,182,127
1132,3,1,355,248
1133,65,3,463,324
1133,30,2,467,326
1133,89,3,260,182
1134,94,2,467,326
1135,56,2,80,56
1136,52,2,242,169
1136,39,1,111,77
1136,48,1,227,158
1137,61,2,474,331
1137,69,2,465,325
1138,16,2,186,130
1138,50,2,481,336
1138,70,1,241,168
1138,90,2,142,99
1139,4,1,321,224
1140,83,1,151,105
1140,82,3,209,146
1140,14,1,134,93
1140,77,3,254,177
1140,49,2,326,228
1141,65,3,295,206
1141,45,1,372,260
1141,95,2,135,94
1141,26,1,134,93
1142,28,3,313,219
1142,15,1,99,69
1142,59,1,80,56
1142,15,2,99,69
1143,81,2,499,349
1143,46,1,287,200
1143,65,2,149,104
1144,72,3,284,198
1145,54,1,369,258
1145,67,3,479,335
1145,16,1,119,83
1145,28,1,181,126
1145,73,3,482,337
1146,34,2,138,96
1146,10,2,197,137
1146,12,1,394,275
1147,3,1,444,310
1148,69,3,233,163
1148,51,1,279,195
1148,57,2,165,115
1149,43,3,428,299
1149,62,3,443,310
1149,76,3,209,146
1149,42,1,177,123
1149,61,1,140,98
1150,8,1,191,133
1150,27,1,58,40
1150,80,2,469,328
1150,36,2,379,265
1150,67,1,406,284
1151,51,2,483,338
1152,16,1,85,59
1152,6,1,93,65
1152,40,1,451,315
1152,42,3,438,306
1153,9,3,208,145
1153,24,3,287,200
1154,76,3,296,207
1155,62,1,58,40
1155,9,2,159,111
1155,52,2,123,86
1156,52,1,158,110
1157,67,1,384,268
1157,65,2,345,241
1157,16,2,53,37
1157,69,3,186,130
1158,33,3,187,130
1158,5,3,250,175
1158,84,1,174,121
1158,10,1,489,342
1158,90,1,322,225
1159,79,3,391,273
1159,19,1,232,162
1160,73,1,335,234
1160,96,1,458,320
1160,10,3,73,51
1160,83,2,493,345
1160,93,3,403,282
1161,92,1,117,81
1161,34,2,346,242
1161,71,3,56,39
1162,69,2,355,248
1162,100,1,111,77
1163,28,3,371,259
1164,67,2,186,130
1164,83,2,313,219
1164,12,3,456,319
1164,17,1,414,289
1165,76,2,189,132
1166,21,3,354,247
1166,100,2,362,253
1167,85,2,105,73
1167,8,2,173,121
1168,37,2,187,130
1168,98,2,382,267
1168,68,3,255,178
1168,14,1,416,291
1169,65,2,261,182
1169,5,2,52,36
1169,24,2,432,302
1169,29,3,213,149
1169,34,2,354,247
1170,31,1,371,259
1170,38,1,121,84
1170,99,2,202,141
1170,17,3,441,308
1171,55,1,166,116
1171,8,1,484,338
1171,85,2,321,224
1171,75,1,173,121
1171,33,1,494,345
1172,99,1,203,142
1172,37,1,291,203
1173,41,3,57,39
1173,11,3,233,163
1173,95,2,315,220
1174,8,2,80,56
1174,50,1,99,69
1174,20,2,374,261
1174,49,2,456,319
1174,38,3,378,264
1175,59,3,259,181
1176,68,3,438,306
1176,60,3,324,226
1176,77,3,120,84
1176,93,3,104,72
1176,56,1,110,77
1177,9,3,333,233
1178,89,2,322,225
1178,42,1,402,281
1178,18,2,432,302
1178,50,3,376,263
1179,48,2,238,166
1180,32,3,58,40
1180,74,3,393,275
1180,99,1,348,243
1181,8,1,490,343
1182,13,3,138,96
1182,43,3,112,78
1182,66,1,440,308
1183,27,1,118,82
1183,12,1,144,100
1183,85,3,153,107
1184,23,2,319,223
1184,55,2,249,174
1184,20,2,432,302
1184,64,2,122,85
1185,56,1,237,165
1185,97,2,82,57
1185,60,3,51,35
1185,61,1,496,347
1185,15,1,120,84
1186,16,1,368,257
1186,74,1,255,178
1186,81,1,443,310
1187,45,3,279,195
1187,96,1,228,159
1187,28,2,356,249
1187,54,3,213,149
1188,26,2,204,142
1188,32,3,323,226
1188,22,3,109,76
1188,55,1,314,219
1189,27,2,410,287
1190,94,3,266,186
1190,86,2,99,69
1190,81,3,497,347
1191,2,1,381,266
1191,75,1,235,164
1191,7,1,418,292
1191,53,2,187,130
1192,100,2,71,49
1192,27,3,166,116
1193,9,3,86,60
1194,90,1,383,268
1194,90,2,435,304
1194,70,1,340,237
1195,13,2,237,165
1195,69,3,174,121
1196,13,3,240,168
1197,39,3,420,294
1197,53,1,243,170
1197,93,3,459,321
1197,15,2,349,244
1198,59,1,157,109
1198,56,3,408,285
1198,89,1,275,192
1198,90,3,370,259
1199,46,2,116,81
1199,60,3,476,333
1199,10,1,189,132
1199,6,3,153,107
1200,92,3,158,110
1200,2,2,478,334
1200,37,2,322,225
1200,80,1,123,86
1201,13,2,149,104
1201,7,3,163,114
1201,44,2,485,339
1202,51,3,96,67
1202,72,1,188,131
1202,68,1,284,198
1203,77,2,406,284
1203,85,2,319,223
1203,31,2,156,109
1204,60,3,411,287
1204,70,3,248,173
1204,64,1,56,39
1204,77,3,139,97
1205,49,2,474,331
1205,70,3,335,234
1205,20,2,270,189
1206,32,3,328,229
1207,72,1,222,155
1208,57,3,158,110
1209,75,3,227,158
1209,34,1,143,100
1209,72,1,189,132
1209,42,2,185,129
1209,50,3,361,252
1210,62,3,309,216
1210,81,2,277,193
1210,84,1,102,71
1210,14,1,75,52
1210,42,3,384,268
1211,20,3,199,139
1211,99,2,313,219
1212,23,1,434,303
1212,53,3,372,260
1212,76,1,192,134
1212,18,3,70,49
1213,78,3,285,199
1214,84,3,271,189
1214,47,3,333,233
1214,95,3,441,308
1214,5,1,398,278
1214,95,2,310,217
1215,83,3,71,49
1215,87,3,247,172
1215,55,1,158,110
1215,31,2,78,54
1216,7,1,142,99
1217,21,2,268,187
1218,27,3,383,268
1218,55,2,117,81
1218,76,3,159,111
1218,32,2,499,349
1219,78,2,237,165
1219,29,1,297,207
1219,72,1,362,253
1220,41,3,253,177
1221,88,3,362,253
1221,74,1,76,53
1221,75,3,186,130
1221,65,2,305,213
1222,42,2,137,95
1222,14,3,282,197
1222,40,3,406,284
1222,83,3,373,261
1222,63,3,404,282
1223,69,2,281,196
1223,61,1,74,51
1223,44,2,218,152
1223,65,2,346,242
1223,91,2,318,222
1224,6,1,253,177
1224,7,1,438,306
1224,99,2,310,217
1224,29,3,408,285
1224,7,2,214,149
1225,56,3,399,279
1225,75,2,441,308
1225,72,1,340,237
1225,26,3,129,90
1225,70,2,124,86
1226,62,2,230,161
1226,43,1,388,271
1227,70,2,438,306
1228,46,3,210,147
1228,52,2,156,109
1229,17,2,418,292
1229,89,2,80,56
1229,58,1,79,55
1230,5,2,256,179
1230,70,2,430,301
1230,49,2,318,222
1230,77,1,146,102
1230,100,1,456,319
1231,3,2,87,60
1231,66,3,443,310
1232,74,3,157,109
1233,13,2,321,224
1233,89,1,483,338
1233,4,1,385,269
1233,72,2,321,224
1233,80,3,240,168
1234,35,2,255,178
1235,70,2,364,254
1235,18,3,232,162
1236,82,2,84,58
1236,51,3,99,69
1237,80,2,399,279
1237,11,1,157,109
1238,6,3,388,271
1238,33,3,304,212
1238,96,1,337,235
1238,46,3,187,130
1238,36,1,386,270
1239,76,1,287,200
1239,84,2,369,258
1240,6,1,155,108
1240,38,1,457,319
1240,1,3,497,347
1241,81,2,372,260
1241,48,3,107,74
1242,22,2,397,277
1242,38,3,467,326
1242,49,3,209,146
1243,57,1,161,112
1243,4,2,204,142
1244,24,1,369,258
1244,68,2,374,261
1244,14,3,277,193
1244,32,1,52,36
1245,46,3,407,284
1245,44,3,451,315
1246,55,1,353,247
1246,51,2,347,242
1246,14,1,271,189
1246,56,2,218,152
1247,18,2,166,116
1247,79,2,444,310
1248,15,2,483,338
1248,34,3,425,297
1248,89,3,426,298
1249,38,3,298,208
1250,76,3,468,327
1250,29,3,224,156
1250,66,1,379,265
1250,87,2,249,174
1250,79,1,324,226
1251,20,3,100,70
1251,49,3,260,182
1251,40,2,312,218
1251,34,2,107,74
1251,98,1,370,259
1252,74,3,335,234
1252,17,3,315,220
1252,44,2,97,67
1252,14,3,50,35
1253,75,2,57,39
1253,62,3,69,48
1253,58,1,325,227
1253,2,2,307,214
1253,51,2,447,312
1254,99,1,218,152
1254,18,3,158,110
1255,2,3,358,250
1255,90,3,495,346
1255,23,1,324,226
1255,53,1,87,60
1255,3,2,105,73
1256,50,2,386,270
1257,74,1,155,108
1257,46,2,340,237
1257,52,1,330,230
1257,98,2,349,244
1258,59,2,147,102
1258,75,2,429,300
1258,1,1,169,118
1258,60,2,246,172
1259,36,3,331,231
1259,23,2,200,140
1260,51,3,249,174
1261,88,3,153,107
1262,18,3,292,204
1262,12,1,371,259
1263,95,2,476,333
1263,51,3,306,214
1263,6,2,196,137
1263,39,3,346,242
1263,59,3,268,187
1264,48,1,364,254
1264,45,1,243,170
1264,86,1,327,228
1265,38,1,278,194
1265,40,2,496,347
1265,98,2,439,307
1266,53,1,57,39
1266,9,2,385,269
1266,36,1,441,308
1267,36,2,93,65
1267,87,1,165,115
1267,92,2,374,261
1267,44,3,212,148
1267,60,1,206,144
1268,9,1,465,325
1268,60,2,145,101
1268,54,2,468,327
1268,60,2,98,68
1268,75,3,385,269
1269,89,1,319,223
1270,42,3,131,91
1270,18,1,136,95
1270,92,1,127,88
1270,40,2,142,99
1271,12,1,344,240
1271,57,1,498,348
1272,98,2,372,260
1272,2,2,370,259
1272,13,1,406,284
1273,66,3,193,135
1274,65,1,383,268
1274,66,3,458,320
1274,3,2,207,144
1274,5,1,100,70
1274,96,1,87,60
1275,90,1,322,225
1276,25,3,203,142
1276,78,2,93,65
1276,95,1,488,341
1277,80,3,490,343
1277,26,3,492,344
1277,13,3,201,140
1277,41,3,400,280
1278,21,1,122,85
1278,69,2,73,51
1278,34,2,336,235
1279,71,3,197,137
1279,85,3,447,312
1279,78,1,390,273
1279,83,3,271,189
1279,67,1,411,287
1280,72,3,177,123
1281,82,2,375,262
1282,10,2,250,175
1283,19,2,302,211
1284,52,2,179,125
1285,83,2,133,93
1285,92,2,226,158
1285,84,1,251,175
1286,55,1,340,237
1287,28,3,377,263
1287,62,1,479,335
1288,55,1,421,294
1288,60,2,443,310
1288,89,1,147,102
1289,66,1,443,310
1289,23,3,461,322
1289,33,3,297,207
1289,52,1,210,147
1290,53,2,50,35
1291,89,1,314,219
1291,32,2,103,72
1291,3,2,450,315
1291,77,2,242,169
1291,70,3,129,90
1292,85,3,291,203
1292,2,2,479,335
1292,30,1,150,105
1292,91,2,196,137
1292,1,1,451,315
1293,56,2,363,254
1293,92,1,110,77
1293,46,3,289,202
1294,40,2,366,256
1294,87,3,159,111
1294,50,3,267,186
1295,27,3,188,131
1295,45,1,337,235
1295,25,2,250,175
1296,25,3,124,86
1296,94,2,464,324
1297,64,2,95,66
1298,83,2,489,342
1298,99,1,199,139
1298,77,3,180,125
1298,36,2,146,102
1298,50,3,314,219
1299,34,3,224,156
1299,42,1,293,205
1300,39,2,309,216
1300,20,2,350,244
1300,77,2,439,307
1300,50,2,382,267
1300,37,3,256,179
1301,64,3,368,257
1301,66,1,331,231
1301,41,1,237,165
1301,43,1,299,209
1301,24,3,137,95
1302,95,1,393,275
1302,45,2,138,96
1303,39,3,172,120
1303,72,3,143,100
1303,7,2,150,105
1303,11,1,151,105
1304,73,1,416,291
1304,59,3,118,82
1304,91,1,200,140
1304,83,2,305,213
1304,78,2,182,127
1305,99,3,224,156
1305,30,2,85,59
1306,3,2,64,44
1307,69,3,173,121
1308,76,2,291,203
1309,29,2,282,197
1309,39,2,458,320
1309,23,3,380,266
1309,99,3,259,181
1309,83,3,359,251
1310,78,1,492,344
1310,26,2,489,342
1310,19,2,410,287
1311,56,3,399,279
1312,55,3,172,120
1312,17,1,147,102
1312,50,2,286,200
1312,48,1,122,85
1313,51,1,404,282
1313,53,1,178,124
1314,52,2,262,183
1315,29,1,335,234
1315,18,3,429,300
1316,61,2,415,290
1316,5,1,126,88
1316,84,3,431,301
1316,81,3,140,98
1317,32,2,266,186
1317,54,1,198,138
1317,35,2,196,137
1318,46,2,474,331
1318,93,3,77,53
1318,13,1,491,343
1319,67,1,161,112
1319,14,3,205,143
1319,40,1,449,314
1319,9,3,131,91
1319,12,1,272,190
1320,54,2,160,112
1320,24,3,326,228
1321,5,1,201,140
1321,69,3,312,218
1321,11,3,314,219
1322,61,3,154,107
1322,72,3,294,205
1323,38,1,63,44
1323,31,2,215,150
1323,46,2,194,135
1324,6,1,284,198
1324,5,3,308,215
1324,38,2,286,200
1324,23,2,477,333
1325,15,1,56,39
1325,1,1,436,305
1325,79,1,475,332
1325,83,1,216,151
1326,31,1,61,42
1326,58,3,487,340
1327,22,3,65,45
1327,29,2,361,252
1327,55,1,223,156
1327,91,3,452,316
1328,2,2,443,310
1328,64,2,386,270
1328,11,2,376,263
1328,8,2,372,260
1328,28,2,174,121
1329,55,2,73,51
1329,65,2,353,247
1329,17,2,385,269
1329,69,2,267,186
1329,51,3,165,115
1330,25,2,167,116
1330,19,2,261,182
1330,37,1,379,265
1330,3,2,244,170
1331,65,2,224,156
1331,37,1,271,189
1331,18,1,493,345
1331,20,1,275,192
1332,61,3,380,266
1332,21,2,442,309
1332,29,2,51,35
1332,84,2,480,336
1332,97,2,372,260
1333,39,3,200,140
1333,69,3,223,156
1333,27,2,226,158
1334,61,1,331,231
1334,37,2,226,158
1334,65,1,250,175
1335,70,1,79,55
1336,40,2,400,280
1336,76,1,424,296
1336,82,3,284,198
1336,71,1,343,240
1336,25,1,336,235
1337,11,2,459,321
1337,15,2,423,296
1338,29,3,443,310
1338,19,2,118,82
1338,16,2,456,319
1338,78,1,447,312
1339,42,1,188,131
1339,47,1,332,232
1339,75,3,445,311
1339,73,2,334,233
1340,14,2,343,240
1340,85,3,379,265
1341,51,1,239,167
1341,43,2,238,166
1342,94,1,203,142
1343,66,3,169,118
1343,60,3,367,256
1343,58,1,139,97
1344,83,2,292,204
1344,9,3,359,251
1344,12,1,102,71
1345,93,2,77,53
1345,66,2,462,323
1345,50,2,112,78
1346,13,1,471,329
1346,56,3,326,228
1346,93,2,227,158
1346,11,2,267,186
1346,40,3,351,245
1347,99,2,302,211
1348,67,1,357,249
1348,82,2,197,137
1348,64,1,464,324
1349,62,1,475,332
1349,83,2,201,140
1349,32,1,279,195
1350,74,1,337,235
1350,63,2,56,39
1350,48,3,190,133
1350,30,3,496,347
1351,42,2,478,334
1351,13,3,65,45
1351,69,2,458,320
1351,66,2,369,258
1351,32,2,210,147
1352,99,3,355,248
1352,45,3,438,306
1353,67,2,441,308
1353,81,2,167,116
1354,65,3,392,274
1354,76,3,381,266
1355,8,2,297,207
1355,15,2,107,74
1355,12,1,463,324
1356,90,2,225,157
1357,48,2,170,118
1358,73,3,318,222
1358,83,3,427,298
1358,37,3,397,277
1359,84,3,279,195
1360,89,1,416,291
1361,55,3,429,300
1361,5,3,138,96
1361,8,3,220,154
1361,69,3,407,284
1362,72,3,127,88
1363,97,1,90,62
1363,27,2,52,36
1363,95,1,152,106
1363,41,1,57,39
1363,73,1,293,205
1364,55,3,177,123
1364,57,2,354,247
1364,89,1,67,46
1364,44,1,345,241
1365,45,2,383,268
1366,27,2,227,158
1367,63,1,305,213
1367,48,1,176,123
1367,52,2,67,46
1368,4,1,156,109
1368,39,2,495,346
1369,77,3,341,238
1369,7,3,445,311
1369,57,2,423,296
1370,66,1,165,115
1370,66,2,330,230
1370,57,2,61,42
1370,11,3,271,189
1370,73,2,471,329
1371,71,1,165,115
1371,91,1,430,301
1371,84,1,305,213
1371,6,2,424,296
1371,45,2,237,165
1372,55,2,170,118
1372,74,2,90,62
1372,12,1,77,53
1372,53,1,270,189
1373,88,2,315,220
1373,19,2,336,235
1373,36,3,57,39
1373,13,1,455,318
1374,72,2,372,260
1374,50,2,319,223
1375,3,1,123,86
1375,36,2,480,336
1375,8,1,461,322
1375,84,2,237,165
1375,46,2,346,242
1376,94,2,459,321
1376,65,2,337,235
1376,5,3,115,80
1376,76,3,159,111
1377,2,3,120,84
1377,23,2,401,280
1377,94,2,90,62
1377,74,1,151,105
1377,50,3,111,77
1378,32,1,348,243
1379,53,3,485,339
1379,56,2,319,223
1380,3,2,75,52
1381,49,3,198,138
1381,76,3,349,244
1381,18,1,261,182
1382,57,3,318,222
1382,91,3,175,122
1383,44,1,458,320
1383,12,3,470,329
1383,59,2,207,144
1383,49,3,146,102
1383,8,2,231,161
1384,37,3,296,207
1384,2,3,326,228
1385,93,3,379,265
1385,43,2,220,154
1385,17,3,427,298
1385,5,1,267,186
1385,89,1,394,275
1386,24,2,460,322
1386,19,3,298,208
1387,3,1,372,260
1387,56,1,355,248
1387,85,3,395,276
1388,53,3,346,242
1389,26,3,201,140
1389,79,1,196,137
1389,40,3,238,166
1389,40,2,325,227
1390,36,2,129,90
1391,70,1,134,93
1391,78,1,294,205
1391,83,1,126,88
1392,93,2,187,130
1392,55,1,255,178
1393,78,2,234,163
1393,82,3,426,298
1393,95,3,298,208
1393,51,3,240,168
1394,95,2,411,287
1394,91,2,422,295
1394,40,1,256,179
1394,68,2,294,205
1395,97,1,251,175
1395,77,2,415,290
1396,43,2,241,168
1396,87,1,225,157
1396,67,1,325,227
1396,36,3,469,328
1397,45,1,297,207
1397,45,3,416,291
1397,13,3,269,188
1397,2,2,192,134
1397,39,2,344,240
1398,63,1,358,250
1398,89,3,321,224
1398,47,2,240,168
1398,64,1,454,317
1398,84,2,89,62
1399,27,3,389,272
1399,19,2,148,103
1399,72,2,482,337
1400,65,2,187,130
1400,74,1,104,72
1400,37,1,381,266
1400,73,1,324,226
1401,43,2,238,166
1401,31,1,174,121
1401,73,3,434,303
1401,22,1,285,199
1401,70,2,368,257
1402,21,1,61,42
1402,57,2,499,349
1402,41,1,215,150
1402,58,1,463,324
1402,43,3,481,336
1403,57,1,434,303
1403,27,3,228,159
1403,75,3,221,154
1403,51,1,98,68
1404,4,3,127,88
1404,74,1,292,204
1404,85,1,440,308
1404,63,1,463,324
1405,39,2,137,95
1405,90,1,380,266
1405,6,3,122,85
1405,58,2,265,185
1406,96,2,311,217
1407,62,2,115,80
1408,51,3,481,336
1408,75,1,255,178
1408,82,3,178,124
1408,50,2,392,274
1409,65,3,98,68
1409,25,2,62,43
1409,19,2,279,195
1410,71,3,473,331
1410,85,2,427,298
1410,54,3,450,315
1410,39,1,498,348
1410,50,2,381,266
1411,7,2,276,193
1411,61,2,167,116
1411,55,2,119,83
1412,13,1,416,291
1412,21,1,477,333
1413,89,1,371,259
1413,86,1,343,240
1413,3,2,200,140
1413,65,3,327,228
1414,39,2,193,135
1414,27,3,271,189
1414,94,1,486,340
1414,50,2,441,308
1414,74,3,89,62
1415,41,3,216,151
1415,78,3,196,137
1415,64,3,489,342
1415,15,1,319,223
1415,16,1,235,164
1416,26,1,118,82
1416,13,3,71,49
1416,21,2,110,77
1417,66,1,348,243
1417,8,3,99,69
1417,36,2,380,266
1417,77,3,240,168
1417,32,3,274,191
1418,2,3,450,315
1418,97,3,295,206
1418,9,2,410,287
1418,34,3,363,254
1419,77,1,443,310
1419,63,1,441,308
1419,89,1,305,213
1420,89,2,427,298
1420,16,1,284,198
1421,98,2,259,181
1421,68,2,499,349
1421,45,1,59,41
1422,4,3,475,332
1422,89,1,319,223
1423,27,3,195,136
1423,77,1,138,96
1423,45,2,398,278
1423,31,3,210,147
1424,78,3,80,56
1425,100,2,359,251
1426,99,1,241,168
1426,44,3,289,202
1426,4,1,121,84
1427,71,2,437,305
1427,30,2,492,344
1427,83,2,410,287
1427,83,2,113,79
1428,1,3,465,325
1428,62,2,233,163
1428,81,3,488,341
1429,44,3,154,107
1430,99,1,120,84
1430,36,2,335,234
1430,96,1,205,143
1430,57,1,262,183
1430,32,2,433,303
1431,91,2,357,249
1431,10,2,58,40
1431,63,2,357,249
1431,28,3,389,272
1431,20,2,189,132
1432,29,2,246,172
1432,2,2,405,283
1432,81,3,378,264
1433,27,1,296,207
1433,61,3,494,345
1434,95,1,110,77
1435,22,3,330,230
1435,63,2,79,55
1436,96,1,404,282
1436,34,1,259,181
1436,51,2,264,184
1436,17,1,437,305
1437,66,1,226,158
1437,24,2,112,78
1438,15,2,445,311
1438,3,2,307,214
1438,11,3,53,37
1438,87,3,194,135
1439,92,1,67,46
1439,74,3,152,106
1439,5,3,193,135
1439,51,2,437,305
1440,28,3,85,59
1440,1,3,278,194
1440,77,1,492,344
1440,70,1,131,91
1440,90,3,344,240
1441,14,2,328,229
1441,67,3,70,49
1441,94,2,348,243
1442,100,1,485,339
1443,88,3,159,111
1443,50,1,481,336
1443,35,1,458,320
1443,87,2,366,256
1444,32,3,275,192
1445,89,3,238,166
1445,78,1,233,163
1445,8,3,411,287
1445,11,1,361,252
1445,50,3,491,343
1446,18,3,294,205
1446,34,3,155,108
1446,3,3,170,118
1446,58,1,227,158
1447,65,3,293,205
1447,87,3,53,37
1447,81,3,421,294
1448,30,2,424,296
1449,18,3,389,272
1450,83,3,409,286
1450,90,3,50,35
1451,33,2,470,329
1451,7,3,357,249
1451,72,1,261,182
1452,37,2,407,284
1452,17,1,392,274
1452,88,3,345,241
1453,80,1,90,62
1453,40,3,322,225
1453,58,1,499,349
1453,39,3,258,180
1454,22,1,435,304
1454,82,2,333,233
1454,84,2,409,286
1455,77,1,74,51
1455,76,2,147,102
1455,87,3,482,337
1455,17,2,433,303
1456,54,1,133,93
1456,82,2,181,126
1456,25,2,241,168
1457,28,3,130,91
1457,84,1,213,149
1457,10,1,419,293
1457,5,1,475,332
1457,74,2,105,73
1458,100,3,430,301
1458,42,2,320,224
1459,13,2,499,349
1460,78,2,260,182
1460,38,3,94,65
1460,65,3,438,306
1460,7,1,497,347
1460,4,2,207,144
1461,31,1,380,266
1461,15,3,58,40
1461,8,3,178,124
1461,32,2,434,303
1462,10,1,460,322
1463,86,1,400,280
1463,10,3,143,100
1464,60,1,122,85
1465,75,2,412,288
1465,38,3,270,189
1465,58,2,250,175
1466,94,3,479,335
1466,76,2,142,99
1467,87,1,392,274
1467,67,1,279,195
1468,91,2,282,197
1468,93,2,456,319
1469,55,1,243,170
1469,95,3,295,206
1469,24,2,113,79
1469,55,3,276,193
1470,61,2,497,347
1470,44,3,66,46
1471,68,3,470,329
1471,32,3,265,185
1471,33,1,427,298
1472,81,1,460,322
1472,99,2,339,237
1472,1,1,484,338
1472,17,2,99,69
1473,6,1,104,72
1473,20,1,278,194
1473,37,1,145,101
1473,87,1,459,321
1474,60,3,148,103
1474,100,1,475,332
1474,74,2,132,92
1474,54,3,236,165
1475,4,1,467,326
1475,35,2,436,305
1475,81,3,363,254
1475,9,3,269,188
1475,24,1,210,147
1476,12,1,127,88
1477,55,3,123,86
1477,84,3,74,51
1477,24,3,400,280
1478,94,3,51,35
1478,32,2,66,46
1478,98,2,230,161
1478,48,3,444,310
1479,56,1,271,189
1479,6,3,146,102
1479,1,2,146,102
1479,72,3,301,210
1479,78,1,305,213
1480,1,1,193,135
1480,73,1,360,251
1481,78,1,389,272
1481,70,2,151,105
1481,92,3,294,205
1481,23,3,358,250
1481,61,2,472,330
1482,57,3,351,245
1483,59,2,160,112
1483,6,2,141,98
1484,100,1,119,83
1484,93,1,232,162
1484,58,1,483,338
1485,31,2,282,197
1485,26,1,357,249
1485,100,3,206,144
1486,71,3,477,333
1486,38,2,315,220
1486,35,1,401,280
1486,34,2,293,205
1487,68,1,224,156
1488,87,2,189,132
1488,45,3,368,257
1489,56,1,440,308
1489,31,1,428,299
1489,30,2,446,312
1489,5,1,238,166
1489,32,3,245,171
1490,53,2,487,340
1490,54,1,322,225
1491,97,3,256,179
1491,56,1,81,56
1491,50,3,161,112
1491,27,3,409,286
1491,41,3,126,88
1492,53,3,125,87
1493,49,3,250,175
1493,68,1,111,77
1493,59,2,418,292
1494,96,3,167,116
1494,60,2,393,275
1494,35,1,196,137
1494,74,1,159,111
1495,98,3,115,80
1495,30,1,397,277
1496,97,2,232,162
1496,4,2,244,170
1496,70,1,88,61
1496,28,1,391,273
1496,92,3,446,312
1497,11,1,489,342
1497,98,1,51,35
1497,4,2,500,350
1497,11,3,349,244
1498,42,2,255,178
1498,99,3,226,158
1498,66,3,306,214
1498,16,1,300,210
1498,17,1,217,151
1499,16,3,286,200
1499,10,3,84,58
1499,39,1,336,235
1499,66,1,115,80
1500,50,1,354,247
1500,98,1,387,270
1501,48,2,121,84
1501,93,2,224,156
1501,98,2,102,71
1501,41,1,284,198
1502,55,3,159,111
1503,44,2,162,113
1504,72,3,326,228
1504,47,2,110,77
1504,19,2,441,308
1504,66,1,166,116
1504,43,2,323,226
1505,36,1,157,109
1506,66,3,227,158
1506,24,2,274,191
1506,6,3,447,312
1507,84,2,187,130
1508,62,1,314,219
1509,94,2,266,186
1509,91,3,364,254
1509,58,3,404,282
1509,14,3,227,158
1509,75,1,94,65
1510,34,1,434,303
1510,96,2,58,40
1510,6,1,116,81
1510,9,2,110,77
1511,42,2,408,285
1511,62,2,363,254
1512,46,1,114,79
1512,9,3,406,284
1513,40,3,63,44
1513,78,1,133,93
1514,74,1,483,338
1514,64,3,199,139
1515,45,3,301,210
1515,75,1,186,130
1515,36,1,340,237
1516,61,3,206,144
1517,4,3,435,304
1517,40,1,354,247
1517,91,1,268,187
1517,100,2,195,136
1518,54,1,229,160
1518,51,1,303,212
1518,72,2,285,199
1518,92,1,115,80
1518,89,1,457,319
1519,9,2,457,319
1519,62,1,302,211
1519,75,3,421,294
1520,44,2,138,96
1520,41,3,179,125
1520,93,3,145,101
1520,81,1,249,174
1520,82,3,445,311
1521,27,1,444,310
1522,42,1,91,63
1522,33,1,373,261
1522,41,1,76,53
1522,76,1,200,140
1523,94,2,482,337
1523,11,3,420,294
1523,16,3,105,73
1524,49,1,234,163
1525,49,1,317,221
1525,41,1,248,173
1525,26,3,262,183
1526,21,1,139,97
1526,94,3,165,115
1526,54,2,494,345
1526,77,3,411,287
1527,96,1,52,36
1527,16,1,442,309
1527,14,2,212,148
1528,98,1,446,312
1529,27,3,390,273
1530,50,2,235,164
1530,16,1,62,43
1530,6,2,408,285
1531,39,2,469,328
1531,57,3,97,67
1531,86,1,454,317
1531,13,1,176,123
1532,16,1,288,201
1532,76,2,341,238
1532,37,2,387,270
1532,56,1,65,45
1532,18,3,420,294
1533,55,3,252,176
1534,14,1,474,331
1535,12,3,92,64
1536,41,2,358,250
1536,39,1,430,301
1536,46,3,223,156
1537,34,1,221,154
1537,5,1,215,150
1537,12,3,190,133
1537,69,2,169,118
1537,44,3,495,346
1538,77,2,443,310
1538,33,2,210,147
1539,14,2,264,184
1539,10,2,283,198
1539,10,1,251,175
1540,8,1,118,82
1540,44,3,298,208
1540,13,1,53,37
1540,24,2,293,205
1541,18,1,196,137
1541,83,3,328,229
1542,29,2,486,340
1543,42,1,172,120
1543,93,3,317,221
1544,63,2,265,185
1545,40,2,90,62
1545,38,3,485,339
1545,59,3,283,198
1545,53,2,400,280
1546,51,1,302,211
1546,37,2,53,37
1546,4,1,412,288
1546,14,2,500,350
1547,23,1,496,347
1547,22,3,68,47
1547,25,2,335,234
1548,13,2,332,232
1549,70,1,472,330
1549,64,1,315,220
1549,30,1,234,163
1549,64,1,183,128
1549,28,3,146,102
1550,30,1,211,147
1550,16,2,452,316
1550,49,2,217,151
1551,6,3,316,221
1552,95,3,400,280
1553,39,2,447,312
1553,35,1,386,270
1553,82,3,462,323
1554,98,2,493,345
1554,73,2,211,147
1554,9,3,324,226
1555,98,2,277,193
1555,72,2,344,240
1555,55,2,413,289
1556,85,2,211,147
1557,33,2,337,235
1557,26,2,206,144
1557,74,3,392,274
1557,65,1,112,78
1558,46,1,280,196
1559,34,2,433,303
1559,100,2,346,242
1559,30,3,189,132
1559,80,2,232,162
1559,69,1,329,230
1560,91,3,92,64
1561,52,2,250,175
1561,75,2,382,267
1561,54,2,94,65
1561,46,2,174,121
1561,16,3,102,71
1562,31,2,492,344
1563,28,2,429,300
1563,98,1,454,317
1563,94,3,313,219
1563,3,1,314,219
1564,48,3,379,265
1565,55,2,132,92
1565,30,3,176,123
1565,41,1,59,41
1566,22,3,126,88
1566,1,3,396,277
1566,78,2,437,305
1566,45,2,83,58
1567,82,3,383,268
1568,63,1,339,237
1568,39,3,373,261
1568,67,1,324,226
1568,14,3,334,233
1568,14,3,158,110
1569,40,2,352,246
1569,98,1,228,159
1569,46,1,384,268
1569,84,2,185,129
1569,8,2,340,237
1570,2,2,217,151
1570,36,3,439,307
1570,28,1,467,326
1570,43,3,90,62
1570,58,1,84,58
1571,66,3,296,207
1572,67,3,142,99
1572,94,1,397,277
1572,100,2,373,261
1572,51,2,442,309
1572,70,3,397,277
1573,87,3,356,249
1573,96,2,264,184
1573,17,1,262,183
1574,34,2,325,227
1574,22,3,188,131
1574,4,1,310,217
1575,42,1,496,347
1575,79,3,284,198
1575,58,2,405,283
1575,68,2,126,88
1576,45,2,386,270
1576,66,3,167,116
1576,60,1,216,151
1576,89,3,100,70
1576,86,1,165,115
1577,52,3,137,95
1578,86,2,309,216
1579,62,1,263,184
1579,19,1,147,102
1579,52,2,73,51
1579,13,1,468,327
1580,30,2,106,74
1580,68,1,370,259
1580,30,2,108,75
1580,5,2,204,142
1580,25,1,398,278
1581,3,3,239,167
1581,72,1,219,153
1581,81,2,425,297
1582,23,2,156,109
1582,29,3,460,322
1582,20,3,293,205
1583,3,1,98,68
1583,13,2,75,52
1584,42,1,70,49
1584,8,2,258,180
1584,16,1,344,240
1585,57,2,374,261
1585,59,3,106,74
1585,50,2,132,92
1585,47,1,155,108
1585,37,3,261,182
1586,69,1,87,60
1586,96,2,50,35
1586,92,2,486,340
1586,73,2,74,51
1586,51,2,369,258
1587,45,3,57,39
1587,28,3,130,91
1588,71,1,199,139
1588,49,2,124,86
1588,59,2,227,158
1588,90,2,328,229
1589,98,2,480,336
1589,63,3,336,235
1590,55,3,397,277
1590,32,2,374,261
1590,86,2,340,237
1590,83,3,289,202
1591,60,2,416,291
1591,11,1,322,225
1591,94,1,443,310
1592,51,1,271,189
1592,8,1,315,220
1593,75,1,470,329
1593,49,3,254,177
1594,40,1,448,313
1594,33,3,178,124
1594,12,3,402,281
1595,36,1,170,118
1595,9,1,425,297
1595,44,1,52,36
1595,64,3,158,110
1595,69,1,375,262
1596,19,3,100,70
1596,54,3,234,163
1596,21,1,428,299
1597,56,3,161,112
1597,6,3,420,294
1597,34,1,481,336
1598,51,2,121,84
1598,6,3,355,248
1599,57,3,53,37
1600,3,1,308,215
1600,68,2,227,158
1600,59,3,400,280
1600,45,1,344,240
1600,53,1,424,296
1601,42,2,261,182
1601,87,2,246,172
1601,17,2,357,249
1601,67,3,154,107
1602,61,2,454,317
1603,88,1,196,137
1603,49,2,474,331
1604,45,2,153,107
1604,27,3,63,44
1604,19,2,263,184
1604,27,3,156,109
1605,43,2,475,332
1605,87,3,465,325
1605,21,3,325,227
1606,10,3,407,284
1606,22,2,295,206
1606,92,3,284,198
1606,91,3,457,319
1607,48,1,244,170
1608,80,1,454,317
1608,75,2,262,183
1608,76,1,80,56
1609,92,1,154,107
1609,94,1,259,181
1609,20,3,395,276
1609,6,3,397,277
1609,30,1,61,42
1610,93,1,95,66
1610,2,1,306,214
1610,82,1,404,282
1610,97,3,362,253
1610,81,3,266,186
1611,33,3,65,45
1612,93,1,128,89
1612,32,3,354,247
1612,99,1,286,200
1612,57,2,334,233
1612,82,1,458,320
1613,1,3,315,220
1613,76,2,68,47
1614,4,2,288,201
1615,47,2,133,93
1615,38,2,67,46
1615,42,3,435,304
1616,10,2,433,303
1616,46,1,152,106
1616,18,3,284,198
1617,59,3,257,179
1618,94,2,413,289
1618,81,2,141,98
1619,72,1,232,162
1619,7,3,74,51
1620,29,2,288,201
1621,84,1,291,203
1621,96,3,166,116
1621,33,3,450,315
1621,32,2,409,286
1621,89,1,370,259
1622,3,3,371,259
1623,54,1,367,256
1623,82,3,385,269
1623,19,2,292,204
1623,96,2,295,206
1624,97,1,79,55
1625,4,3,485,339
1625,81,2,403,282
1625,49,3,82,57
1625,33,1,346,242
1625,92,3,181,126
1626,70,1,439,307
1626,64,2,177,123
1626,11,1,132,92
1626,58,2,67,46
1627,74,1,319,223
1627,82,1,99,69
1627,4,3,258,180
1628,64,3,120,84
1629,37,3,464,324
1629,44,1,246,172
1629,74,1,141,98
1630,26,1,484,338
1630,47,1,208,145
1630,84,3,168,117
1631,81,2,100,70
1631,41,3,80,56
1631,80,1,278,194
1632,34,1,494,345
1632,32,3,84,58
1633,4,3,371,259
1633,16,3,69,48
1633,34,2,115,80
1633,25,3,406,284
1633,63,2,191,133
1634,71,2,374,261
1634,65,1,245,171
1635,83,3,260,182
1635,6,2,260,182
1635,91,3,321,224
1635,5,2,466,326
1635,5,1,492,344
1636,14,3,125,87
1636,36,1,180,125
1636,56,2,377,263
1637,14,3,158,110
1638,69,3,419,293
1638,74,1,249,174
1638,60,1,320,224
1638,58,2,282,197
1638,58,2,316,221
1639,95,1,374,261
1639,40,1,262,183
1639,35,2,392,274
1639,4,1,433,303
1639,20,3,185,129
1640,70,1,119,83
1640,58,3,306,214
1640,61,1,53,37
1640,47,3,488,341
1640,79,2,189,132
1641,78,1,222,155
1641,29,2,281,196
1642,77,1,184,128
1642,19,1,342,239
1642,17,2,259,181
1643,59,2,103,72
1644,34,2,264,184
1644,10,1,72,50
1644,11,3,320,224
1645,19,2,71,49
1645,62,1,458,320
1645,94,3,241,168
1645,72,1,374,261
1645,66,1,471,329
1646,17,2,147,102
1647,62,3,279,195
1647,81,3,114,79
1647,84,2,71,49
1647,35,3,345,241
1648,98,1,475,332
1648,87,1,400,280
1648,79,3,280,196
1648,18,3,305,213
1649,66,3,316,221
1649,43,3,479,335
1650,34,3,396,277
1650,1,3,263,184
1650,41,3,102,71
1651,7,3,185,129
1651,94,3,222,155
1651,20,1,184,128
1652,23,1,460,322
1653,6,3,277,193
1653,97,1,263,184
1653,45,2,207,144
1654,80,1,452,316
1654,3,1,156,109
1654,98,2,132,92
1654,38,1,405,283
1655,79,1,297,207
1655,85,2,156,109
1655,71,3,262,183
1656,8,3,364,254
1656,63,1,146,102
1656,64,1,132,92
1656,51,3,135,94
1657,60,3,123,86
1657,31,3,493,345
1657,88,1,437,305
1658,57,1,143,100
1659,57,3,224,156
1659,29,1,278,194
1660,33,3,350,244
1660,12,1,78,54
1661,31,1,352,246
1661,5,3,161,112
1661,67,2,79,55
1661,29,3,476,333
1662,79,3,316,221
1662,51,2,336,235
1663,91,2,122,85
1663,2,3,289,202
1664,80,3,197,137
1664,60,1,410,287
1664,91,3,315,220
1664,43,2,221,154
1664,35,1,437,305
1665,77,2,93,65
1665,69,2,176,123
1665,9,1,437,305
1665,67,3,193,135
1665,64,1,480,336
1666,54,3,374,261
1666,81,1,126,88
1666,30,3,456,319
1666,8,3,350,244
1666,81,1,72,50
1667,19,1,402,281
1667,3,2,177,123
1667,48,3,283,198
1668,9,2,305,213
1668,35,2,79,55
1668,69,3,66,46
1668,45,2,198,138
1669,2,1,277,193
1670,14,2,500,350
1670,45,3,230,161
1670,48,3,404,282
1670,49,1,407,284
1670,15,2,405,283
1671,20,1,440,308
1671,20,2,168,117
1671,52,3,495,346
1671,49,2,216,151
1671,24,2,404,282
1672,27,2,302,211
1672,72,2,382,267
1672,23,1,161,112
1672,64,3,288,201
1672,20,1,337,235
1673,6,1,374,261
1673,18,3,182,127
1673,92,2,302,211
1673,72,1,236,165
1674,69,1,341,238
1674,83,2,115,80
1674,47,1,82,57
1675,19,3,202,141
1675,8,2,297,207
1675,29,1,382,267
1675,9,1,124,86
1676,100,2,54,37
1677,75,3,447,312
1677,52,2,280,196
1677,78,2,90,62
1677,76,2,203,142
1677,36,1,393,275
1678,14,3,296,207
1679,20,2,254,177
1679,18,3,364,254
1680,45,1,486,340
1680,91,1,265,185
1681,5,1,473,331
1681,26,2,234,163
1681,75,2,317,221
1682,8,3,283,198
1682,54,1,230,161
1682,22,3,360,251
1683,46,1,321,224
1683,84,3,147,102
1683,22,3,488,341
1684,85,3,111,77
1684,72,3,133,93
1684,18,2,182,127
1684,49,2,284,198
1685,25,3,254,177
1685,44,2,143,100
1685,89,1,198,138
1685,6,3,332,232
1685,12,2,407,284
1686,47,1,347,242
1686,16,1,431,301
1687,24,1,110,77
1687,8,1,494,345
1688,27,2,348,243
1688,27,1,433,303
1688,20,2,408,285
1688,39,2,457,319
1688,30,2,407,284
1689,7,3,177,123
1690,44,1,154,107
1690,93,2,184,128
1691,78,1,245,171
1691,98,3,219,153
1691,92,3,244,170
1691,29,1,319,223
1692,38,1,312,218
1693,45,2,373,261
1693,34,2,454,317
1693,35,1,201,140
1694,97,3,365,255
1694,51,2,388,271
1694,91,1,60,42
1694,100,2,426,298
1695,12,2,232,162
1695,61,3,368,257
1696,58,1,172,120
1697,62,3,124,86
1697,5,3,77,53
1697,20,2,114,79
1698,35,3,333,233
1699,86,3,187,130
1699,44,3,484,338
1699,88,3,406,284
1699,22,3,388,271
1699,79,1,420,294
1700,28,1,346,242
1700,36,2,277,193
1701,13,1,500,350
1701,58,3,355,248
1702,90,1,164,114
1703,63,3,385,269
1703,97,1,318,222
1703,58,1,114,79
1703,65,1,364,254
1704,98,1,471,329
1704,98,3,476,333
1704,76,2,92,64
1705,69,2,124,86
1705,92,2,312,218
1705,78,1,445,311
1705,1,2,163,114
1706,88,1,64,44
1706,20,2,374,261
1706,46,2,308,215
1706,100,1,205,143
1707,27,3,94,65
1707,19,2,423,296
1708,53,2,79,55
1708,46,1,437,305
1708,46,2,378,264
1708,91,1,250,175
1709,31,3,283,198
1709,59,2,402,281
1710,23,1,225,157
1710,94,1,376,263
1710,63,3,356,249
1710,31,2,404,282
1711,12,3,374,261
1711,1,2,225,157
1711,78,1,215,150
1712,95,2,234,163
1712,36,3,458,320
1712,76,3,349,244
1712,30,1,248,173
1712,12,1,495,346
1713,13,3,362,253
1713,58,2,256,179
1714,24,2,92,64
1714,93,2,346,242
1714,25,1,338,236
1715,18,3,493,345
1715,44,3,151,105
1715,49,3,372,260
1716,20,3,467,326
1716,40,2,275,192
1717,98,1,66,46
1718,51,1,266,186
1718,21,1,498,348
1718,8,2,337,235
1718,39,1,432,302
1719,62,3,499,349
1719,1,2,439,307
1719,27,1,150,105
1719,82,1,164,114
1719,99,3,238,166
1720,96,1,310,217
1721,34,1,77,53
1721,60,3,395,276
1722,81,2,247,172
1722,67,3,130,91
1722,91,3,413,289
1722,81,3,435,304
1723,21,1,398,278
1723,69,2,159,111
1723,28,3,79,55
1724,57,3,317,221
1724,26,2,229,160
1725,56,2,226,158
1725,62,1,145,101
1726,45,1,492,344
1727,34,3,84,58
1728,72,2,456,319
1728,9,2,322,225
1729,64,3,107,74
1729,13,2,257,179
1729,28,1,204,142
1729,37,2,420,294
1730,28,1,481,336
1731,16,1,354,247
1731,86,2,390,273
1731,67,1,360,251
1732,60,3,78,54
1732,61,3,101,70
1732,16,3,302,211
1732,60,2,278,194
1732,18,1,319,223
1733,37,2,239,167
1734,2,1,178,124
1734,68,2,193,135
1734,44,1,223,156
1734,91,2,493,345
1734,50,2,204,142
1735,9,3,430,301
1735,9,2,350,244
1735,6,2,343,240
1735,61,1,167,116
1735,77,2,140,98
1736,79,1,86,60
1737,52,3,128,89
1737,78,3,397,277
1738,77,1,249,174
1738,79,3,68,47
1739,17,2,435,304
1740,22,3,427,298
1740,41,3,88,61
1740,81,3,264,184
1740,37,2,302,211
1741,25,1,197,137
1741,29,3,439,307
1741,2,1,264,184
1741,34,2,190,133
1742,13,3,323,226
1743,40,3,258,180
1744,87,1,87,60
1744,2,3,468,327
1744,17,2,267,186
1744,58,1,471,329
1744,92,2,82,57
1745,84,2,155,108
1746,45,1,115,80
1746,79,1,329,230
1747,19,3,327,228
1747,22,2,206,144
1747,32,3,79,55
1747,95,2,319,223
1748,12,2,448,313
1749,53,1,105,73
1749,81,3,416,291
1750,79,2,353,247
1751,29,2,330,230
1752,46,1,264,184
1752,4,3,137,95
1752,72,2,404,282
1753,82,3,63,44
1753,24,1,220,154
1753,51,3,255,178
1753,30,1,216,151
1754,86,3,475,332
1754,81,1,68,47
1754,94,1,219,153
1754,92,3,76,53
1754,89,1,254,177
1755,64,3,309,216
1755,89,2,148,103
1756,17,3,484,338
1756,33,3,455,318
1756,15,3,315,220
1756,80,2,431,301
1756,51,1,254,177
1757,22,2,150,105
1757,65,3,317,221
1757,13,1,175,122
1757,56,3,334,233
1757,13,1,117,81
1758,32,2,372,260
1758,76,2,332,232
1758,40,3,414,289
1758,89,1,199,139
1758,66,3,135,94
1759,41,3,135,94
1760,4,2,89,62
1760,41,2,350,244
1760,23,3,56,39
1761,68,3,253,177
1761,67,2,303,212
1761,5,3,122,85
1762,68,3,375,262
1762,80,3,139,97
1763,51,2,466,326
1763,45,3,436,305
1764,42,2,371,259
1764,95,1,110,77
1764,58,3,147,102
1765,44,2,174,121
1765,46,2,387,270
1765,67,2,183,128
1765,10,2,438,306
1766,78,3,267,186
1767,67,3,191,133
1767,68,1,206,144
1767,8,1,446,312
1768,47,3,295,206
1768,92,1,317,221
1768,58,3,245,171
1768,45,3,104,72
1768,28,2,383,268
1769,23,2,361,252
1769,69,1,150,105
1769,3,3,179,125
1769,27,1,249,174
1770,9,2,89,62
1771,75,1,229,160
1771,39,3,347,242
1771,24,2,300,210
1771,76,3,450,315
1771,97,3,266,186
1772,74,2,419,293
1772,99,2,408,285
1773,8,3,284,198
1773,31,3,293,205
1773,82,3,263,184
1773,52,1,286,200
1773,21,1,498,348
1774,36,1,111,77
1774,58,3,445,311
1775,92,1,307,214
1775,13,2,352,246
1776,70,3,495,346
1776,58,3,332,232
1776,31,2,93,65
1776,38,1,417,291
1776,57,3,371,259
1777,95,2,321,224
1777,3,3,135,94
1777,97,1,307,214
1777,82,2,452,316
1778,64,3,198,138
1779,14,2,367,256
1779,18,1,314,219
1779,44,1,438,306
1780,10,2,99,69
1780,64,1,129,90
1780,61,1,274,191
1780,7,3,194,135
1781,21,3,62,43
1781,19,3,102,71
1782,62,3,225,157
1782,8,1,447,312
1783,37,1,94,65
1783,99,1,450,315
1783,85,2,343,240
1783,96,2,120,84
1783,59,1,117,81
1784,5,2,111,77
1784,50,2,55,38
1784,18,2,407,284
1785,8,2,166,116
1785,19,3,191,133
1786,100,3,362,253
1786,92,3,408,285
1786,77,3,431,301
1786,55,3,263,184
1786,75,1,101,70
1787,95,2,116,81
1787,91,2,82,57
1787,69,3,498,348
1787,72,1,434,303
1788,10,3,55,38
1788,62,3,358,250
1788,93,1,311,217
1788,44,2,85,59
1789,12,2,463,324
1790,78,2,242,169
1790,73,2,201,140
1790,21,1,194,135
1790,57,2,463,324
1790,83,1,413,289
1791,30,1,440,308
1792,69,2,454,317
1792,75,3,398,278
1792,32,2,226,158
1792,52,2,128,89
1793,41,2,337,235
1793,93,1,376,263
1793,39,3,213,149
1793,58,3,433,303
1793,64,2,291,203
1794,79,2,58,40
1794,14,3,224,156
1795,77,3,110,77
1795,88,1,329,230
1796,42,3,94,65
1797,1,2,215,150
1797,5,1,340,237
1798,64,1,269,188
1798,10,1,244,170
1798,24,2,157,109
1798,13,2,360,251
1798,96,3,135,94
1799,72,2,308,215
1799,37,2,261,182
1800,40,3,252,176
1800,4,3,348,243
1800,28,2,449,314
1801,61,2,410,287
1801,33,2,411,287
1801,100,3,182,127
1801,86,3,270,189
1802,72,3,425,297
1802,23,1,327,228
1802,94,3,430,301
1803,4,1,348,243
1803,2,2,390,273
1803,89,2,294,205
1803,35,1,487,340
1803,39,1,443,310
1804,2,1,274,191
1804,69,1,266,186
1804,68,3,488,341
1804,86,3,164,114
1805,36,2,84,58
1805,5,1,450,315
1805,75,1,447,312
1805,88,2,128,89
1806,52,3,113,79
1806,32,1,417,291
1806,73,3,467,326
1807,31,3,201,140
1808,27,3,67,46
1808,92,1,376,263
1808,5,1,339,237
1808,66,2,177,123
1808,10,3,82,57
1809,64,3,291,203
1809,89,1,85,59
1809,100,1,279,195
1809,37,3,417,291
1810,60,3,246,172
1810,52,1,284,198
1811,7,2,467,326
1811,21,1,296,207
1811,62,1,485,339
1812,93,1,461,322
1813,93,1,339,237
1813,8,3,260,182
1813,23,3,344,240
1814,80,2,476,333
1814,63,1,72,50
1814,39,3,400,280
1814,81,1,225,157
1814,95,2,408,285
1815,87,3,375,262
1815,82,1,214,149
1815,27,3,245,171
1815,48,3,201,140
1815,56,1,422,295
1816,62,1,186,130
1816,53,1,260,182
1816,35,2,126,88
1816,99,2,329,230
1817,42,3,112,78
1817,24,2,456,319
1817,30,3,386,270
1817,83,3,334,233
1818,14,2,60,42
1818,21,2,500,350
1818,25,2,476,333
1819,44,3,191,133
1820,92,2,254,177
1820,84,2,174,121
1820,91,3,243,170
1820,95,2,364,254
1820,97,1,429,300
1821,5,1,249,174
1822,49,2,365,255
1822,76,3,330,230
1823,74,1,144,100
1823,15,3,174,121
1823,21,2,360,251
1824,90,1,194,135
1825,81,1,339,237
1825,90,1,149,104
1825,26,3,473,331
1825,28,1,460,322
1826,75,2,259,181
1826,24,3,469,328
1827,71,1,466,326
1828,85,3,449,314
1828,5,2,63,44
1828,10,2,472,330
1828,36,1,396,277
1828,2,3,463,324
1829,37,1,500,350
1829,36,3,173,121
1829,10,2,390,273
1829,94,3,420,294
1829,22,1,98,68
1830,21,3,250,175
1831,32,1,238,166
1831,50,3,449,314
1831,36,1,144,100
1831,79,2,400,280
1832,78,1,428,299
1832,54,1,241,168
1833,9,3,315,220
1833,72,1,352,246
1833,56,1,128,89
1833,68,1,125,87
1834,51,3,413,289
1834,55,3,464,324
1834,63,3,214,149
1834,90,2,452,316
1834,29,1,277,193
1835,55,2,167,116
1835,20,1,208,145
1835,42,1,449,314
1836,26,3,157,109
1836,59,1,103,72
1836,94,1,126,88
1836,73,3,111,77
1837,30,2,418,292
1838,46,2,297,207
1838,48,1,102,71
1838,5,1,283,198
1839,79,2,225,157
1839,79,2,206,144
1840,37,1,478,334
1840,56,2,81,56
1841,90,3,485,339
1842,90,3,397,277
1842,80,1,131,91
1842,91,1,281,196
1842,14,3,453,317
1843,73,2,212,148
1843,33,2,231,161
1843,86,2,160,112
1843,100,2,110,77
1844,54,3,360,251
1844,52,1,113,79
1845,77,1,468,327
1845,65,1,258,180
1846,27,1,377,263
1846,79,1,308,215
1847,18,3,98,68
1847,34,2,324,226
1848,5,2,188,131
1848,5,2,386,270
1849,12,1,88,61
1849,16,1,128,89
1849,68,2,292,204
1849,10,2,168,117
1850,59,1,445,311
1850,51,1,309,216
1850,79,2,184,128
1850,88,3,53,37
1850,59,1,382,267
1851,98,1,335,234
1851,4,2,323,226
1852,95,3,217,151
1852,49,2,99,69
1852,85,3,498,348
1852,67,3,271,189
1852,87,3,414,289
1853,97,2,212,148
1853,68,2,145,101
1853,45,1,175,122
1854,49,3,103,72
1854,73,1,430,301
1854,88,3,399,279
1855,78,2,189,132
1855,61,3,254,177
1855,81,2,499,349
1855,9,3,234,163
1856,64,1,396,277
1856,7,1,198,138
1856,65,3,245,171
1857,56,2,110,77
1858,48,2,468,327
1858,72,3,303,212
1859,92,1,116,81
1859,42,2,192,134
1859,24,2,232,162
1859,81,2,191,133
1860,42,1,80,56
1860,55,1,174,121
1860,92,1,256,179
1860,64,2,420,294
1861,69,1,251,175
1861,77,1,107,74
1861,56,2,307,214
1862,78,1,470,329
1862,4,1,63,44
1862,41,1,459,321
1862,93,2,201,140
1862,64,2,242,169
1863,7,2,288,201
1863,59,1,268,187
1864,72,3,392,274
1864,3,3,165,115
1865,5,1,487,340
1865,59,2,229,160
1865,74,3,110,77
1865,40,2,214,149
1865,76,2,180,125
1866,99,2,314,219
1867,81,2,401,280
1868,46,3,104,72
1868,68,3,340,237
1868,46,3,74,51
1868,49,2,476,333
1869,6,2,395,276
1869,84,2,440,308
1869,15,1,239,167
1869,33,2,493,345
1870,41,1,77,53
1870,44,2,106,74
1871,95,3,316,221
1872,37,3,412,288
1872,76,1,229,160
1872,62,3,253,177
1872,5,2,167,116
1873,55,1,236,165
1874,99,3,487,340
1875,52,1,215,150
1875,56,2,195,136
1875,32,1,413,289
1876,25,1,243,170
1876,8,1,467,326
1876,26,1,308,215
1876,86,2,83,58
1877,42,3,442,309
1877,63,3,436,305
1878,1,3,463,324
1878,59,2,86,60
1879,95,2,482,337
1879,97,1,415,290
1880,36,1,115,80
1880,32,1,226,158
1880,6,1,435,304
1880,63,3,484,338
1880,80,2,339,237
1881,55,3,467,326
1882,90,3,366,256
1882,20,3,189,132
1882,99,3,258,180
1882,56,2,377,263
1883,84,2,58,40
1883,6,2,489,342
1883,28,2,323,226
1883,38,1,153,107
1884,92,2,461,322
1884,80,2,226,158
1884,95,2,278,194
1884,45,2,274,191
1884,73,2,218,152
1885,69,1,138,96
1885,97,2,430,301
1885,12,1,194,135
1886,10,1,377,263
1886,78,1,99,69
1886,75,1,457,319
1886,21,1,481,336
1887,28,2,445,311
1887,5,2,384,268
1888,55,3,413,289
1888,8,1,54,37
1888,27,2,370,259
1888,47,1,448,313
1889,19,1,379,265
1889,35,1,132,92
1889,42,1,308,215
1889,64,3,203,142
1889,100,2,326,228
1890,69,2,321,224
1890,81,2,487,340
1890,61,3,157,109
1891,33,1,378,264
1891,44,3,164,114
1891,69,2,414,289
1892,61,2,52,36
1893,42,2,68,47
1893,94,2,188,131
1894,32,2,425,297
1894,91,2,366,256
1894,19,3,430,301
1894,82,1,267,186
1895,21,2,440,308
1896,50,3,352,246
1896,5,2,423,296
1896,91,2,215,150
1897,66,3,413,289
1897,64,3,278,194
1897,81,3,447,312
1897,47,2,347,242
1898,84,3,295,206
1898,28,3,56,39
1899,58,2,310,217
1899,60,2,387,270
1899,100,3,435,304
1899,51,1,123,86
1899,99,2,147,102
1900,89,1,260,182
1901,15,3,122,85
1901,79,1,86,60
1901,99,1,347,242
1901,56,2,78,54
1902,24,3,381,266
1902,63,3,207,144
1903,51,2,394,275
1903,1,2,194,135
1903,94,3,167,116
1904,1,2,247,172
1904,34,3,63,44
1904,9,2,257,179
1904,75,2,81,56
1905,45,2,290,203
1906,36,3,124,86
1907,53,3,108,75
1907,37,2,464,324
1907,59,2,446,312
1908,44,3,497,347
1908,70,1,252,176
1908,33,1,450,315
1908,52,2,57,39
1909,11,3,395,276
1909,13,1,63,44
1909,26,3,79,55
1909,54,3,275,192
1910,55,3,162,113
1911,97,1,228,159
1911,60,1,138,96
1911,35,3,59,41
1911,29,1,318,222
1911,37,2,173,121
1912,19,2,482,337
1912,45,1,438,306
1913,6,3,296,207
1913,14,2,317,221
1913,90,2,335,234
1913,65,2,216,151
1914,60,2,319,223
1914,43,2,350,244
1914,14,3,355,248
1914,26,3,452,316
1914,57,3,128,89
1915,100,1,164,114
1915,73,1,84,58
1915,22,2,421,294
1915,33,3,390,273
1916,40,3,121,84
1916,59,1,288,201
1916,33,2,155,108
1916,83,2,210,147
1917,44,3,179,125
1917,7,3,413,289
1917,29,2,342,239
1917,63,1,149,104
1917,36,1,80,56
1918,60,2,407,284
1918,53,1,441,308
1918,68,1,476,333
1918,45,1,431,301
1919,61,3,486,340
1919,61,1,316,221
1919,12,1,93,65
1919,7,2,183,128
1919,100,2,388,271
1920,30,1,318,222
1920,11,1,104,72
1920,90,2,139,97
1921,47,1,126,88
1922,68,3,279,195
1922,1,3,323,226
1922,50,1,271,189
1923,74,3,444,310
1923,91,1,79,55
1924,16,2,254,177
1924,87,2,323,226
1925,27,3,162,113
1926,83,3,237,165
1927,66,3,490,343
1928,59,3,65,45
1928,25,1,267,186
1929,89,2,203,142
1929,55,3,254,177
1929,31,1,178,124
1929,52,1,483,338
1930,34,1,285,199
1931,79,2,146,102
1931,22,2,360,251
1931,97,1,461,322
1931,48,3,59,41
1932,36,3,122,85
1933,83,3,352,246
1934,10,2,50,35
1934,31,3,204,142
1934,24,2,463,324
1934,41,1,430,301
1934,32,3,205,143
1935,38,3,66,46
1935,81,2,81,56
1935,89,3,401,280
1936,76,1,394,275
1936,60,1,460,322
1936,6,2,86,60
1936,25,1,414,289
1937,9,3,205,143
1937,60,3,51,35
1937,86,1,363,254
1937,78,2,462,323
1938,78,1,229,160
1938,51,1,266,186
1938,97,1,217,151
1938,93,2,81,56
1939,50,2,276,193
1939,82,1,186,130
1939,1,2,71,49
1939,14,1,69,48
1939,63,3,189,132
1940,63,3,89,62
1941,95,1,144,100
1941,42,3,295,206
1942,44,2,164,114
1942,10,3,368,257
1942,96,2,161,112
1943,91,3,293,205
1943,59,3,446,312
1943,99,3,381,266
1943,20,3,428,299
1944,6,2,486,340
1944,24,2,52,36
1944,96,2,438,306
1944,24,3,120,84
1945,50,3,350,244
1945,97,1,388,271
1945,12,2,175,122
1945,4,2,70,49
1946,75,2,65,45
1946,66,1,499,349
1946,95,1,463,324
1947,36,2,405,283
1947,60,1,285,199
1947,67,3,465,325
1948,27,1,107,74
1948,13,2,345,241
1948,11,1,156,109
1948,44,2,222,155
1948,78,1,103,72
1949,24,3,348,243
1949,60,2,294,205
1950,53,1,271,189
1951,44,2,393,275
1951,40,3,183,128
1952,15,2,343,240
1952,1,2,54,37
1952,26,1,500,350
1952,33,1,300,210
1952,79,2,422,295
1953,15,1,468,327
1953,61,1,103,72
1953,11,3,245,171
1953,12,2,346,242
1954,55,3,296,207
1954,85,1,132,92
1954,90,1,139,97
1955,77,2,349,244
1955,55,1,435,304
1955,31,1,164,114
1955,74,1,427,298
1955,56,3,89,62
1956,31,1,353,247
1956,82,2,470,329
1956,70,2,109,76
1957,49,3,101,70
1957,50,3,136,95
1957,15,2,147,102
1957,14,1,210,147
1958,60,1,318,222
1958,12,2,304,212
1959,26,1,278,194
1959,23,1,475,332
1960,13,1,386,270
1960,31,1,79,55
1961,36,3,399,279
1962,2,3,319,223
1963,37,1,459,321
1963,74,3,487,340
1963,94,1,215,150
1963,57,3,101,70
1964,7,3,389,272
1964,18,3,495,346
1964,82,2,414,289
1964,35,1,86,60
1964,44,2,137,95
1965,94,3,397,277
1966,95,3,98,68
1966,79,1,492,344
1966,81,3,219,153
1967,10,3,122,85
1967,52,3,202,141
1967,18,1,492,344
1967,68,3,378,264
1967,37,2,370,259
1968,40,3,327,228
1969,57,2,65,45
1969,29,2,163,114
1969,68,2,421,294
1969,49,1,274,191
1969,40,3,146,102
1970,57,3,435,304
1970,68,2,66,46
1971,42,1,267,186
1971,43,3,98,68
1971,86,1,418,292
1971,14,2,231,161
1972,10,3,479,335
1973,46,2,56,39
1973,13,1,119,83
1973,51,2,100,70
1974,21,3,130,91
1974,68,2,456,319
1974,80,1,86,60
1974,48,1,250,175
1974,50,1,249,174
1975,55,1,226,158
1975,19,1,360,251
1976,16,1,413,289
1976,61,1,83,58
1976,4,1,75,52
1976,1,1,417,291
1976,77,3,195,136
1977,61,2,72,50
1977,51,2,193,135
1977,90,1,61,42
1977,61,3,267,186
1978,49,2,365,255
1978,25,1,277,193
1979,57,2,255,178
1979,81,2,342,239
1979,50,3,461,322
1979,83,3,224,156
1980,40,3,151,105
1980,66,2,124,86
1980,81,2,251,175
1980,44,2,468,327
1980,45,2,319,223
1981,74,1,340,237
1981,54,3,93,65
1982,53,1,127,88
1982,17,1,298,208
1982,7,1,425,297
1982,49,1,329,230
1982,17,1,91,63
1983,44,3,296,207
1983,11,2,152,106
1984,67,3,462,323
1984,45,1,483,338
1984,33,3,270,189
1984,20,2,309,216
1984,55,1,284,198
1985,54,1,92,64
1985,45,3,411,287
1985,60,3,319,223
1986,60,3,346,242
1986,52,3,456,319
1986,12,2,326,228
1987,38,3,452,316
1987,8,3,138,96
1988,74,2,211,147
1988,56,2,196,137
1988,94,1,139,97
1989,86,1,450,315
1990,74,3,198,138
1990,15,1,169,118
1990,81,1,302,211
1991,8,1,208,145
1991,39,1,245,171
1991,84,1,348,243
1992,14,2,112,78
1992,47,1,94,65
1993,2,2,152,106
1993,55,1,372,260
1993,62,2,274,191
1993,18,2,233,163
1994,54,3,105,73
1995,61,3,87,60
1995,3,1,367,256
1995,22,3,255,178
1995,9,3,271,189
1995,42,1,442,309
1996,74,1,181,126
1996,34,1,141,98
1996,9,2,188,131
1996,62,1,460,322
1997,87,1,470,329
1997,31,2,181,126
1997,90,1,231,161
1998,97,3,124,86
1998,77,1,444,310
1998,73,2,359,251
1998,36,2,81,56
1999,76,2,82,57
1999,55,3,177,123
1999,24,3,211,147
1999,8,2,160,112
1999,94,1,175,122
2000,99,2,478,334
2000,13,2,319,223
2001,83,1,129,90
2002,71,2,150,105
2003,70,3,219,153
2004,32,3,168,117
2004,55,1,196,137
2004,38,1,323,226
2004,97,3,294,205
2005,50,3,495,346
2005,76,3,300,210
2006,93,1,189,132
2006,96,2,57,39
2006,83,1,264,184
2006,53,2,358,250
2007,76,3,442,309
2007,44,3,455,318
2007,22,1,418,292
2008,35,1,382,267
2008,85,2,262,183
2009,52,3,275,192
2009,18,3,325,227
2009,22,1,92,64
2009,56,3,163,114
2010,74,3,440,308
2010,69,2,357,249
2010,53,2,193,135
2010,36,2,249,174
2011,96,2,361,252
2011,10,2,187,130
2012,66,2,298,208
2012,59,2,257,179
2013,13,3,123,86
2014,99,3,128,89
2014,73,1,324,226
2014,29,1,425,297
2014,63,1,64,44
2014,93,2,280,196
2015,26,3,432,302
2015,20,2,245,171
2015,46,1,265,185
2016,50,1,86,60
2017,60,3,262,183
2017,23,3,302,211
2018,22,3,209,146
2019,32,3,263,184
2020,58,2,239,167
2020,39,2,400,280
2021,43,1,161,112
2022,21,1,262,183
2022,81,2,344,240
2023,10,1,262,183
2024,54,2,427,298
2024,23,1,438,306
2024,35,2,352,246
2024,46,1,78,54
2024,21,3,295,206
2025,99,2,313,219
2025,74,1,105,73
2025,87,1,282,197
2025,82,3,81,56
2025,86,1,183,128
2026,4,2,410,287
2026,85,2,274,191
2026,14,2,360,251
2026,66,3,208,145
2027,46,3,331,231
2027,35,2,445,311
2027,96,1,227,158
2028,33,3,105,73
2028,23,2,435,304
2028,8,1,224,156
2029,52,1,414,289
2029,36,3,186,130
2030,95,2,214,149
2030,19,1,308,215
2030,83,3,178,124
2030,4,2,112,78
2031,85,3,98,68
2031,57,2,352,246
2031,95,2,135,94
2032,4,3,416,291
2032,57,2,406,284
2032,88,1,151,105
2033,27,2,197,137
2033,87,2,414,289
2033,49,1,452,316
2033,65,3,314,219
2034,4,1,335,234
2034,14,2,66,46
2034,12,2,335,234
2034,26,2,443,310
2034,66,3,163,114
2035,43,2,385,269
2035,46,2,196,137
2035,57,1,317,221
2036,14,1,199,139
2036,62,2,368,257
2036,91,1,368,257
2037,47,1,379,265
2037,5,3,122,85
2038,100,3,114,79
2038,1,1,73,51
2039,1,1,311,217
2040,8,2,100,70
2040,63,2,365,255
2040,8,1,107,74
2040,80,3,286,200
2040,9,3,373,261
2041,33,1,58,40
2041,92,1,379,265
2042,16,1,440,308
2042,89,3,493,345
2042,62,3,157,109
2042,82,2,408,285
2043,1,2,369,258
2043,20,2,404,282
2044,39,3,225,157
2044,39,2,305,213
2044,91,1,287,200
2044,83,1,111,77
2045,73,3,174,121
2045,98,1,415,290
2046,57,2,123,86
2046,98,3,124,86
2046,17,1,428,299
2046,14,1,281,196
2046,32,1,245,171
2047,85,1,171,119
2047,63,1,79,55
2047,97,3,289,202
2047,18,1,153,107
2048,6,1,57,39
2048,63,1,83,58
2048,16,3,184,128
2048,18,1,213,149
2048,95,2,365,255
2049,3,2,359,251
2050,36,1,224,156
2050,18,1,153,107
2050,45,3,214,149
2051,46,1,106,74
2051,28,1,153,107
2051,77,1,165,115
2052,21,1,143,100
2052,95,1,238,166
2052,78,1,105,73
2053,38,3,216,151
2053,26,3,299,209
2053,7,3,216,151
2053,4,3,166,116
2053,99,3,54,37
2054,32,3,59,41
2054,78,3,178,124
2054,69,1,338,236
2055,18,2,168,117
2055,11,3,334,233
2056,41,3,233,163
2057,19,2,458,320
2057,45,1,58,40
2057,44,2,456,319
2057,35,2,99,69
2057,83,1,445,311
2058,73,3,414,289
2058,20,3,378,264
2058,11,2,450,315
2058,54,3,357,249
2059,83,1,268,187
2059,45,2,172,120
2059,98,3,220,154
2059,78,2,182,127
2060,54,1,449,314
2061,30,3,105,73
2061,16,1,173,121
2061,72,2,174,121
2061,46,2,394,275
2061,44,2,152,106
2062,10,2,393,275
2062,83,1,297,207
2062,100,3,99,69
2063,35,1,142,99
2063,30,2,341,238
2063,74,2,344,240
2063,32,2,452,316
2063,14,3,286,200
2064,71,1,384,268
2064,79,3,109,76
2064,37,1,388,271
2065,19,1,217,151
2065,41,3,264,184
2065,74,1,229,160
2066,15,2,227,158
2066,49,2,463,324
2067,3,1,110,77
2067,73,1,401,280
2067,42,2,445,311
2067,75,1,185,129
2068,39,3,443,310
2068,26,3,391,273
2068,76,3,97,67
2069,14,3,444,310
2069,29,3,229,160
2069,96,1,457,319
2069,72,3,65,45
2070,18,3,223,156
2070,85,3,453,317
2070,42,1,248,173
2070,25,2,375,262
2070,16,1,144,100
2071,64,3,196,137
2071,71,2,109,76
2071,77,2,103,72
2071,35,1,57,39
2071,41,2,270,189
2072,83,3,181,126
2072,52,3,92,64
2072,91,2,375,262
2072,76,2,151,105
2073,43,3,118,82
2073,67,3,106,74
2074,45,2,388,271
2074,90,3,409,286
2075,20,2,198,138
2075,25,1,279,195
2075,54,1,383,268
2075,49,2,291,203
2075,90,2,71,49
2076,54,1,59,41
2076,94,3,464,324
2076,56,1,391,273
2076,4,3,211,147
2077,79,1,186,130
2077,88,2,111,77
2077,12,1,435,304
2078,93,2,434,303
2078,83,1,118,82
2079,45,1,306,214
2079,73,1,145,101
2079,18,2,66,46
2080,23,2,417,291
2080,94,1,195,136
2080,90,2,207,144
2080,30,1,102,71
2080,92,3,210,147
2081,23,2,498,348
2081,38,3,261,182
2081,70,3,303,212
2082,69,3,457,319
2082,79,3,415,290
2082,26,2,273,191
2083,99,3,90,62
2083,56,2,425,297
2083,86,1,112,78
2083,11,1,427,298
2084,23,3,346,242
2084,84,1,490,343
2084,10,1,110,77
2084,51,3,106,74
2084,9,1,447,312
2085,49,3,219,153
2086,26,2,109,76
2086,68,2,172,120
2086,53,2,192,134
2086,30,3,122,85
2087,97,1,212,148
2087,6,3,425,297
2087,34,2,385,269
2087,47,1,362,253
2087,24,3,259,181
2088,70,2,375,262
2088,21,1,58,40
2089,53,3,310,217
2089,11,3,296,207
2090,59,2,156,109
2090,37,2,55,38
2090,88,3,146,102
2090,23,1,174,121
2090,10,2,254,177
2091,31,3,78,54
2091,36,2,236,165
2091,48,2,276,193
2092,95,1,365,255
2093,3,1,492,344
2093,75,2,93,65
2093,99,2,205,143
2094,100,1,179,125
2094,9,1,448,313
2094,12,3,200,140
2094,13,1,300,210
2095,52,1,82,57
2096,74,3,62,43
2096,61,3,479,335
2096,74,3,170,118
2096,50,3,242,169
2097,43,3,445,311
2098,86,1,199,139
2098,8,3,191,133
2099,23,1,112,78
2099,72,3,498,348
2099,48,2,440,308
2099,94,3,403,282
2100,56,1,256,179
2100,96,2,301,210
2101,44,3,100,70
2101,35,1,270,189
2101,56,2,448,313
2102,54,1,255,178
2102,39,2,68,47
2102,99,3,372,260
2102,81,1,92,64
2103,76,1,382,267
2103,69,1,361,252
2103,63,1,92,64
2104,14,3,436,305
2104,89,3,495,346
2104,12,3,130,91
2105,39,2,194,135
2105,67,3,268,187
2105,58,1,447,312
2105,42,1,357,249
2105,63,1,103,72
2106,21,3,275,192
2106,54,3,343,240
2107,74,1,442,309
2108,20,2,287,200
2108,70,1,438,306
2109,47,1,417,291
2110,22,3,482,337
2110,29,2,407,284
2111,20,1,408,285
2111,91,2,167,116
2111,81,2,186,130
2112,10,1,338,236
2112,75,2,152,106
2112,70,2,425,297
2112,29,2,156,109
2112,9,1,50,35
2113,79,2,476,333
2113,60,1,142,99
2113,36,1,372,260
2114,11,2,385,269
2114,18,3,237,165
2115,36,3,61,42
2115,16,3,223,156
2116,64,3,431,301
2117,32,1,412,288
2117,34,2,75,52
2117,72,3,227,158
2117,33,3,474,331
2117,75,2,133,93
2118,100,2,112,78
2118,9,2,428,299
2118,19,1,174,121
2118,50,2,368,257
2118,45,1,90,62
2119,80,2,390,273
2119,72,3,91,63
2120,38,2,265,185
2121,48,2,409,286
2121,9,3,431,301
2122,19,2,403,282
2122,41,3,444,310
2122,17,2,251,175
2122,61,1,437,305
2122,62,3,194,135
2123,60,3,472,330
2124,70,2,249,174
2124,52,2,238,166
2124,51,2,394,275
2124,82,1,437,305
2124,33,2,144,100
2125,36,1,246,172
2126,62,1,294,205
2126,74,1,361,252
2126,20,2,410,287
2126,33,1,70,49
2127,58,1,291,203
2127,69,3,360,251
2127,32,3,199,139
2127,85,3,99,69
2128,81,3,205,143
2128,17,2,110,77
2128,21,1,431,301
2129,6,1,255,178
2129,42,1,164,114
2129,71,1,337,235
2129,11,3,198,138
2129,83,1,435,304
2130,38,1,212,148
2130,80,3,433,303
2130,87,2,89,62
2130,63,3,109,76
2130,20,1,308,215
2131,54,3,301,210
2131,40,3,277,193
2132,88,3,355,248
2132,82,3,485,339
2133,39,1,314,219
2134,98,1,360,251
2134,3,1,108,75
2134,2,2,177,123
2135,85,1,101,70
2135,1,3,244,170
2135,65,1,257,179
2135,24,1,57,39
2135,80,3,420,294
2136,95,2,196,137
2136,68,2,315,220
2136,14,2,264,184
2136,84,2,125,87
2136,40,3,191,133
2137,46,1,287,200
2137,40,2,439,307
2137,41,2,343,240
2138,95,1,193,135
2138,16,2,451,315
2138,49,3,496,347
2138,20,1,62,43
2138,85,3,257,179
2139,91,2,347,242
2140,95,1,449,314
2141,14,3,183,128
2141,29,1,232,162
2142,83,3,275,192
2142,22,1,135,94
2143,94,2,366,256
2143,36,1,234,163
2143,86,2,452,316
2143,33,2,432,302
2144,41,1,182,127
2144,57,2,365,255
2144,53,3,215,150
2144,13,3,499,349
2145,87,3,392,274
2145,42,2,283,198
2145,72,3,319,223
2145,55,1,466,326
2145,53,3,285,199
2146,2,1,341,238
2147,75,1,199,139
2148,40,3,226,158
2149,49,2,269,188
2150,52,2,443,310
2150,13,2,340,237
2151,75,2,450,315
2151,80,2,423,296
2152,58,3,317,221
2152,87,3,372,260
2153,80,2,218,152
2153,72,1,275,192
2153,46,2,258,180
2153,73,3,404,282
2153,79,3,445,311
2154,11,1,320,224
2154,96,2,218,152
2154,87,3,339,237
2155,39,3,54,37
2155,99,2,483,338
2155,24,2,159,111
2155,55,2,203,142
2156,61,1,195,136
2156,78,3,339,237
2156,77,2,174,121
2157,68,3,207,144
2157,8,1,289,202
2157,87,2,320,224
2158,24,2,260,182
2158,81,2,359,251
2158,57,2,83,58
2159,60,2,71,49
2159,14,1,482,337
2160,25,2,235,164
2160,81,2,449,314
2160,1,1,288,201
2160,54,3,282,197
2161,79,2,417,291
2162,17,1,106,74
2162,48,3,382,267
2162,67,3,496,347
2162,23,3,222,155
2162,90,1,326,228
2163,90,3,472,330
2163,8,1,499,349
2163,14,1,304,212
2163,47,2,254,177
2164,88,3,427,298
2164,43,1,463,324
2165,31,1,289,202
2165,88,2,257,179
2165,73,2,484,338
2166,69,1,382,267
2167,16,1,412,288
2167,19,3,271,189
2167,93,1,392,274
2167,50,3,211,147
2167,91,1,343,240
2168,15,3,215,150
2169,16,1,462,323
2170,41,1,78,54
2170,20,2,303,212
2170,1,1,435,304
2170,13,1,155,108
2170,64,2,500,350
2171,98,1,356,249
2172,86,2,458,320
2172,16,3,398,278
2173,52,3,482,337
2173,77,2,193,135
2174,36,1,51,35
2175,71,1,347,242
2175,81,2,208,145
2175,36,2,403,282
2176,72,1,198,138
2176,78,1,451,315
2176,72,1,274,191
2176,53,3,374,261
2177,37,1,108,75
2178,42,2,442,309
2178,70,2,134,93
2178,43,1,471,329
2178,67,3,302,211
2178,32,2,395,276
2179,56,3,291,203
2179,16,1,127,88
2179,62,1,419,293
2179,51,1,222,155
2180,38,1,373,261
2180,98,1,389,272
2181,80,2,125,87
2181,13,3,323,226
2181,34,1,449,314
2181,63,2,57,39
2182,69,3,161,112
2182,39,3,437,305
2182,16,1,377,263
2182,95,3,228,159
2183,82,2,389,272
2183,36,1,166,116
2184,11,2,186,130
2184,7,1,332,232
2184,77,2,71,49
2184,79,2,157,109
2185,69,1,162,113
2185,7,1,378,264
2186,3,1,488,341
2186,90,3,396,277
2187,83,2,232,162
2188,48,1,127,88
2189,95,1,344,240
2190,43,1,411,287
2190,60,3,364,254
2190,80,2,215,150
2191,65,3,59,41
2191,94,1,247,172
2191,17,2,105,73
2192,43,2,272,190
2193,52,2,208,145
2193,27,1,392,274
2193,24,2,426,298
2193,62,1,428,299
2194,39,3,216,151
2194,90,2,235,164
2194,24,2,330,230
2194,77,3,330,230
2194,25,2,127,88
2195,23,3,146,102
2195,15,2,300,210
2196,2,2,73,51
2196,45,3,324,226
2196,18,2,490,343
2196,52,1,128,89
2197,52,3,453,317
2197,99,3,341,238
2197,68,1,186,130
2197,66,1,241,168
2198,81,1,132,92
2198,12,3,436,305
2199,11,2,488,341
2199,29,2,379,265
2200,59,3,456,319
2200,30,3,203,142
2200,90,3,326,228
2201,8,3,260,182
2201,40,2,388,271
2201,37,1,437,305
2201,37,2,188,131
2202,9,3,356,249
2202,72,3,319,223
2202,61,2,344,240
2203,34,2,139,97
2203,34,2,55,38
2203,43,2,234,163
2203,50,3,476,333
2204,98,1,356,249
2204,92,1,59,41
2204,99,2,314,219
2205,48,1,453,317
2205,57,2,213,149
2206,47,2,382,267
2206,74,3,90,62
2206,71,2,391,273
2207,60,2,299,209
2208,35,1,83,58
2208,75,1,226,158
2208,27,1,351,245
2208,2,2,393,275
2208,49,2,207,144
2209,9,3,299,209
2209,11,1,363,254
2209,97,1,467,326
2209,79,1,394,275
2209,17,3,245,171
2210,39,3,208,145
2210,53,3,106,74
2210,21,3,273,191
2210,11,3,370,259
2211,58,1,473,331
2212,46,3,364,254
2212,97,3,72,50
2213,4,1,264,184
2213,7,1,154,107
2213,82,2,258,180
2213,23,1,168,117
2213,57,2,277,193
2214,43,3,493,345
2214,94,2,162,113
2214,80,3,385,269
2215,60,2,426,298
2215,16,1,255,178
2215,84,3,144,100
2215,24,2,57,39
2216,26,3,315,220
2216,76,3,322,225
2216,61,1,280,196
2216,33,3,204,142
2217,88,1,314,219
2217,46,2,218,152
2218,59,3,187,130
2218,93,1,278,194
2219,100,1,152,106
2220,77,2,373,261
2220,81,1,352,246
2220,85,2,226,158
2221,5,3,500,350
2221,3,2,482,337
2221,13,2,216,151
2221,16,1,83,58
2221,82,1,235,164
2222,15,1,390,273
2223,48,2,120,84
2223,82,1,243,170
2224,59,2,284,198
2224,40,3,115,80
2225,21,1,219,153
2225,66,2,163,114
2225,73,2,116,81
2225,66,1,327,228
2226,8,3,285,199
2226,98,3,85,59
2226,46,1,437,305
2227,9,1,314,219
2227,71,3,443,310
2227,95,1,260,182
2228,20,3,170,118
2228,83,1,94,65
2229,66,3,432,302
2229,58,1,356,249
2230,30,1,123,86
2230,76,2,95,66
2231,8,2,429,300
2231,74,1,77,53
2231,69,1,465,325
2231,38,1,431,301
2232,95,2,174,121
2233,28,1,387,270
2233,96,3,242,169
2233,86,1,67,46
2234,70,1,168,117
2234,45,2,310,217
2235,57,2,96,67
2236,51,3,359,251
2237,32,3,115,80
2237,30,1,129,90
2237,56,3,136,95
2238,87,2,182,127
2238,84,3,266,186
2238,100,1,491,343
2239,35,3,130,91
2239,1,3,59,41
2239,20,1,84,58
2239,30,2,233,163
2239,90,1,479,335
2240,84,1,368,257
2241,18,3,454,317
2241,79,2,181,126
2241,12,1,258,180
2241,70,1,143,100
2242,12,1,248,173
2242,91,2,349,244
2242,66,3,420,294
2242,37,3,442,309
2243,78,1,216,151
2244,89,3,166,116
2244,27,2,431,301
2244,49,1,318,222
2244,80,3,201,140
2245,98,3,69,48
2245,63,3,304,212
2246,9,2,385,269
2246,91,2,477,333
2246,85,1,50,35
2247,69,3,499,349
2247,90,2,295,206
2247,54,2,117,81
2248,9,3,73,51
2248,74,2,141,98
2248,26,1,383,268
2249,67,3,407,284
2249,100,2,244,170
2249,58,2,136,95
2249,93,2,420,294
2250,85,2,243,170
2250,54,2,208,145
2250,84,1,144,100
2251,7,2,209,146
2251,37,2,77,53
2251,21,1,287,200
2252,95,3,455,318
2252,61,2,431,301
2252,72,2,133,93
2252,79,2,242,169
2252,72,2,205,143
2253,72,3,149,104
2253,53,2,197,137
2253,80,1,91,63
2254,82,3,495,346
2254,71,2,380,266
2254,80,2,88,61
2255,4,3,450,315
2256,77,1,273,191
2256,23,1,59,41
2257,43,2,148,103
2257,65,1,411,287
2257,67,2,457,319
2258,24,3,239,167
2258,90,1,384,268
2258,11,3,364,254
2258,57,1,83,58
2258,8,1,211,147
2259,90,3,476,333
2259,13,2,345,241
2259,83,3,437,305
2260,24,1,410,287
2260,40,1,380,266
2260,21,3,114,79
2261,67,3,104,72
2261,70,3,442,309
2261,76,2,344,240
2262,21,3,257,179
2262,81,3,121,84
2262,9,2,280,196
2262,1,2,304,212
2263,11,2,389,272
2263,18,2,312,218
2263,28,3,435,304
2263,96,1,149,104
2264,45,3,96,67
2265,29,2,223,156
2265,5,2,346,242
2266,91,1,326,228
2266,13,3,284,198
2267,18,2,471,329
2268,61,3,410,287
2268,23,3,341,238
2268,73,2,444,310
2269,79,2,496,347
2269,4,2,223,156
2270,44,3,173,121
2270,56,3,283,198
2271,17,3,385,269
2271,24,2,154,107
2271,41,3,416,291
2271,45,2,164,114
2272,51,3,289,202
2272,98,2,433,303
2272,7,3,52,36
2272,8,2,186,130
2273,11,2,390,273
2273,62,2,155,108
2273,13,2,149,104
2273,81,3,257,179
2274,11,2,143,100
2274,50,2,299,209
2275,40,1,187,130
2275,82,1,200,140
2275,3,2,232,162
2276,95,2,177,123
2277,94,1,65,45
2277,41,1,381,266
2277,13,1,157,109
2277,91,3,128,89
2278,64,2,382,267
2278,50,2,96,67
2278,52,2,116,81
2278,63,3,143,100
2278,78,2,276,193
2279,68,2,86,60
2279,1,2,482,337
2279,40,2,201,140
2279,9,2,264,184
2279,3,1,492,344
2280,52,2,323,226
2280,21,2,301,210
2281,70,3,206,144
2281,45,3,471,329
2281,63,3,212,148
2281,97,1,197,137
2282,79,1,128,89
2282,30,3,257,179
2282,8,1,476,333
2282,62,2,267,186
2283,52,2,250,175
2283,38,1,265,185
2283,42,1,158,110
2283,35,1,156,109
2283,13,3,429,300
2284,83,2,350,244
2284,49,3,86,60
2284,36,2,76,53
2284,24,3,457,319
2285,91,3,428,299
2285,13,1,89,62
2285,96,2,367,256
2285,2,3,167,116
2285,44,2,238,166
2286,91,2,437,305
2287,88,1,378,264
2287,81,1,383,268
2287,39,3,425,297
2288,56,2,217,151
2288,82,1,227,158
2288,21,2,383,268
2288,34,3,453,317
2289,14,1,239,167
2289,10,3,87,60
2290,98,2,338,236
2290,5,2,198,138
2290,43,1,151,105
2290,44,2,76,53
2290,55,1,396,277
2291,7,3,156,109
2291,34,2,104,72
2291,19,2,350,244
2291,25,1,72,50
2292,59,1,355,248
2292,83,3,407,284
2292,40,2,222,155
2293,91,1,493,345
2293,55,1,128,89
2293,34,2,231,161
2293,98,2,219,153
2293,58,1,216,151
2294,7,2,130,91
2294,19,3,125,87
2294,57,1,464,324
2295,58,2,201,140
2296,67,3,456,319
2296,93,2,249,174
2296,90,2,308,215
2297,2,1,427,298
2297,46,1,354,247
2297,88,3,327,228
2298,14,2,346,242
2298,34,2,124,86
2298,26,2,273,191
2298,16,2,498,348
2298,43,1,360,251
2299,87,3,347,242
2299,75,2,106,74
2299,72,2,271,189
2299,44,3,209,146
2299,51,2,307,214
2300,66,3,237,165
2301,23,1,382,267
2301,76,1,291,203
2301,6,2,143,100
2301,22,1,447,312
2301,76,3,232,162
2302,71,1,312,218
2302,62,1,157,109
2302,1,2,256,179
2302,30,1,228,159
2302,44,1,473,331
2303,60,3,176,123
2303,1,1,328,229
2303,46,2,176,123
2304,3,2,151,105
2305,22,2,282,197
2305,65,2,146,102
2305,40,2,270,189
2306,49,1,226,158
2306,89,3,305,213
2307,45,1,450,315
2307,97,1,334,233
2307,28,3,381,266
2307,3,2,160,112
2307,4,3,197,137
2308,59,3,79,55
2309,57,3,447,312
2309,10,1,443,310
2309,71,1,387,270
2309,63,2,161,112
2309,54,2,400,280
2310,96,1,82,57
2310,51,3,480,336
2310,45,3,299,209
2310,48,1,401,280
2311,60,1,304,212
2311,42,2,499,349
2311,97,1,76,53
2311,94,1,330,230
2312,62,2,263,184
2313,2,3,206,144
2313,38,2,419,293
2313,59,2,83,58
2313,53,2,68,47
2313,32,1,89,62
2314,54,1,194,135
2314,34,3,375,262
2315,57,3,276,193
2315,37,3,206,144
2315,26,1,289,202
2315,72,3,137,95
2315,90,3,343,240
2316,19,2,159,111
2316,92,3,205,143
2316,30,2,97,67
2316,92,3,70,49
2317,100,1,171,119
2317,2,1,152,106
2317,85,3,189,132
2317,35,2,450,315
2317,2,2,130,91
2318,72,2,220,154
2318,97,1,395,276
2318,20,1,385,269
2318,20,2,339,237
2319,53,3,151,105
2319,66,1,349,244
2319,47,2,268,187
2319,4,3,497,347
2320,71,3,227,158
2320,46,3,237,165
2320,38,2,324,226
2320,82,1,117,81
2320,27,3,76,53
2321,61,3,464,324
2321,46,3,295,206
2321,2,2,367,256
2321,44,2,483,338
2321,77,2,420,294
2322,63,2,314,219
2322,93,1,452,316
2322,25,2,242,169
2322,60,2,288,201
2323,92,2,488,341
2323,75,2,490,343
2323,29,2,139,97
2323,61,1,329,230
2323,36,3,94,65
2324,57,2,440,308
2324,33,2,379,265
2324,69,3,234,163
2324,52,3,254,177
2324,63,3,226,158
2325,15,2,231,161
2325,50,1,444,310
2326,44,1,59,41
2326,38,3,388,271
2326,42,1,376,263
2326,7,2,361,252
2326,77,2,229,160
2327,54,1,106,74
2328,90,2,133,93
2328,40,3,238,166
2328,35,2,293,205
2328,83,1,464,324
2329,63,1,173,121
2329,5,3,140,98
2329,95,2,102,71
2329,51,3,123,86
2329,7,2,305,213
2330,14,1,299,209
2331,57,3,475,332
2332,85,3,96,67
2332,99,3,408,285
2332,64,2,432,302
2332,21,2,251,175
2332,22,2,427,298
2333,27,3,484,338
2333,62,2,204,142
2333,11,2,54,37
2333,12,1,410,287
2333,26,3,336,235
2334,43,2,407,284
2334,69,1,58,40
2334,41,3,448,313
2334,71,3,156,109
2334,63,3,393,275
2335,51,1,264,184
2335,41,3,283,198
2335,91,1,76,53
2335,58,3,237,165
2335,45,3,471,329
2336,33,2,102,71
2337,1,2,306,214
2337,52,1,498,348
2337,95,1,431,301
2338,5,2,110,77
2339,39,1,454,317
2340,98,3,273,191
2340,99,1,373,261
2341,99,3,238,166
2342,40,3,86,60
2342,91,1,291,203
2342,92,3,434,303
2343,72,3,205,143
2343,70,2,426,298
2343,25,1,237,165
2344,6,3,121,84
2344,8,1,200,140
2344,57,2,143,100
2344,28,3,437,305
2344,79,1,307,214
2345,88,1,415,290
2345,15,3,281,196
2346,36,1,304,212
2346,76,1,498,348
2346,76,2,424,296
2347,9,3,366,256
2347,22,2,358,250
2347,61,2,430,301
2348,7,1,299,209
2348,46,2,394,275
2349,100,1,164,114
2350,22,1,303,212
2351,38,1,218,152
2351,32,2,138,96
2351,4,3,416,291
2351,2,1,276,193
2352,11,1,58,40
2353,99,1,397,277
2353,5,2,310,217
2353,44,3,195,136
2354,80,2,209,146
2354,66,3,399,279
2354,26,3,170,118
2354,37,3,117,81
2354,47,3,162,113
2355,20,3,357,249
2355,35,2,207,144
2356,81,1,142,99
2356,96,1,221,154
2356,7,3,487,340
2356,49,3,119,83
2357,85,2,348,243
2357,55,2,435,304
2357,18,3,55,38
2358,6,2,152,106
2358,36,2,412,288
2359,23,2,476,333
2359,15,1,404,282
2359,69,1,450,315
2359,28,1,232,162
2360,38,1,410,287
2360,55,3,352,246
2360,33,2,268,187
2360,31,3,281,196
2360,24,3,412,288
2361,85,2,173,121
2362,99,2,215,150
2362,87,3,326,228
2363,85,2,368,257
2363,70,1,404,282
2363,81,2,307,214
2363,65,3,393,275
2364,12,3,450,315
2364,13,2,426,298
2364,97,2,373,261
2364,11,3,154,107
2365,56,2,280,196
2365,17,2,396,277
2365,38,1,332,232
2365,16,1,259,181
2365,99,3,173,121
2366,92,2,304,212
2366,62,3,123,86
2366,94,1,332,232
2366,18,1,450,315
2367,82,2,177,123
2368,43,3,278,194
2368,89,3,87,60
2368,6,1,440,308
2369,32,1,77,53
2369,79,2,412,288
2369,58,2,74,51
2369,89,2,301,210
2369,63,3,425,297
2370,93,2,207,144
2370,54,1,484,338
2370,24,1,479,335
2370,47,1,340,237
2371,39,1,75,52
2371,46,2,452,316
2371,34,3,359,251
2371,38,2,394,275
2371,84,3,416,291
2372,47,2,142,99
2373,80,2,465,325
2373,54,1,261,182
2373,77,2,176,123
2374,87,2,221,154
2374,36,1,97,67
2375,81,2,367,256
2375,62,2,287,200
2375,16,2,337,235
2375,28,3,344,240
2376,61,1,479,335
2376,87,1,438,306
2376,39,1,452,316
2377,84,1,367,256
2378,64,1,135,94
2378,43,3,51,35
2378,54,2,71,49
2379,13,3,285,199
2379,60,3,220,154
2379,2,3,300,210
2380,4,1,218,152
2381,42,2,255,178
2381,1,2,378,264
2381,24,1,314,219
2381,81,3,130,91
2382,38,2,375,262
2382,48,3,480,336
2382,93,3,170,118
2382,19,2,344,240
2383,50,2,359,251
2383,49,3,490,343
2384,84,1,379,265
2385,82,2,283,198
2385,65,1,54,37
2386,70,3,383,268
2387,71,1,243,170
2388,95,3,174,121
2388,84,3,392,274
2388,57,1,66,46
2388,79,3,347,242
2389,62,3,341,238
2390,33,2,247,172
2390,73,3,177,123
2391,46,1,175,122
2391,39,2,259,181
2391,63,3,184,128
2391,2,1,397,277
2391,87,1,425,297
2392,96,1,462,323
2392,68,1,350,244
2393,84,3,409,286
2393,13,3,372,260
2393,34,1,105,73
2393,56,2,214,149
2394,68,3,152,106
2394,23,2,121,84
2395,70,3,117,81
2395,51,3,364,254
2396,90,3,486,340
2396,46,2,466,326
2396,71,3,108,75
2396,30,3,169,118
2397,76,1,297,207
2397,74,1,159,111
2397,26,1,342,239
2397,88,2,257,179
2397,62,3,470,329
2398,72,1,236,165
2398,49,3,96,67
2398,76,2,441,308
2399,100,1,352,246
2399,53,3,349,244
2399,49,2,416,291
2399,37,3,202,141
2400,7,1,309,216
2401,87,3,263,184
2401,53,3,429,300
2402,2,1,131,91
2403,83,3,399,279
2403,28,2,255,178
2404,31,2,455,318
2404,70,2,338,236
2404,66,2,390,273
2405,46,2,68,47
2405,2,2,202,141
2405,99,1,109,76
2406,99,2,292,204
2406,80,2,116,81
2406,61,3,380,266
2407,3,3,128,89
2407,43,2,60,42
2407,75,2,482,337
2407,55,3,402,281
2408,58,1,201,140
2408,83,1,130,91
2408,90,1,143,100
2408,46,1,297,207
2408,96,1,212,148
2409,67,3,396,277
2410,45,2,260,182
2410,97,2,407,284
2411,17,1,183,128
2411,30,3,467,326
2411,12,3,153,107
2412,91,1,196,137
2412,13,2,355,248
2413,67,2,67,46
2413,3,2,104,72
2413,6,3,218,152
2414,51,1,330,230
2414,49,3,117,81
2414,72,1,407,284
2414,1,3,173,121
2415,95,2,219,153
2415,49,1,181,126
2415,96,3,135,94
2416,34,1,73,51
2416,51,2,385,269
2417,29,1,206,144
2418,63,1,148,103
2418,56,3,112,78
2418,65,3,478,334
2419,67,1,50,35
2419,69,1,438,306
2419,95,1,473,331
2419,56,2,349,244
2419,62,1,186,130
2420,14,3,123,86
2420,72,2,75,52
2420,29,1,470,329
2420,54,3,139,97
2421,28,2,485,339
2421,13,1,442,309
2421,25,3,164,114
2421,45,2,365,255
2421,78,2,374,261
2422,20,3,154,107
2422,93,1,279,195
2422,71,1,276,193
2422,8,2,364,254
2423,99,2,183,128
2423,76,2,370,259
2423,26,2,424,296
2423,99,1,350,244
2423,56,3,449,314
2424,47,3,240,168
2425,66,2,411,287
2425,46,3,150,105
2425,83,2,118,82
2426,88,1,284,198
2426,85,1,192,134
2426,28,1,281,196
2427,6,1,209,146
2427,17,1,213,149
2427,99,1,62,43
2427,41,3,468,327
2428,19,1,328,229
2429,63,2,208,145
2429,100,1,376,263
2429,34,3,77,53
2429,99,1,283,198
2430,68,2,425,297
2430,25,3,404,282
2431,7,1,374,261
2431,7,3,153,107
2431,90,2,257,179
2431,95,1,420,294
2431,42,2,470,329
2432,61,1,256,179
2433,95,3,349,244
2434,27,1,388,271
2434,99,3,395,276
2434,18,3,447,312
2434,52,2,459,321
2435,1,3,236,165
2435,93,1,440,308
2435,93,1,314,219
2436,77,2,110,77
2436,98,3,441,308
2436,68,1,163,114
2436,96,2,262,183
2436,6,2,104,72
2437,35,1,369,258
2438,90,2,428,299
2439,6,1,97,67
2439,17,1,68,47
2439,37,2,111,77
2439,66,2,196,137
2440,48,3,124,86
2440,40,2,415,290
2440,64,3,65,45
2441,64,1,411,287
2441,9,2,311,217
2442,91,2,357,249
2442,88,3,307,214
2442,45,1,187,130
2442,6,2,460,322
2442,40,2,199,139
2443,96,2,495,346
2444,73,2,188,131
2444,87,1,212,148
2444,25,1,322,225
2445,30,3,51,35
2445,64,2,111,77
2445,78,1,311,217
2446,4,3,353,247
2446,37,1,221,154
2446,11,2,470,329
2446,59,2,436,305
2446,37,1,369,258
2447,87,3,347,242
2447,25,1,76,53
2447,40,3,267,186
2448,74,3,143,100
2448,44,2,158,110
2448,54,1,64,44
2449,23,3,457,319
2449,30,3,473,331
2450,2,3,57,39
2450,73,1,193,135
2450,100,2,107,74
2450,79,2,396,277
2451,89,2,128,89
2451,38,1,356,249
2452,88,1,496,347
2452,77,2,117,81
2452,36,2,353,247
2452,56,2,97,67
2453,40,1,220,154
2453,12,2,387,270
2453,49,1,92,64
2453,71,3,145,101
2453,28,2,155,108
2454,48,1,424,296
2454,54,3,267,186
2454,16,1,77,53
2455,45,3,218,152
2455,8,1,369,258
2455,52,2,241,168
2455,52,1,169,118
2456,49,3,301,210
2456,56,1,157,109
2457,81,1,145,101
2458,62,1,232,162
2458,25,2,279,195
2458,25,1,177,123
2458,88,3,309,216
2458,80,1,156,109
2459,4,3,372,260
2459,66,1,436,305
2459,9,1,94,65
2459,37,3,134,93
2459,13,3,427,298
2460,41,2,57,39
2461,16,2,278,194
2461,24,3,272,190
2462,40,2,478,334
2462,9,2,299,209
2462,74,3,215,150
2463,53,2,405,283
2464,14,1,437,305
2464,37,1,343,240
2464,3,2,485,339
2464,80,2,210,147
2464,44,3,168,117
2465,25,2,85,59
2465,85,2,453,317
2466,77,2,196,137
2466,76,1,343,240
2466,46,3,163,114
2466,72,2,312,218
2466,52,1,157,109
2467,20,3,159,111
2467,76,3,79,55
2467,38,2,212,148
2468,73,2,221,154
2469,74,3,335,234
2470,52,2,156,109
2470,65,2,322,225
2471,45,2,345,241
2471,57,3,430,301
2471,40,1,364,254
2471,63,2,375,262
2472,99,1,367,256
2472,60,3,184,128
2472,3,2,494,345
2473,92,2,413,289
2473,16,1,176,123
2473,18,1,139,97
2473,45,1,230,161
2473,92,1,125,87
2474,3,1,381,266
2474,47,2,216,151
2475,59,3,175,122
2476,46,3,50,35
2476,3,3,380,266
2476,31,1,281,196
2476,28,2,346,242
2477,55,3,487,340
2477,8,3,215,150
2477,24,3,480,336
2477,86,3,357,249
2478,79,1,408,285
2478,80,3,138,96
2478,25,2,440,308
2478,77,1,305,213
2479,42,2,405,283
2479,44,3,283,198
2480,43,3,249,174
2480,80,1,82,57
2480,23,1,406,284
2481,33,3,179,125
2481,86,3,92,64
2481,60,3,399,279
2481,35,1,451,315
2482,52,2,129,90
2482,8,2,224,156
2482,46,1,371,259
2482,71,1,477,333
2483,70,2,411,287
2483,26,1,146,102
2484,1,1,309,216
2484,31,1,473,331
2484,93,2,92,64
2484,54,1,293,205
2485,66,3,119,83
2485,12,3,275,192
2485,40,2,54,37
2486,44,3,349,244
2486,87,1,114,79
2486,57,2,353,247
2486,26,1,442,309
2486,6,1,250,175
2487,32,2,431,301
2488,95,1,248,173
2488,44,3,57,39
2489,44,1,242,169
2489,43,1,431,301
2490,98,3,111,77
2491,99,1,346,242
2491,62,3,394,275
2491,45,1,365,255
2491,37,3,112,78
2491,38,3,341,238
2492,70,1,208,145
2492,86,2,366,256
2492,36,2,336,235
2493,2,2,233,163
2493,89,3,497,347
2494,83,1,282,197
2495,18,1,338,236
2495,1,1,461,322
2496,23,1,245,171
2497,28,1,290,203
2497,54,1,178,124
2497,40,1,214,149
2497,1,3,370,259
2498,46,1,411,287
2499,70,2,184,128
2500,38,2,170,118
2500,78,1,324,226
2501,3,2,303,212
2502,11,3,419,293
2502,54,3,224,156
2502,79,1,105,73
2502,27,3,231,161
2503,35,3,113,79
2503,61,1,298,208
2503,57,3,361,252
2504,38,2,467,326
2504,95,1,88,61
2505,81,3,476,333
2505,78,3,380,266
2505,99,2,402,281
2505,78,2,145,101
2506,39,2,409,286
2507,50,3,239,167
2507,31,2,196,137
2507,67,2,71,49
2507,61,2,80,56
2508,23,3,433,303
2508,19,2,389,272
2509,63,1,353,247
2509,85,3,315,220
2509,71,2,125,87
2509,5,1,103,72
2510,21,2,208,145
2510,3,2,477,333
2510,42,1,215,150
2510,30,1,101,70
2511,49,1,70,49
2511,35,2,200,140
2511,97,2,301,210
2511,85,3,99,69
2512,95,2,445,311
2512,85,2,448,313
2512,73,1,424,296
2513,72,1,134,93
2514,51,1,325,227
2514,18,3,299,209
2514,94,3,276,193
2514,16,2,201,140
2514,32,1,137,95
2515,17,2,270,189
2515,74,3,236,165
2515,44,1,396,277
2515,31,1,239,167
2515,39,3,364,254
2516,35,2,497,347
2517,32,1,290,203
2517,14,1,448,313
2517,75,1,228,159
2517,28,1,166,116
2518,94,3,371,259
2518,64,2,254,177
2519,81,2,361,252
2520,2,2,482,337
2521,44,2,275,192
2521,75,1,345,241
2521,50,1,50,35
2522,48,3,378,264
2522,62,2,399,279
2522,52,2,483,338
2522,69,3,449,314
2522,8,3,345,241
2523,46,1,499,349
2523,18,3,306,214
2524,61,2,493,345
2524,10,2,112,78
2525,76,3,143,100
2526,31,2,160,112
2526,98,2,339,237
2526,42,1,258,180
2526,70,3,307,214
2527,21,3,121,84
2528,81,2,500,350
2528,66,1,354,247
2528,42,2,355,248
2529,22,1,65,45
2529,30,3,61,42
2529,64,3,275,192
2529,64,2,317,221
2530,9,3,79,55
2530,40,3,408,285
2530,78,2,170,118
2530,91,1,187,130
2530,15,2,470,329
2531,35,1,107,74
2531,69,3,336,235
2531,98,2,396,277
2531,33,1,178,124
2532,5,2,255,178
2533,53,1,441,308
2533,20,1,449,314
2533,16,3,243,170
2533,3,3,123,86
2533,87,1,139,97
2534,39,3,251,175
2534,72,2,268,187
2535,37,1,348,243
2535,32,2,403,282
2536,99,3,143,100
2536,77,2,484,338
2536,63,1,446,312
2536,48,1,414,289
2536,15,1,465,325
2537,23,3,314,219
2537,91,1,288,201
2537,26,2,495,346
2537,98,2,309,216
2537,99,1,443,310
2538,79,1,55,38
2538,65,2,262,183
2538,34,2,307,214
2539,32,3,456,319
2540,8,2,116,81
2541,61,2,327,228
2542,33,2,109,76
2542,99,1,215,150
2542,28,1,390,273
2542,42,1,201,140
2542,77,1,348,243
2543,82,2,220,154
2543,28,1,492,344
2543,95,1,403,282
2544,38,1,415,290
2544,16,2,241,168
2544,12,3,347,242
2544,40,3,157,109
2545,95,1,380,266
2545,47,3,318,222
2545,6,1,243,170
2546,26,3,361,252
2546,13,1,274,191
2546,42,3,168,117
2547,82,1,131,91
2547,28,3,138,96
2547,25,2,95,66
2547,5,2,170,118
2548,27,2,287,200
2548,26,1,103,72
2548,54,3,298,208
2548,57,1,291,203
2549,81,3,488,341
2549,76,3,161,112
2550,17,3,314,219
2550,36,1,416,291
2550,67,3,92,64
2550,1,1,406,284
2550,58,1,161,112
2551,49,1,430,301
2551,70,1,147,102
2551,34,3,301,210
2552,44,2,59,41
2552,14,3,312,218
2553,17,3,216,151
2553,1,2,111,77
2553,74,1,497,347
2554,31,1,323,226
2554,43,2,258,180
2555,4,1,113,79
2556,36,2,369,258
2556,70,3,121,84
2556,21,1,219,153
2557,49,1,117,81
2557,29,1,472,330
2557,13,2,376,263
2557,93,3,362,253
2558,75,2,99,69
2558,37,3,82,57
2559,16,1,349,244
2560,13,1,235,164
2560,2,2,96,67
2560,69,1,263,184
2560,2,1,158,110
2560,39,2,144,100
2561,8,1,51,35
2562,59,1,83,58
2562,58,2,89,62
2563,90,3,314,219
2563,25,1,225,157
2563,53,3,357,249
2564,26,2,177,123
2564,16,3,121,84
2564,79,1,456,319
2564,19,3,276,193
2564,56,2,432,302
2565,42,3,91,63
2565,12,2,243,170
2566,85,3,342,239
2567,3,3,396,277
2567,3,2,386,270
2567,36,3,292,204
2568,5,2,279,195
2568,78,3,184,128
2569,48,1,409,286
2569,5,2,134,93
2569,84,2,55,38
2569,61,2,51,35
2570,46,2,428,299
2570,56,2,178,124
2571,21,1,216,151
2571,29,3,118,82
2571,69,3,434,303
2571,75,3,258,180
2572,90,2,231,161
2572,34,3,473,331
2573,79,1,346,242
2573,73,3,251,175
2573,54,1,137,95
2573,90,1,81,56
2574,16,3,184,128
2575,69,3,402,281
2575,60,1,260,182
2575,35,2,443,310
2575,70,2,160,112
2575,94,1,224,156
2576,56,1,231,161
2576,54,3,420,294
2576,19,2,314,219
2576,33,3,64,44
2576,55,2,89,62
2577,76,2,110,77
2577,61,1,102,71
2577,27,1,57,39
2577,23,2,325,227
2578,98,1,131,91
2579,3,1,500,350
2579,12,3,232,162
2580,69,2,292,204
2580,69,2,478,334
2580,51,3,173,121
2580,68,2,400,280
2580,76,1,488,341
2581,48,3,449,314
2581,25,3,266,186
2581,99,2,421,294
2582,99,3,370,259
2583,27,2,85,59
2584,1,1,490,343
2584,58,1,150,105
2584,40,3,86,60
2585,59,2,437,305
2586,60,3,469,328
2586,18,1,442,309
2586,4,3,168,117
2586,84,1,75,52
2586,57,2,169,118
2587,61,3,438,306
2587,59,2,188,131
2587,58,2,151,105
2587,15,2,458,320
2588,87,1,451,315
2589,13,3,80,56
2589,87,1,139,97
2589,60,1,218,152
2589,27,3,474,331
2590,26,3,432,302
2590,74,1,136,95
2590,29,3,498,348
2590,76,3,394,275
2591,28,3,274,191
2591,91,3,94,65
2592,90,3,185,129
2592,25,2,141,98
2592,8,3,92,64
2593,100,2,487,340
2593,21,2,457,319
2594,58,1,459,321
2594,63,1,73,51
2594,59,2,432,302
2595,47,3,206,144
2595,68,3,127,88
2595,100,1,130,91
2596,82,3,292,204
2596,9,3,345,241
2596,32,3,437,305
2596,38,3,210,147
2597,35,3,425,297
2597,86,2,244,170
2597,48,3,447,312
2598,93,1,155,108
2598,70,3,341,238
2598,61,2,494,345
2598,63,1,440,308
2598,67,3,142,99
2599,100,1,223,156
2599,49,1,219,153
2599,3,2,283,198
2600,45,3,439,307
2600,67,3,281,196
2600,80,3,272,190
2601,10,3,439,307
2601,1,3,73,51
2601,25,1,122,85
2601,61,3,499,349
2601,58,1,116,81
2602,24,3,269,188
2602,1,1,330,230
2602,96,3,284,198
2602,91,3,350,244
2603,74,3,208,145
2603,54,1,232,162
2603,98,2,127,88
2603,40,1,417,291
2603,49,3,482,337
2604,17,2,470,329
2604,99,3,313,219
2604,57,1,346,242
2604,71,2,51,35
2604,48,2,157,109
2605,70,2,235,164
2605,2,3,460,322
2605,73,3,214,149
2605,61,1,165,115
2606,64,2,333,233
2606,2,1,60,42
2606,29,3,377,263
2606,42,2,405,283
2607,41,3,481,336
2607,57,3,167,116
2607,33,3,131,91
2608,57,3,360,251
2608,41,2,103,72
2608,68,2,444,310
2608,44,3,493,345
2608,93,1,306,214
2609,21,3,65,45
2609,19,3,254,177
2609,22,3,438,306
2609,11,1,180,125
2610,34,1,449,314
2611,53,2,489,342
2612,18,2,349,244
2612,67,1,332,232
2612,34,1,149,104
2612,79,1,269,188
2613,25,3,365,255
2614,56,1,350,244
2614,69,2,100,70
2614,86,2,435,304
2614,94,1,176,123
2615,1,3,379,265
2615,74,1,338,236
2615,44,2,360,251
2615,97,2,270,189
2615,46,3,362,253
2616,31,2,200,140
2616,97,1,367,256
2617,89,2,153,107
2617,35,2,174,121
2618,24,1,451,315
2619,1,2,296,207
2619,15,1,256,179
2620,48,2,242,169
2620,83,1,377,263
2621,70,2,67,46
2621,85,2,326,228
2621,67,2,349,244
2622,55,1,292,204
2622,38,2,446,312
2622,83,2,96,67
2622,33,2,388,271
2623,72,3,325,227
2624,90,1,348,243
2624,87,1,309,216
2624,87,2,102,71
2625,59,1,180,125
2625,73,2,83,58
2625,1,1,262,183
2625,85,1,500,350
2625,94,3,326,228
2626,2,2,166,116
2627,72,2,206,144
2627,56,3,435,304
2627,58,2,156,109
2627,80,2,193,135
2627,79,3,417,291
2628,40,3,336,235
2628,26,1,196,137
2628,51,1,91,63
2628,59,1,329,230
2629,14,2,339,237
2629,59,2,363,254
2630,21,3,222,155
2631,53,2,158,110
2632,60,1,92,64
2632,74,2,129,90
2633,73,1,120,84
2634,38,1,252,176
2634,14,2,426,298
2634,80,3,88,61
2635,68,2,474,331
2635,3,1,278,194
2636,84,2,454,317
2636,29,2,387,270
2636,20,1,155,108
2636,96,2,366,256
2637,56,1,304,212
2637,80,2,496,347
2637,66,2,161,112
2637,17,2,403,282
2637,53,2,198,138
2638,46,3,102,71
2638,80,1,55,38
2638,50,2,170,118
2638,11,1,442,309
2638,20,3,183,128
2639,68,1,302,211
2639,90,1,120,84
2639,72,2,399,279
2639,88,2,476,333
2640,31,1,338,236
2640,41,3,500,350
2640,19,3,216,151
2641,99,2,65,45
2641,48,1,368,257
2641,73,1,183,128
2641,90,3,472,330
2642,28,2,251,175
2642,66,3,91,63
2643,92,2,367,256
2643,93,2,169,118
2643,62,1,257,179
2643,100,2,442,309
2643,49,2,72,50
2644,14,1,323,226
2644,78,3,299,209
2644,62,2,456,319
2644,46,1,349,244
2644,71,3,478,334
2645,75,3,436,305
2645,69,3,355,248
2645,88,3,459,321
2646,38,1,123,86
2646,39,2,399,279
2646,6,1,473,331
2646,66,1,372,260
2647,94,1,325,227
2647,81,3,387,270
2647,38,1,79,55
2647,65,2,316,221
2648,68,2,280,196
2648,79,2,215,150
2648,38,3,96,67
2648,87,1,413,289
2649,93,3,478,334
2649,69,1,342,239
2650,17,2,57,39
2650,70,1,446,312
2651,17,2,104,72
2652,30,1,212,148
2652,48,1,166,116
2653,2,3,366,256
2653,20,2,331,231
2654,2,2,120,84
2655,19,1,181,126
2655,57,1,448,313
2655,64,1,271,189
2656,73,1,207,144
2656,86,2,159,111
2657,33,1,182,127
2657,28,2,349,244
2657,93,2,227,158
2657,46,2,153,107
2657,47,1,243,170
2658,35,1,98,68
2659,30,2,313,219
2660,72,3,83,58
2661,20,1,386,270
2661,43,1,213,149
2662,69,2,189,132
2662,71,2,449,314
2663,23,2,158,110
2663,64,1,127,88
2664,8,1,184,128
2664,22,3,270,189
2664,7,1,462,323
2665,85,1,217,151
2665,41,2,341,238
2665,53,3,137,95
2665,47,2,362,253
2665,16,2,184,128
2666,62,2,72,50
2667,84,1,106,74
2668,69,3,208,145
2669,27,3,255,178
2669,7,1,486,340
2670,17,1,84,58
2671,26,1,144,100
2671,72,1,254,177
2671,98,3,461,322
2671,21,3,162,113
2672,75,3,178,124
2672,74,3,427,298
2672,78,2,329,230
2672,24,1,182,127
2673,65,1,167,116
2673,78,3,378,264
2673,3,2,135,94
2674,38,1,63,44
2675,86,3,204,142
2675,72,3,300,210
2675,40,2,177,123
2676,84,3,374,261
2676,85,3,159,111
2676,100,1,87,60
2676,71,1,255,178
2677,22,3,477,333
2677,90,1,230,161
2677,49,2,84,58
2677,38,3,150,105
2678,40,1,338,236
2678,10,1,60,42
2678,35,1,361,252
2678,55,2,495,346
2679,7,2,324,226
2680,5,2,469,328
2680,48,1,276,193
2680,13,1,453,317
2680,87,3,414,289
2680,13,1,91,63
2681,22,3,247,172
2681,28,3,276,193
2682,6,2,138,96
2682,32,2,64,44
2682,18,2,371,259
2683,73,3,490,343
2683,33,1,237,165
2683,28,1,283,198
2683,92,1,63,44
2683,37,1,137,95
2684,42,1,365,255
2685,11,2,391,273
2686,16,3,323,226
2686,73,3,370,259
2686,25,1,168,117
2687,26,2,469,328
2688,74,2,431,301
2688,26,2,379,265
2688,27,1,351,245
2689,82,1,281,196
2689,39,1,207,144
2690,62,1,78,54
2691,74,3,148,103
2692,23,1,141,98
2692,72,2,360,251
2692,79,1,128,89
2692,25,3,199,139
2693,51,1,108,75
2693,12,3,69,48
2693,15,2,84,58
2693,75,1,453,317
2693,4,2,401,280
2694,63,1,449,314
2694,85,2,255,178
2695,12,2,286,200
2695,59,2,108,75
2696,81,3,339,237
2696,16,3,53,37
2696,19,1,251,175
2697,86,2,391,273
2698,85,1,261,182
2698,65,2,111,77
2698,49,2,500,350
2698,71,3,186,130
2698,45,3,463,324
2699,100,2,219,153
2699,54,2,87,60
2699,11,3,402,281
2699,80,3,72,50
2700,68,2,247,172
2700,57,3,376,263
2701,90,3,90,62
2701,30,2,73,51
2702,81,2,418,292
2702,69,2,197,137
2702,60,1,100,70
2703,70,1,153,107
2703,85,1,331,231
2703,51,1,145,101
2703,69,1,474,331
2704,26,3,168,117
2704,30,1,450,315
2705,78,2,313,219
2706,27,2,367,256
2707,41,2,347,242
2707,92,3,88,61
2707,45,1,182,127
2708,51,3,429,300
2708,71,2,415,290
2708,49,2,463,324
2708,2,1,268,187
2708,78,1,486,340
2709,35,3,407,284
2709,24,1,450,315
2709,6,2,346,242
2709,56,2,461,322
2710,93,2,122,85
2710,14,2,87,60
2710,73,2,322,225
2711,28,2,244,170
2711,24,3,99,69
2711,60,2,199,139
2711,54,3,174,121
2711,75,1,70,49
2712,100,1,343,240
2713,35,3,350,244
2713,37,2,277,193
2714,63,2,444,310
2714,39,1,210,147
2715,70,3,242,169
2715,50,2,324,226
2715,94,1,342,239
2715,34,1,490,343
2716,52,3,268,187
2716,43,3,344,240
2716,35,3,427,298
2716,49,2,433,303
2716,4,3,76,53
2717,18,1,139,97
2717,45,1,500,350
2717,21,2,203,142
2718,65,1,471,329
2718,92,1,347,242
2718,72,2,230,161
2718,8,1,364,254
2718,88,2,452,316
2719,41,1,123,86
2719,67,3,450,315
2720,20,1,138,96
2720,53,2,118,82
2720,80,3,81,56
2721,11,3,410,287
2721,72,3,453,317
2721,67,3,486,340
2721,38,2,208,145
2722,51,2,79,55
2722,10,2,228,159
2722,47,3,259,181
2723,63,2,336,235
2723,31,3,58,40
2723,96,2,92,64
2723,97,2,491,343
2724,96,1,414,289
2724,2,3,419,293
2725,83,3,298,208
2725,2,1,427,298
2725,100,1,450,315
2726,76,2,185,129
2726,89,1,498,348
2726,46,2,335,234
2727,94,2,90,62
2727,44,3,333,233
2727,65,1,110,77
2728,66,3,115,80
2728,38,1,160,112
2729,55,3,456,319
2729,80,3,181,126
2729,21,2,187,130
2729,23,2,409,286
2729,2,1,286,200
2730,47,1,440,308
2730,100,3,459,321
2731,69,2,56,39
2732,81,2,324,226
2732,14,2,190,133
2733,59,2,64,44
2733,2,2,116,81
2733,89,2,401,280
2734,41,2,284,198
2734,29,2,77,53
2734,63,2,207,144
2734,48,1,308,215
2735,43,3,464,324
2736,10,3,308,215
2736,86,3,159,111
2737,17,3,85,59
2737,3,1,483,338
2737,51,2,73,51
2737,17,2,306,214
2737,32,2,460,322
2738,68,3,118,82
2738,97,3,198,138
2739,33,1,270,189
2739,15,1,157,109
2739,93,3,378,264
2739,22,2,114,79
2739,35,2,59,41
2740,62,3,186,130
2741,24,3,450,315
2742,82,2,55,38
2742,64,3,487,340
2743,59,1,411,287
2743,45,3,368,257
2744,98,1,253,177
2745,65,2,211,147
2745,61,1,254,177
2745,49,1,126,88
2746,1,3,249,174
2746,5,3,118,82
2746,5,3,492,344
2746,29,3,133,93
2746,12,3,271,189
2747,21,1,485,339
2747,91,1,220,154
2748,16,1,323,226
2748,28,2,481,336
2748,24,3,133,93
2749,79,1,103,72
2749,8,2,386,270
2749,80,3,292,204
2749,1,2,497,347
2749,17,2,355,248
2750,64,2,101,70
2750,71,3,340,237
2750,57,3,282,197
2750,79,1,87,60
2750,37,3,156,109
2751,91,1,454,317
2752,18,3,290,203
2753,23,3,326,228
2753,1,2,408,285
2753,6,1,139,97
2753,23,1,318,222
2754,96,3,452,316
2754,40,1,164,114
2754,88,1,140,98
2754,80,1,480,336
2754,41,1,293,205
2755,66,3,122,85
2756,2,1,421,294
2756,51,3,316,221
2756,75,2,94,65
2756,66,2,359,251
2756,20,1,369,258
2757,41,3,258,180
2758,36,2,465,325
2759,61,2,165,115
2759,29,2,202,141
2759,59,1,69,48
2759,90,1,74,51
2760,32,3,290,203
2760,79,1,260,182
2760,88,1,138,96
2760,79,2,141,98
2760,83,2,124,86
2761,34,2,190,133
2761,92,1,346,242
2761,32,2,357,249
2762,24,1,147,102
2762,50,3,220,154
2762,87,1,112,78
2762,64,3,264,184
2763,71,2,246,172
2763,13,2,450,315
2763,52,1,193,135
2764,12,2,486,340
2764,10,3,83,58
2764,78,3,287,200
2765,15,2,430,301
2765,3,1,326,228
2765,14,2,436,305
2765,13,3,353,247
2766,79,1,432,302
2766,40,1,194,135
2766,12,2,277,193
2766,44,1,285,199
2766,56,1,88,61
2767,98,3,71,49
2767,6,2,449,314
2768,10,3,410,287
2768,62,1,423,296
2768,15,3,376,263
2768,55,1,404,282
2768,64,1,190,133
2769,91,2,371,259
2769,98,2,325,227
2769,47,3,102,71
2769,68,2,336,235
2770,46,2,384,268
2770,9,3,188,131
2770,46,2,82,57
2770,92,1,365,255
2771,7,2,103,72
2771,52,3,171,119
2772,36,2,162,113
2772,61,3,151,105
2772,33,2,87,60
2773,93,2,499,349
2774,45,3,316,221
2774,30,1,91,63
2775,12,3,371,259
2775,63,3,145,101
2776,83,3,406,284
2776,76,2,309,216
2777,62,1,157,109
2777,80,2,455,318
2777,40,3,97,67
2777,73,1,125,87
2777,60,2,204,142
2778,32,3,176,123
2779,38,3,408,285
2779,100,3,289,202
2779,38,1,440,308
2779,14,2,50,35
2780,90,3,426,298
2780,95,2,172,120
2780,87,1,82,57
2780,11,2,381,266
2781,56,2,208,145
2781,30,1,409,286
2781,15,1,166,116
2781,95,2,458,320
2781,72,3,259,181
2782,73,1,161,112
2782,36,3,301,210
2783,69,3,58,40
2783,58,2,113,79
2784,84,1,172,120
2784,21,2,418,292
2784,28,3,194,135
2784,43,3,284,198
2784,7,1,216,151
2785,64,1,362,253
2785,54,3,161,112
2786,98,3,466,326
2786,43,2,131,91
2786,55,3,407,284
2786,32,1,442,309
2786,74,1,345,241
2787,87,2,337,235
2788,33,1,368,257
2788,20,2,489,342
2788,44,1,124,86
2789,65,1,320,224
2789,79,3,434,303
2789,76,3,255,178
2790,87,1,459,321
2790,56,1,269,188
2790,58,1,167,116
2790,9,3,279,195
2790,56,2,322,225
2791,44,2,245,171
2791,75,2,425,297
2791,92,1,192,134
2791,25,3,382,267
2792,69,2,251,175
2793,72,2,476,333
2794,78,3,68,47
2794,79,1,104,72
2795,46,2,390,273
2795,9,3,216,151
2795,41,2,498,348
2795,72,3,441,308
2795,94,3,484,338
2796,92,1,456,319
2796,1,3,467,326
2797,92,2,361,252
2797,78,2,455,318
2797,53,3,288,201
2798,30,1,343,240
2799,52,1,182,127
2800,96,2,392,274
2800,60,2,344,240
2800,90,2,204,142
2801,28,3,481,336
2801,41,1,115,80
2801,92,3,426,298
2802,51,2,50,35
2802,35,3,494,345
2802,42,1,481,336
2802,85,1,161,112
2802,60,1,243,170
2803,41,3,445,311
2803,13,1,494,345
2804,54,3,487,340
2804,41,2,334,233
2804,34,2,469,328
2804,46,2,255,178
2805,35,2,290,203
2805,34,3,321,224
2805,31,3,263,184
2805,46,2,238,166
2805,30,2,250,175
2806,80,2,436,305
2806,3,3,92,64
2806,78,2,321,224
2806,24,3,280,196
2807,59,1,77,53
2807,88,2,87,60
2807,80,3,492,344
2807,53,2,240,168
2808,59,3,427,298
2808,63,1,179,125
2808,62,2,369,258
2808,77,2,290,203
2808,6,1,222,155
2809,54,2,148,103
2809,24,1,118,82
2809,1,1,335,234
2810,86,3,249,174
2810,43,2,261,182
2810,36,1,468,327
2810,84,2,191,133
2811,100,1,212,148
2811,98,1,460,322
2811,64,1,334,233
2812,38,2,466,326
2812,85,1,352,246
2813,6,1,140,98
2813,6,2,102,71
2813,86,3,327,228
2813,29,2,422,295
2814,95,2,205,143
2815,47,1,284,198
2815,55,1,165,115
2815,58,2,465,325
2815,3,2,64,44
2815,81,2,96,67
2816,28,2,422,295
2817,92,2,164,114
2817,86,3,487,340
2817,73,3,326,228
2817,67,2,423,296
2818,20,2,435,304
2819,39,2,253,177
2819,75,3,191,133
2819,41,2,323,226
2819,78,3,338,236
2819,15,3,308,215
2820,61,2,217,151
2820,51,3,85,59
2820,33,1,332,232
2821,76,1,310,217
2821,58,1,72,50
2821,90,3,124,86
2821,72,2,380,266
2822,46,2,439,307
2823,42,3,195,136
2824,71,3,328,229
2824,41,1,140,98
2824,94,3,445,311
2825,94,2,239,167
2825,99,2,450,315
2825,79,3,196,137
2826,81,1,378,264
2826,42,2,261,182
2826,40,1,467,326
2826,100,3,344,240
2827,59,1,384,268
2827,83,1,134,93
2828,91,3,164,114
2829,50,2,235,164
2829,80,1,206,144
2830,6,3,437,305
2830,14,1,323,226
2830,14,1,356,249
2830,73,1,133,93
2830,39,1,250,175
2831,17,2,53,37
2831,74,3,134,93
2831,61,1,481,336
2831,98,1,348,243
2832,89,3,346,242
2832,80,3,205,143
2832,98,2,232,162
2833,36,2,360,251
2833,53,3,410,287
2833,10,1,158,110
2834,64,2,429,300
2834,21,2,480,336
2834,60,2,69,48
2835,48,1,446,312
2835,5,2,130,91
2836,66,2,485,339
2837,3,2,402,281
2837,57,3,342,239
2837,1,2,485,339
2837,31,2,89,62
2838,14,3,234,163
2838,70,3,298,208
2838,40,1,338,236
2838,69,1,254,177
2839,6,1,427,298
2839,48,2,229,160
2839,27,1,298,208
2840,23,2,332,232
2840,77,3,433,303
2840,34,2,379,265
2840,100,3,113,79
2841,10,1,160,112
2841,49,2,444,310
2841,44,1,436,305
2841,70,1,319,223
2842,57,2,175,122
2843,29,2,142,99
2843,29,2,391,273
2843,49,1,267,186
2844,42,2,483,338
2844,7,3,219,153
2844,33,1,168,117
2844,82,1,411,287
2845,84,2,126,88
2845,56,1,442,309
2845,50,1,122,85
2845,15,2,112,78
2846,35,2,497,347
2846,56,3,337,235
2846,32,2,165,115
2847,68,3,94,65
2847,2,3,65,45
2848,7,3,316,221
2848,21,3,368,257
2848,5,2,193,135
2848,90,3,387,270
2848,75,1,294,205
2849,73,3,451,315
2849,65,3,226,158
2850,87,3,214,149
2850,94,3,334,233
2850,81,1,234,163
2851,72,1,297,207
2851,35,1,329,230
2851,95,3,154,107
2851,56,3,289,202
2852,24,2,496,347
2853,57,3,478,334
2853,29,3,132,92
2853,96,2,155,108
2853,45,3,425,297
2853,31,3,326,228
2854,96,3,309,216
2854,46,1,314,219
2854,51,2,493,345
2855,56,2,245,171
2855,92,2,370,259
2855,84,3,497,347
2855,78,1,382,267
2855,37,3,465,325
2856,26,3,141,98
2856,15,3,499,349
2856,8,1,121,84
2856,61,1,442,309
2856,99,2,441,308
2857,88,2,479,335
2857,87,1,59,41
2858,40,1,337,235
2858,7,1,308,215
2858,78,2,101,70
2858,7,2,398,278
2859,62,3,395,276
2859,62,2,278,194
2860,22,1,245,171
2860,32,2,62,43
2861,49,2,331,231
2861,30,3,207,144
2862,37,1,166,116
2862,43,3,180,125
2862,19,2,157,109
2863,39,1,179,125
2863,97,3,456,319
2863,52,3,101,70
2863,68,2,491,343
2864,78,1,350,244
2864,89,3,262,183
2864,59,2,320,224
2865,46,2,390,273
2865,67,2,405,283
2865,58,3,140,98
2865,45,2,312,218
2866,23,3,307,214
2866,29,2,207,144
2866,56,1,306,214
2866,47,1,195,136
2866,98,3,394,275
2867,31,2,337,235
2868,7,2,242,169
2868,11,3,378,264
2869,100,3,466,326
2869,16,1,453,317
2869,85,2,149,104
2870,32,3,107,74
2871,28,1,144,100
2872,50,2,318,222
2873,65,1,244,170
2873,91,3,289,202
2874,13,1,337,235
2874,21,1,262,183
2874,84,2,371,259
2875,18,3,353,247
2875,66,1,240,168
2875,56,1,194,135
2876,92,3,449,314
2876,29,1,218,152
2877,76,1,133,93
2878,92,3,367,256
2878,5,3,381,266
2878,10,1,366,256
2879,63,3,117,81
2879,26,2,378,264
2880,99,2,74,51
2880,58,1,483,338
2880,96,1,93,65
2880,4,1,451,315
2881,79,3,409,286
2881,97,3,474,331
2882,19,1,305,213
2882,96,1,356,249
2883,34,2,183,128
2883,81,3,435,304
2883,89,1,380,266
2884,99,1,301,210
2884,73,2,169,118
2884,69,2,99,69
2885,76,2,271,189
2885,68,1,322,225
2885,24,3,157,109
2885,56,1,228,159
2885,50,3,289,202
2886,85,1,86,60
2886,34,1,328,229
2887,97,2,142,99
2887,58,1,105,73
2887,92,1,277,193
2887,55,1,151,105
2887,86,2,134,93
2888,76,2,402,281
2888,96,3,115,80
2888,69,3,169,118
2888,97,1,464,324
2889,6,2,394,275
2890,20,3,428,299
2890,29,2,480,336
2890,86,1,178,124
2890,75,2,146,102
2890,35,2,180,125
2891,100,2,336,235
2891,44,3,143,100
2891,70,3,445,311
2892,4,2,345,241
2892,61,2,183,128
2892,99,1,185,129
2892,93,3,491,343
2892,22,3,214,149
2893,45,3,268,187
2893,60,1,78,54
2894,57,2,424,296
2895,56,3,172,120
2896,5,3,93,65
2896,46,1,227,158
2896,40,2,408,285
2896,70,1,145,101
2896,65,3,302,211
2897,8,1,164,114
2897,50,2,250,175
2897,50,1,163,114
2898,21,1,320,224
2898,70,3,92,64
2898,88,3,428,299
2899,84,3,117,81
2899,69,2,408,285
2900,81,1,142,99
2900,55,3,487,340
2901,93,1,289,202
2902,33,3,484,338
2902,69,3,470,329
2903,4,2,157,109
2903,42,1,142,99
2903,54,1,357,249
2903,9,2,381,266
2904,20,1,62,43
2904,16,1,182,127
2904,26,2,161,112
2905,20,1,100,70
2906,86,1,109,76
2907,78,3,386,270
2907,38,3,146,102
2907,52,1,124,86
2907,97,1,163,114
2908,12,2,244,170
2908,95,2,161,112
2908,43,3,325,227
2908,8,2,123,86
2908,9,3,107,74
2909,26,2,398,278
2910,10,3,96,67
2910,65,2,70,49
2910,76,2,355,248
2910,9,2,86,60
2911,8,1,345,241
2911,100,2,287,200
2911,20,3,272,190
2911,38,2,379,265
2911,71,2,208,145
2912,52,2,118,82
2912,26,1,259,181
2913,7,1,84,58
2913,78,1,62,43
2913,34,1,116,81
2914,94,3,357,249
2914,79,3,355,248
2914,1,3,442,309
2915,61,2,488,341
2915,33,2,418,292
2915,82,3,294,205
2916,62,2,254,177
2916,71,3,237,165
2917,12,2,428,299
2917,62,2,87,60
2918,3,1,173,121
2918,56,3,154,107
2919,30,2,279,195
2920,14,1,347,242
2921,82,3,170,118
2922,30,3,176,123
2923,6,1,484,338
2924,62,1,217,151
2924,16,2,337,235
2924,21,1,476,333
2924,75,1,417,291
2924,68,3,494,345
2925,86,1,151,105
2925,95,3,236,165
2926,56,2,194,135
2927,30,3,490,343
2928,81,1,449,314
2928,94,2,273,191
2928,36,2,92,64
2929,34,1,116,81
2930,9,3,392,274
2930,61,1,115,80
2930,75,3,322,225
2931,47,3,140,98
2932,94,1,457,319
2932,73,2,231,161
2932,61,2,334,233
2933,83,1,431,301
2933,65,2,281,196
2933,49,2,411,287
2934,9,1,277,193
2934,5,1,60,42
2935,43,3,472,330
2936,41,3,316,221
2936,22,1,245,171
2936,17,1,55,38
2936,93,2,281,196
2936,61,1,134,93
2937,92,2,230,161
2937,44,3,118,82
2937,41,2,209,146
2937,21,1,354,247
2937,5,2,242,169
2938,51,2,379,265
2938,59,3,317,221
2938,43,3,209,146
2939,24,3,344,240
2939,63,2,494,345
2939,37,3,155,108
2939,44,1,50,35
2939,56,3,161,112
2940,25,1,425,297
2940,86,2,122,85
2940,64,3,201,140
2940,62,2,56,39
2940,82,3,199,139
2941,29,1,55,38
2941,23,3,461,322
2941,17,1,379,265
2941,63,3,53,37
2942,73,1,98,68
2942,81,2,155,108
2942,32,1,455,318
2943,54,3,202,141
2943,37,2,200,140
2943,82,3,399,279
2943,89,2,228,159
2944,80,1,405,283
2944,32,3,169,118
2945,74,3,248,173
2946,6,3,229,160
2946,12,2,330,230
2947,76,2,493,345
2947,16,2,145,101
2947,95,2,328,229
2947,60,2,95,66
2948,18,2,344,240
2949,18,3,471,329
2949,13,1,210,147
2949,78,3,240,168
2950,96,1,497,347
2950,33,2,279,195
2951,48,2,458,320
2952,33,1,234,163
2952,60,3,262,183
2953,53,3,430,301
2954,15,1,329,230
2954,52,3,189,132
2954,40,3,327,228
2955,15,1,327,228
2955,67,3,175,122
2955,34,3,353,247
2956,89,3,392,274
2956,47,1,310,217
2957,63,1,493,345
2957,70,3,267,186
2958,69,2,230,161
2958,58,2,199,139
2958,65,2,359,251
2959,82,2,200,140
2960,52,3,217,151
2960,30,2,399,279
2960,85,3,155,108
2961,56,2,374,261
2961,36,2,411,287
2961,6,3,282,197
2961,90,1,66,46
2961,66,2,351,245
2962,28,1,129,90
2962,20,1,96,67
2962,6,3,335,234
2963,49,2,210,147
2963,88,1,290,203
2963,29,1,141,98
2963,3,3,60,42
2964,74,2,491,343
2964,26,2,398,278
2964,83,2,254,177
2965,14,1,88,61
2966,100,1,269,188
2966,60,2,307,214
2966,36,3,446,312
2966,75,1,486,340
2966,13,1,109,76
2967,68,2,325,227
2968,87,3,189,132
2968,9,1,349,244
2968,91,1,338,236
2969,80,2,280,196
2970,25,3,369,258
2971,90,3,301,210
2971,23,1,127,88
2972,36,3,349,244
2972,92,2,293,205
2973,85,3,263,184
2973,40,2,57,39
2973,51,2,447,312
2974,33,1,109,76
2975,46,2,84,58
2975,79,1,272,190
2975,3,3,142,99
2975,44,1,112,78
2976,100,1,80,56
2976,5,3,433,303
2976,70,1,445,311
2976,69,2,66,46
2976,26,2,431,301
2977,58,3,268,187
2977,10,1,328,229
2977,21,3,480,336
2978,36,2,57,39
2979,80,3,132,92
2979,50,1,65,45
2979,12,2,308,215
2980,5,2,171,119
2980,86,2,351,245
2980,93,3,495,346
2980,96,2,436,305
2981,93,2,440,308
2981,30,3,473,331
2982,12,2,340,237
2982,43,3,434,303
2983,65,3,190,133
2983,24,3,412,288
2983,73,3,305,213
2983,74,1,216,151
2984,15,3,74,51
2984,93,2,426,298
2984,18,2,196,137
2984,23,2,328,229
2984,52,3,395,276
2985,20,1,213,149
2985,99,2,402,281
2985,55,2,164,114
2986,84,3,356,249
2986,60,1,461,322
2986,9,2,220,154
2986,95,2,308,215
2986,50,1,112,78
2987,88,3,244,170
2987,9,1,247,172
2987,73,3,305,213
2988,7,3,432,302
2988,34,1,85,59
2988,92,3,493,345
2989,82,1,316,221
2989,31,1,197,137
2989,18,1,500,350
2990,30,1,234,163
2991,81,3,107,74
2991,15,3,500,350
2991,10,1,443,310
2991,22,2,467,326
2992,58,2,421,294
2992,87,1,487,340
2992,61,3,242,169
2992,33,1,136,95
2992,53,2,88,61
2993,71,3,480,336
2993,29,3,114,79
2993,84,1,199,139
2993,44,2,237,165
2994,94,2,181,126
2994,30,1,281,196
2995,82,2,325,227
2995,66,1,182,127
2996,97,1,430,301
2997,12,2,160,112
2997,95,2,57,39
2997,31,3,158,110
2997,30,3,142,99
2998,59,2,92,64
2999,78,3,53,37
2999,21,3,391,273
3000,41,1,355,248
3000,8,2,480,336
3001,37,1,306,214
3001,37,1,473,331
3001,1,3,152,106
3001,8,2,291,203
3002,2,1,71,49
3003,95,2,266,186
3003,9,3,126,88
3003,77,2,426,298
3004,10,3,366,256
3004,26,3,260,182
3004,47,2,356,249
3004,1,2,150,105
3004,93,2,71,49
3005,6,2,358,250
3005,33,1,262,183
3006,9,3,217,151
3006,72,2,210,147
3006,23,2,207,144
3006,48,3,325,227
3007,26,1,95,66
3007,16,2,290,203
3008,47,1,244,170
3008,47,1,211,147
3008,49,2,110,77
3008,29,3,154,107
3008,67,3,235,164
3009,43,2,474,331
3009,48,2,318,222
3009,61,2,359,251
3010,72,3,223,156
3010,6,1,337,235
3010,100,2,401,280
3010,37,1,438,306
3010,50,2,490,343
3011,15,1,228,159
3011,26,2,313,219
3011,20,1,263,184
3011,70,3,489,342
3011,5,3,368,257
3012,13,3,241,168
3012,100,2,63,44
3012,50,3,416,291
3013,57,3,188,131
3014,9,3,382,267
3014,72,1,313,219
3014,69,3,151,105
3015,89,3,82,57
3015,82,3,498,348
3015,19,1,491,343
3015,93,1,386,270
3016,28,1,250,175
3016,50,3,132,92
3017,76,3,402,281
3017,79,3,223,156
3018,51,1,213,149
3019,52,3,164,114
3019,92,1,207,144
3019,14,3,208,145
3019,75,1,425,297
3020,56,2,425,297
3020,72,3,348,243
3021,60,2,164,114
3021,61,2,494,345
3021,4,2,72,50
3021,13,1,483,338
3021,61,3,240,168
3022,8,2,387,270
3023,93,2,186,130
3023,54,1,218,152
3023,47,3,445,311
3024,8,2,113,79
3024,36,2,271,189
3024,21,3,168,117
3024,39,3,64,44
3025,50,3,294,205
3025,10,3,220,154
3025,87,1,481,336
3026,44,3,174,121
3027,6,2,498,348
3027,56,1,366,256
3027,97,1,232,162
3027,75,1,434,303
3028,4,3,201,140
3028,19,3,226,158
3028,36,2,453,317
3029,69,3,323,226
3029,82,2,465,325
3029,22,2,458,320
3029,41,3,251,175
3030,77,3,476,333
3030,24,3,403,282
3030,60,1,313,219
3030,70,3,260,182
3030,64,3,275,192
3031,55,1,263,184
3031,4,2,213,149
3031,64,1,106,74
3032,47,2,127,88
3032,36,3,164,114
3033,40,1,202,141
3033,16,2,66,46
3034,44,2,259,181
3034,98,3,100,70
3034,64,2,260,182
3035,85,2,467,326
3035,10,2,99,69
3035,80,3,373,261
3035,58,3,112,78
3036,67,3,320,224
3037,54,1,188,131
3037,33,3,82,57
3037,7,3,391,273
3038,60,1,466,326
3038,65,3,441,308
3038,14,3,454,317
3038,43,1,353,247
3039,71,3,388,271
3039,75,2,284,198
3039,20,2,434,303
3040,87,2,431,301
3040,48,3,284,198
3040,45,3,174,121
3040,50,1,172,120
3041,64,3,181,126
3041,34,1,500,350
3041,24,3,85,59
3041,84,3,415,290
3042,76,2,396,277
3042,23,1,250,175
3042,93,2,304,212
3042,8,2,391,273
3043,76,2,461,322
3043,96,1,124,86
3044,35,3,286,200
3045,24,3,221,154
3045,6,1,69,48
3045,96,2,247,172
3045,85,3,117,81
3045,70,3,310,217
3046,71,1,170,118
3046,62,1,268,187
3046,91,3,115,80
3047,35,3,318,222
3047,78,1,357,249
3047,46,2,198,138
3047,30,2,241,168
3048,21,2,450,315
3048,89,3,144,100
3048,82,3,388,271
3049,80,2,445,311
3049,62,1,446,312
3049,52,1,54,37
3049,100,1,331,231
3049,99,2,167,116
3050,95,1,51,35
3050,7,2,141,98
3050,31,1,112,78
3050,5,3,440,308
3051,64,1,126,88
3052,53,3,74,51
3052,28,2,245,171
3052,46,3,108,75
3053,45,3,287,200
3053,25,2,444,310
3053,67,3,93,65
3053,60,2,256,179
3054,61,1,417,291
3055,99,3,148,103
3055,31,3,417,291
3055,89,2,181,126
3055,14,3,197,137
3056,83,3,326,228
3056,10,3,263,184
3057,89,2,69,48
3057,15,1,393,275
3058,73,1,255,178
3058,29,3,100,70
3058,78,1,140,98
3058,77,1,247,172
3058,23,3,439,307
3059,52,3,231,161
3059,6,3,452,316
3059,67,1,207,144
3059,19,2,51,35
3060,33,2,215,150
3060,86,2,199,139
3060,5,1,375,262
3060,68,1,382,267
3060,37,3,338,236
3061,11,3,496,347
3061,70,2,314,219
3061,84,3,458,320
3061,9,1,459,321
3062,4,1,52,36
3063,84,1,52,36
3063,78,2,313,219
3063,16,1,111,77
3064,73,2,351,245
3065,80,3,144,100
3065,7,3,152,106
3065,4,3,496,347
3065,45,3,182,127
3066,58,1,497,347
3066,60,1,495,346
3067,94,2,400,280
3067,66,1,442,309
3068,6,1,326,228
3068,27,1,423,296
3068,66,2,118,82
3068,30,1,236,165
3068,43,3,198,138
3069,55,2,292,204
3069,93,2,181,126
3070,82,3,287,200
3070,54,1,241,168
3071,35,2,212,148
3071,1,1,173,121
3071,97,3,102,71
3072,27,3,496,347
3072,80,3,126,88
3072,55,2,61,42
3073,69,1,424,296
3073,23,1,178,124
3073,55,1,399,279
3074,25,2,143,100
3074,11,2,141,98
3074,75,3,481,336
3074,55,2,173,121
3075,26,2,413,289
3075,45,2,100,70
3075,28,3,91,63
3075,51,3,131,91
3076,93,2,73,51
3076,22,2,379,265
3077,19,1,189,132
3077,40,3,213,149
3077,45,2,365,255
3077,1,2,172,120
3077,12,2,58,40
3078,32,3,482,337
3079,38,1,397,277
3079,81,2,227,158
3079,1,1,417,291
3080,19,3,250,175
3080,78,1,71,49
3080,21,3,426,298
3080,55,2,179,125
3080,12,1,453,317
3081,94,2,337,235
3082,50,2,318,222
3082,13,3,469,328
3082,90,3,367,256
3082,84,1,115,80
3083,86,3,497,347
3083,69,1,463,324
3083,100,3,441,308
3084,26,2,148,103
3084,47,2,110,77
3084,68,1,411,287
3085,70,2,423,296
3085,68,3,121,84
3086,68,2,296,207
3086,70,2,57,39
3087,14,3,189,132
3087,44,2,121,84
3087,35,3,233,163
3087,56,2,226,158
3088,71,2,150,105
3088,72,1,329,230
3088,38,2,308,215
3088,81,3,166,116
3088,42,3,280,196
3089,16,3,491,343
3089,15,2,448,313
3089,95,2,180,125
3089,100,3,308,215
3090,44,1,387,270
3090,35,3,135,94
3091,75,2,379,265
3091,43,2,496,347
3092,34,2,374,261
3092,40,3,318,222
3092,49,1,436,305
3092,8,2,91,63
3093,26,3,98,68
3093,23,2,467,326
3093,9,3,155,108
3093,82,1,276,193
3093,100,3,442,309
3094,46,3,383,268
3094,4,2,141,98
3094,54,2,446,312
3095,82,3,96,67
3095,7,3,140,98
3095,18,1,356,249
3095,67,1,343,240
3096,91,1,466,326
3096,24,2,105,73
3096,22,2,276,193
3096,98,2,156,109
3097,21,3,66,46
3097,100,3,437,305
3097,21,3,199,139
3098,6,2,361,252
3098,12,1,361,252
3098,51,2,272,190
3098,22,3,465,325
3098,5,2,237,165
3099,8,2,247,172
3099,1,2,81,56
3100,15,3,159,111
3100,63,1,56,39
3100,16,1,148,103
3100,33,2,481,336
3100,72,2,200,140
3101,47,1,113,79
3101,16,3,418,292
3101,100,3,465,325
3101,89,2,317,221
3102,59,2,500,350
3102,100,2,140,98
3102,35,2,139,97
3102,23,3,320,224
3103,67,3,145,101
3103,79,2,182,127
3103,85,3,468,327
3103,10,2,457,319
3104,87,1,467,326
3104,85,3,68,47
3104,16,2,57,39
3104,49,1,283,198
3104,96,2,257,179
3105,42,1,175,122
3105,37,2,439,307
3105,63,1,238,166
3105,65,1,176,123
3106,31,3,190,133
3106,59,2,228,159
3106,77,3,213,149
3106,67,2,225,157
3107,65,3,140,98
3107,14,3,77,53
3108,63,1,217,151
3109,68,3,201,140
3109,84,2,357,249
3110,57,1,288,201
3110,55,2,102,71
3110,24,2,76,53
3110,22,2,365,255
3110,17,1,106,74
3111,57,1,444,310
3111,3,1,65,45
3112,26,3,447,312
3112,23,3,338,236
3113,5,2,216,151
3113,3,2,62,43
3113,7,3,468,327
3114,15,3,488,341
3114,76,2,459,321
3114,50,1,280,196
3114,8,2,110,77
3114,35,1,150,105
3115,57,2,303,212
3115,58,2,331,231
3115,86,3,55,38
3116,1,3,237,165
3117,73,1,374,261
3118,34,1,391,273
3119,6,3,79,55
3119,40,2,425,297
3120,59,2,156,109
3120,25,1,145,101
3120,96,2,55,38
3121,75,2,123,86
3121,66,2,226,158
3121,8,3,210,147
3121,33,2,257,179
3122,38,1,310,217
3123,59,2,348,243
3123,47,1,298,208
3123,29,1,414,289
3124,87,3,273,191
3124,20,3,70,49
3124,31,2,61,42
3125,98,3,272,190
3125,98,2,466,326
3126,47,3,349,244
3126,61,2,381,266
3126,66,2,352,246
3127,67,1,199,139
3127,29,3,118,82
3127,40,2,358,250
3128,35,3,200,140
3128,98,1,402,281
3128,88,2,399,279
3129,64,1,425,297
3129,91,2,345,241
3130,1,2,350,244
3130,74,3,427,298
3130,61,2,344,240
3130,64,2,200,140
3131,60,1,55,38
3131,60,1,138,96
3132,96,2,398,278
3132,57,2,252,176
3132,28,3,207,144
3133,23,1,72,50
3134,43,3,285,199
3134,2,1,230,161
3134,92,3,463,324
3135,90,2,459,321
3135,81,1,160,112
3136,78,3,326,228
3136,55,3,180,125
3136,7,3,105,73
3136,91,2,309,216
3136,70,3,243,170
3137,87,1,414,289
3137,75,1,204,142
3137,13,2,487,340
3138,19,1,138,96
3139,12,2,473,331
3139,2,1,440,308
3140,19,3,161,112
3140,86,2,140,98
3140,88,2,220,154
3141,65,1,175,122
3141,36,2,202,141
3141,7,2,64,44
3141,47,3,89,62
3141,22,2,113,79
3142,96,3,114,79
3142,45,1,80,56
3142,51,2,212,148
3142,80,3,304,212
3142,49,3,335,234
3143,2,2,377,263
3143,41,2,488,341
3143,2,1,133,93
3143,37,3,396,277
3143,98,1,161,112
3144,26,1,474,331
3144,39,1,73,51
3144,3,1,92,64
3144,73,3,461,322
3144,11,1,486,340
3145,50,3,219,153
3146,100,3,238,166
3147,67,3,123,86
3148,70,3,266,186
3148,63,2,291,203
3148,86,2,304,212
3148,59,2,378,264
3149,51,1,351,245
3149,90,2,52,36
3150,16,2,140,98
3151,40,1,62,43
3151,77,2,189,132
3151,84,2,394,275
3151,23,1,52,36
3151,14,3,110,77
3152,58,1,134,93
3152,27,2,258,180
3153,19,3,124,86
3153,3,1,200,140
3154,83,1,247,172
3154,22,3,345,241
3154,89,2,477,333
3154,72,1,73,51
3154,44,3,358,250
3155,48,3,333,233
3155,33,1,84,58
3155,86,2,443,310
3156,46,2,59,41
3156,30,1,363,254
3156,44,2,442,309
3156,37,3,291,203
3156,45,3,398,278
3157,8,3,235,164
3157,81,1,312,218
3158,14,3,379,265
3159,40,2,281,196
3159,39,3,279,195
3159,31,3,63,44
3160,61,3,119,83
3161,41,1,116,81
3161,18,2,60,42
3161,85,1,401,280
3162,47,1,499,349
3163,59,2,122,85
3164,97,1,109,76
3164,89,1,59,41
3164,48,1,239,167
3165,46,1,312,218
3165,18,3,279,195
3165,26,1,488,341
3166,33,3,240,168
3166,23,3,136,95
3167,70,3,56,39
3167,45,3,123,86
3167,92,1,153,107
3168,10,3,263,184
3168,68,1,116,81
3168,74,2,134,93
3168,46,1,214,149
3168,51,1,345,241
3169,91,2,100,70
3170,60,1,145,101
3170,45,2,61,42
3170,71,2,70,49
3170,99,2,494,345
3171,84,2,447,312
3171,68,1,305,213
3171,90,1,465,325
3172,74,1,206,144
3173,42,1,91,63
3173,31,1,295,206
3174,59,3,372,260
3174,95,1,304,212
3174,85,3,304,212
3174,62,3,484,338
3174,96,2,500,350
3175,88,1,135,94
3175,6,1,302,211
3175,8,3,117,81
3175,6,1,193,135
3175,13,2,427,298
3176,19,2,318,222
3176,6,3,50,35
3177,65,1,233,163
3177,39,1,245,171
3178,85,1,94,65
3179,85,3,116,81
3179,88,3,278,194
3179,30,2,478,334
3180,29,2,374,261
3180,28,3,216,151
3180,78,3,472,330
3180,60,3,351,245
3181,3,3,204,142
3182,59,1,276,193
3183,3,1,262,183
3183,91,1,232,162
3183,70,2,92,64
3183,8,3,330,230
3184,57,1,400,280
3184,28,1,371,259
3184,47,3,262,183
3184,21,1,212,148
3184,55,2,153,107
3185,55,2,361,252
3185,77,2,323,226
3186,18,2,380,266
3187,24,1,496,347
3187,85,1,158,110
3187,95,3,366,256
3188,54,1,257,179
3188,62,3,62,43
3188,2,1,313,219
3188,26,1,114,79
3188,16,3,352,246
3189,35,3,464,324
3189,39,2,165,115
3189,44,1,377,263
3189,57,3,441,308
3190,100,1,212,148
3190,29,2,347,242
3190,94,3,93,65
3190,97,1,205,143
3190,56,2,312,218
3191,45,2,214,149
3191,77,3,124,86
3191,30,2,459,321
3191,43,3,181,126
3191,80,3,420,294
3192,8,3,315,220
3192,47,1,174,121
3193,14,3,284,198
3193,75,1,357,249
3194,63,1,428,299
3194,25,3,221,154
3194,48,1,143,100
3195,83,2,495,346
3195,32,3,402,281
3195,59,1,204,142
3196,9,3,266,186
3196,64,3,413,289
3196,45,2,182,127
3196,57,2,211,147
3197,66,2,209,146
3197,78,1,75,52
3197,16,1,405,283
3197,99,2,123,86
3198,7,2,61,42
3198,42,3,380,266
3198,16,3,399,279
3198,30,2,253,177
3199,34,3,88,61
3199,26,1,284,198
3199,53,1,272,190
3199,74,2,455,318
3200,80,3,177,123
3200,81,1,364,254
3200,100,3,311,217
3200,85,1,208,145
3200,78,1,166,116
3201,95,2,396,277
3201,94,3,145,101
3201,61,2,363,254
3201,100,3,352,246
3201,70,3,353,247
3202,55,3,313,219
3202,39,3,420,294
3202,11,2,209,146
3202,7,2,384,268
3203,22,2,339,237
3203,84,2,182,127
3203,48,2,286,200
3203,68,1,97,67
3203,72,1,297,207
3204,75,1,52,36
3204,51,2,58,40
3204,76,3,443,310
3204,25,1,404,282
3205,83,1,328,229
3205,3,1,134,93
3206,52,2,407,284
3207,17,1,178,124
3207,43,1,270,189
3208,46,2,466,326
3209,51,2,90,62
3209,27,2,175,122
3209,20,1,326,228
3210,28,2,387,270
3210,69,1,298,208
3210,37,2,72,50
3210,22,3,344,240
3210,81,1,413,289
3211,35,3,383,268
3211,29,1,489,342
3212,45,3,487,340
3212,35,2,382,267
3212,88,3,360,251
3212,5,3,175,122
3212,18,2,280,196
3213,81,3,453,317
3213,75,2,310,217
3213,91,1,74,51
3213,61,1,471,329
3213,41,1,335,234
3214,3,3,269,188
3214,69,3,241,168
3214,29,3,453,317
3214,62,2,464,324
3215,34,2,247,172
3215,70,3,57,39
3215,38,3,219,153
3215,43,3,106,74
3216,19,3,361,252
3217,22,1,258,180
3218,70,1,439,307
3218,71,2,291,203
3218,19,1,84,58
3218,31,1,258,180
3218,70,3,146,102
3219,48,3,259,181
3220,85,2,338,236
3221,55,1,243,170
3221,90,3,329,230
3221,25,1,461,322
3221,95,2,394,275
3221,14,1,344,240
3222,80,1,53,37
3222,91,3,93,65
3223,20,3,256,179
3223,94,3,296,207
3224,52,2,166,116
3224,58,2,488,341
3224,13,1,201,140
3225,76,1,467,326
3225,70,3,372,260
3225,45,3,206,144
3226,22,2,490,343
3227,24,1,193,135
3227,26,2,242,169
3227,55,2,233,163
3227,9,3,427,298
3228,85,1,311,217
3228,95,3,77,53
3228,71,1,225,157
3228,87,3,432,302
3229,27,3,234,163
3229,85,1,415,290
3229,22,3,275,192
3229,43,1,84,58
3229,61,1,370,259
3230,26,1,106,74
3230,58,2,179,125
3230,63,1,273,191
3231,35,2,316,221
3231,18,2,72,50
3231,30,2,490,343
3231,65,2,383,268
3231,97,1,303,212
3232,49,2,393,275
3232,50,1,308,215
3232,74,1,160,112
3232,21,1,113,79
3233,38,1,444,310
3233,58,1,496,347
3233,78,1,373,261
3233,51,2,386,270
3233,88,3,357,249
3234,42,1,399,279
3234,8,3,136,95
3234,51,2,212,148
3234,71,3,327,228
3235,2,1,435,304
3236,17,1,115,80
3236,99,1,447,312
3236,65,1,481,336
3236,2,2,132,92
3236,14,3,393,275
3237,67,3,290,203
3237,50,1,299,209
3237,72,2,280,196
3237,43,1,255,178
3238,3,2,194,135
3238,50,3,348,243
3238,53,2,183,128
3238,27,3,326,228
3238,69,2,256,179
3239,37,1,316,221
3239,28,3,80,56
3239,47,3,216,151
3239,36,3,123,86
3239,37,1,82,57
3240,35,3,145,101
3240,91,3,328,229
3241,77,3,265,185
3241,3,1,103,72
3241,40,1,464,324
3241,17,3,251,175
3241,78,1,476,333
3242,79,3,389,272
3242,88,3,97,67
3242,67,3,469,328
3242,95,3,162,113
3243,64,1,496,347
3243,21,3,196,137
3244,29,3,315,220
3244,70,1,110,77
3244,98,2,210,147
3244,10,3,220,154
3244,55,2,345,241
3245,54,2,63,44
3245,68,2,101,70
3246,15,3,50,35
3246,54,3,490,343
3246,2,3,354,247
3246,88,2,249,174
3247,23,2,277,193
3247,50,1,125,87
3248,4,1,224,156
3248,19,1,273,191
3248,66,2,436,305
3248,49,3,371,259
3248,100,3,413,289
3249,82,2,381,266
3249,80,3,354,247
3250,4,2,156,109
3250,33,2,248,173
3250,81,3,488,341
3251,78,1,255,178
3252,81,3,445,311
3252,54,3,176,123
3252,13,2,379,265
3252,21,3,205,143
3252,45,3,392,274
3253,56,1,115,80
3253,77,3,216,151
3253,42,3,224,156
3253,29,3,415,290
3254,30,1,376,263
3254,48,1,123,86
3255,15,1,150,105
3255,98,1,431,301
3255,11,1,77,53
3255,43,3,104,72
3256,12,3,129,90
3256,82,1,278,194
3256,5,3,425,297
3256,86,2,255,178
3256,100,3,498,348
3257,91,3,419,293
3257,87,1,230,161
3257,100,1,161,112
3258,27,1,142,99
3258,85,1,66,46
3258,65,2,59,41
3258,7,3,308,215
3259,76,1,429,300
3259,4,1,125,87
3259,36,2,152,106
3260,13,3,146,102
3260,29,2,315,220
3261,83,3,260,182
3261,64,3,249,174
3262,34,1,166,116
3262,27,3,53,37
3263,89,1,153,107
3263,6,3,69,48
3263,43,3,283,198
3263,72,1,119,83
3264,70,2,149,104
3264,69,3,465,325
3264,28,1,104,72
3265,89,2,463,324
3265,63,1,115,80
3266,41,1,370,259
3267,24,2,253,177
3267,89,1,418,292
3268,18,3,144,100
3268,66,1,399,279
3269,53,1,127,88
3270,1,3,289,202
3270,8,3,360,251
3270,47,3,242,169
3271,35,2,368,257
3271,87,2,379,265
3272,3,2,144,100
3272,52,3,110,77
3272,25,2,242,169
3272,56,2,224,156
3272,48,3,149,104
3273,28,1,62,43
3273,11,3,142,99
3274,45,2,289,202
3274,3,3,339,237
3274,64,1,425,297
3275,65,2,283,198
3276,8,1,265,185
3276,5,1,280,196
3276,55,3,102,71
3277,53,2,467,326
3277,11,1,299,209
3277,97,2,425,297
3278,91,3,246,172
3278,92,3,133,93
3279,57,3,81,56
3279,16,2,234,163
3279,76,1,467,326
3279,21,2,121,84
3279,33,2,249,174
3280,71,2,213,149
3281,21,2,234,163
3281,88,1,305,213
3281,96,1,99,69
3282,5,2,63,44
3283,49,1,297,207
3283,7,2,152,106
3284,39,3,418,292
3284,7,3,473,331
3284,97,1,332,232
3284,30,2,314,219
3284,38,1,211,147
3285,51,1,441,308
3285,7,2,281,196
3286,94,1,393,275
3286,2,2,370,259
3286,98,1,358,250
3287,96,1,474,331
3287,33,2,199,139
3288,16,1,411,287
3289,41,2,303,212
3289,48,2,285,199
3289,52,3,354,247
3289,46,1,112,78
3289,53,1,475,332
3290,65,2,132,92
3290,98,1,121,84
3290,2,2,136,95
3290,10,3,278,194
3291,85,1,470,329
3291,14,2,419,293
3292,97,3,212,148
3293,72,3,372,260
3293,15,3,233,163
3293,17,1,71,49
3293,43,2,95,66
3293,36,1,392,274
3294,34,1,399,279
3294,3,2,114,79
3294,50,2,51,35
3295,13,3,294,205
3295,88,1,378,264
3296,8,1,157,109
3296,13,3,402,281
3297,93,2,96,67
3297,91,3,343,240
3297,26,2,426,298
3298,45,3,148,103
3298,26,3,153,107
3299,100,2,486,340
3299,16,2,417,291
3299,78,3,180,125
3299,70,3,131,91
3299,80,2,474,331
3300,1,2,408,285
3300,11,1,232,162
3300,13,2,378,264
3300,67,3,160,112
3300,25,3,153,107
3301,87,2,225,157
3301,30,1,193,135
3301,15,3,387,270
3301,85,3,224,156
3302,10,2,216,151
3303,72,2,253,177
3303,38,1,379,265
3303,89,1,95,66
3303,59,3,403,282
3303,86,2,212,148
3304,23,2,277,193
3304,64,1,459,321
3304,35,2,486,340
3304,35,3,393,275
3305,39,2,79,55
3306,75,1,468,327
3306,20,1,479,335
3306,97,3,401,280
3306,14,1,241,168
3307,6,2,254,177
3307,88,3,409,286
3308,86,1,367,256
3308,10,3,445,311
3309,78,3,401,280
3310,79,3,352,246
3310,32,2,190,133
3310,85,1,141,98
3311,37,3,177,123
3311,42,3,415,290
3311,63,3,128,89
3311,3,3,52,36
3312,87,3,266,186
3313,26,3,419,293
3313,72,1,446,312
3313,53,2,157,109
3313,81,1,281,196
3313,27,2,418,292
3314,22,1,206,144
3315,72,1,87,60
3315,81,3,103,72
3315,30,2,159,111
3316,70,2,50,35
3316,23,2,143,100
3316,72,3,201,140
3316,66,1,72,50
3317,27,1,246,172
3317,89,3,434,303
3318,88,1,217,151
3318,56,3,382,267
3318,56,2,232,162
3319,99,2,249,174
3319,72,2,317,221
3319,96,2,319,223
3319,19,2,177,123
3320,21,2,361,252
3320,99,1,56,39
3320,63,2,473,331
3320,73,2,123,86
3321,21,1,478,334
3321,50,1,343,240
3321,48,2,389,272
3321,47,1,259,181
3322,49,1,322,225
3322,18,3,477,333
3322,98,3,426,298
3322,69,3,470,329
3322,52,2,462,323
3323,52,2,322,225
3323,100,2,377,263
3323,73,3,143,100
3323,17,3,84,58
3323,85,1,367,256
3324,29,1,412,288
3324,28,3,483,338
3324,16,2,287,200
3324,76,1,375,262
3324,87,2,87,60
3325,2,1,463,324
3325,89,2,210,147
3325,18,2,274,191
3325,62,3,468,327
3326,21,2,284,198
3326,74,2,166,116
3327,22,2,243,170
3327,48,1,239,167
3328,99,3,356,249
3328,17,2,110,77
3328,38,1,324,226
3328,23,2,401,280
3329,75,3,269,188
3329,35,2,128,89
3330,13,3,472,330
3330,36,1,412,288
3331,47,3,491,343
3331,93,3,471,329
3331,60,2,471,329
3331,45,1,366,256
3332,28,3,279,195
3332,88,1,96,67
3333,64,2,483,338
3333,23,1,159,111
3333,90,1,141,98
3334,89,2,196,137
3334,26,2,171,119
3334,29,2,156,109
3334,21,2,156,109
3334,67,2,52,36
3335,41,3,287,200
3335,71,1,347,242
3335,61,2,377,263
3335,13,3,493,345
3336,2,2,125,87
3336,3,2,480,336
3336,5,1,454,317
3337,47,1,371,259
3338,58,1,72,50
3339,99,2,75,52
3339,19,1,63,44
3339,5,1,169,118
3339,92,3,337,235
3339,67,2,412,288
3340,45,1,316,221
3340,72,1,386,270
3340,70,2,373,261
3341,9,1,345,241
3341,28,2,230,161
3342,40,2,173,121
3342,48,3,176,123
3342,45,1,453,317
3342,30,3,452,316
3342,46,1,73,51
3343,49,1,391,273
3343,36,2,170,118
3343,18,1,308,215
3343,5,1,410,287
3344,15,2,380,266
3344,55,2,106,74
3345,78,1,173,121
3345,82,1,192,134
3345,77,3,381,266
3345,62,3,273,191
3345,57,3,485,339
3346,60,2,374,261
3346,42,3,198,138
3347,35,2,181,126
3348,68,3,397,277
3348,9,2,138,96
3348,66,1,91,63
3349,31,1,449,314
3349,27,2,226,158
3349,3,1,272,190
3349,4,3,160,112
3349,98,3,326,228
3350,72,3,254,177
3350,93,1,205,143
3350,44,1,61,42
3351,85,2,497,347
3351,49,1,291,203
3351,17,2,187,130
3351,70,2,407,284
3352,100,1,304,212
3352,90,3,491,343
3352,13,3,447,312
3352,74,3,80,56
3353,10,3,162,113
3353,29,1,86,60
3354,21,3,320,224
3354,26,1,491,343
3354,44,1,237,165
3355,79,2,406,284
3355,51,2,70,49
3355,38,3,93,65
3355,79,3,330,230
3355,18,2,112,78
3356,27,3,330,230
3356,2,3,168,117
3356,78,2,460,322
3356,54,1,458,320
3357,57,1,189,132
3357,49,1,431,301
3357,90,2,168,117
3358,20,3,291,203
3358,46,3,428,299
3358,53,2,480,336
3358,78,1,404,282
3359,71,2,273,191
3359,60,2,377,263
3359,71,1,410,287
3359,33,1,249,174
3360,84,1,161,112
3360,71,2,83,58
3360,11,2,423,296
3360,37,3,223,156
3361,16,3,124,86
3361,51,2,288,201
3362,83,1,496,347
3362,81,2,377,263
3362,62,3,364,254
3362,13,3,328,229
3363,32,1,421,294
3364,79,1,156,109
3364,14,1,155,108
3364,5,2,267,186
3365,75,1,320,224
3365,70,2,345,241
3365,88,3,329,230
3365,77,2,183,128
3366,24,3,56,39
3366,30,3,77,53
3366,18,2,78,54
3367,86,1,464,324
3367,58,3,226,158
3367,33,2,435,304
3367,99,2,286,200
3367,64,1,90,62
3368,64,1,208,145
3368,59,2,177,123
3369,52,2,342,239
3369,66,3,78,54
3369,56,1,161,112
3369,4,3,407,284
3369,24,2,201,140
3370,41,2,257,179
3370,17,1,447,312
3371,60,2,261,182
3371,5,3,175,122
3371,70,2,374,261
3372,92,3,440,308
3372,40,2,195,136
3372,85,2,305,213
3373,46,3,134,93
3373,2,1,281,196
3374,5,3,263,184
3374,59,1,412,288
3374,1,1,146,102
3374,39,1,300,210
3374,36,3,355,248
3375,35,3,52,36
3375,11,3,359,251
3375,65,2,111,77
3376,72,3,283,198
3376,29,1,219,153
3376,4,3,262,183
3376,9,1,213,149
3377,63,1,434,303
3377,93,1,233,163
3377,38,2,395,276
3377,86,2,75,52
3377,28,2,457,319
3378,15,3,322,225
3378,2,2,276,193
3379,25,3,253,177
3380,13,1,438,306
3380,98,1,202,141
3380,91,3,309,216
3381,98,3,368,257
3381,96,3,108,75
3381,35,3,485,339
3382,56,2,360,251
3382,33,2,102,71
3382,81,1,242,169
3383,39,1,175,122
3383,9,1,401,280
3383,58,2,329,230
3383,2,3,134,93
3384,77,2,359,251
3384,64,1,358,250
3384,75,1,167,116
3384,31,2,351,245
3384,49,1,261,182
3385,91,1,111,77
3386,11,3,252,176
3386,93,1,85,59
3386,80,2,386,270
3386,75,1,437,305
3387,57,3,165,115
3387,8,3,308,215
3388,94,1,244,170
3388,88,2,318,222
3388,33,2,72,50
3388,24,1,221,154
3388,84,2,298,208
3389,24,1,196,137
3390,19,2,440,308
3390,79,2,401,280
3390,57,2,299,209
3391,59,1,498,348
3392,41,1,393,275
3392,20,2,434,303
3392,55,3,500,350
3392,76,3,99,69
3393,79,1,117,81
3394,50,3,116,81
3394,90,2,463,324
3394,98,1,168,117
3394,62,1,475,332
3395,69,3,179,125
3395,47,1,194,135
3395,98,3,366,256
3396,92,1,308,215
3396,7,2,163,114
3396,66,1,406,284
3397,55,2,320,224
3397,65,1,170,118
3397,16,1,393,275
3397,86,3,210,147
3397,87,1,466,326
3398,48,3,59,41
3398,90,3,498,348
3398,78,2,407,284
3398,76,1,469,328
3398,62,2,149,104
3399,72,2,318,222
3399,33,1,195,136
3400,64,2,229,160
3401,71,3,465,325
3401,11,3,153,107
3401,62,1,310,217
3401,3,2,319,223
3401,92,2,257,179
3402,99,2,126,88
3402,87,1,121,84
3403,22,1,456,319
3404,17,2,87,60
3404,52,2,221,154
3404,22,2,130,91
3404,64,2,161,112
3404,90,3,414,289
3405,86,3,180,125
3405,22,2,244,170
3405,19,2,100,70
3406,95,1,79,55
3407,54,2,229,160
3407,55,1,84,58
3408,70,2,448,313
3409,20,3,121,84
3409,30,2,231,161
3409,99,2,302,211
3409,60,2,200,140
3409,26,1,361,252
3410,44,3,415,290
3410,26,2,287,200
3410,95,3,429,300
3410,65,3,345,241
3410,28,2,133,93
3411,30,1,235,164
3411,38,2,354,247
3411,93,3,203,142
3411,30,2,68,47
3412,40,1,472,330
3412,62,2,451,315
3413,77,3,351,245
3413,70,1,89,62
3413,75,2,229,160
3413,94,3,403,282
3414,28,2,225,157
3414,2,3,237,165
3415,61,2,427,298
3416,33,1,441,308
3416,40,3,461,322
3416,35,2,321,224
3416,76,2,126,88
3416,49,3,232,162
3417,89,1,413,289
3417,18,1,266,186
3417,93,3,434,303
3418,19,2,284,198
3419,78,1,303,212
3419,38,2,136,95
3420,49,2,369,258
3420,48,1,392,274
3420,31,3,85,59
3421,82,1,90,62
3421,73,2,331,231
3421,49,2,378,264
3421,44,1,489,342
3422,82,1,400,280
3422,55,2,88,61
3422,93,3,373,261
3423,72,1,212,148
3423,95,3,345,241
3423,88,2,267,186
3423,11,1,426,298
3423,87,3,412,288
3424,77,1,141,98
3425,4,1,92,64
3425,25,2,463,324
3425,72,1,451,315
3425,81,3,66,46
3425,23,3,481,336
3426,73,2,145,101
3426,34,3,399,279
3426,32,2,63,44
3426,69,1,318,222
3427,14,1,187,130
3427,55,1,91,63
3427,37,3,132,92
3427,77,3,319,223
3428,52,3,345,241
3428,55,1,261,182
3429,59,2,366,256
3429,22,1,204,142
3429,33,3,325,227
3429,14,2,220,154
3430,62,2,294,205
3430,21,3,359,251
3431,67,1,99,69
3431,13,1,214,149
3431,77,1,212,148
3431,28,2,290,203
3431,76,3,129,90
3432,66,3,239,167
3432,48,3,343,240
3432,8,1,283,198
3432,63,1,98,68
3433,50,2,65,45
3433,70,2,59,41
3433,49,3,148,103
3434,12,3,297,207
3434,38,2,412,288
3434,70,2,210,147
3434,44,2,489,342
3434,3,1,389,272
3435,66,3,123,86
3435,24,1,226,158
3435,96,3,474,331
3435,25,1,334,233
3436,50,3,203,142
3436,47,3,386,270
3436,84,1,461,322
3436,58,1,468,327
3437,31,1,157,109
3437,53,2,76,53
3437,46,1,269,188
3437,74,1,357,249
3438,80,1,67,46
3438,57,2,75,52
3438,45,1,483,338
3438,70,1,349,244
3439,85,1,308,215
3439,26,2,362,253
3439,2,3,488,341
3439,80,2,444,310
3439,3,1,88,61
3440,94,3,325,227
3440,23,2,500,350
3441,44,1,53,37
3441,33,3,315,220
3442,10,1,431,301
3442,96,2,388,271
3443,99,3,429,300
3443,97,3,388,271
3443,14,2,176,123
3443,96,3,487,340
3443,49,1,276,193
3444,34,1,219,153
3444,63,1,181,126
3445,77,2,392,274
3446,23,1,146,102
3446,56,2,342,239
3446,41,1,163,114
3446,7,2,395,276
3447,42,3,234,163
3448,50,1,145,101
3448,33,3,206,144
3448,61,2,428,299
3448,96,3,300,210
3448,89,1,163,114
3449,6,2,162,113
3449,12,2,100,70
3449,29,1,458,320
3449,50,2,124,86
3450,60,2,491,343
3450,87,1,108,75
3450,93,3,404,282
3450,65,3,161,112
3451,87,1,406,284
3451,53,1,143,100
3451,48,3,486,340
3451,75,1,87,60
3451,81,3,382,267
3452,81,2,124,86
3452,6,1,69,48
3452,43,3,99,69
3453,98,2,413,289
3453,12,3,492,344
3453,68,2,107,74
3454,54,2,278,194
3455,99,2,252,176
3456,50,3,414,289
3456,57,1,304,212
3457,73,1,411,287
3457,94,3,197,137
3458,37,1,224,156
3458,21,3,52,36
3459,25,2,351,245
3459,90,2,377,263
3460,43,1,324,226
3460,89,1,359,251
3461,37,3,488,341
3461,90,1,178,124
3462,2,2,443,310
3462,87,2,122,85
3462,34,3,246,172
3462,34,1,332,232
3463,19,1,399,279
3463,48,1,218,152
3463,44,3,79,55
3463,28,2,414,289
3464,12,3,230,161
3464,64,3,318,222
3465,16,1,130,91
3466,62,2,487,340
3466,13,2,293,205
3466,87,2,410,287
3467,28,3,271,189
3468,94,3,421,294
3468,84,1,405,283
3468,47,2,164,114
3469,75,3,127,88
3469,3,1,431,301
3469,21,2,224,156
3469,52,2,148,103
3469,73,1,71,49
3470,62,3,276,193
3470,82,2,416,291
3471,15,1,146,102
3471,84,2,485,339
3472,19,1,144,100
3472,33,1,243,170
3473,37,3,263,184
3473,78,1,215,150
3473,61,2,223,156
3473,16,3,432,302
3473,64,3,94,65
3474,96,1,205,143
3474,75,1,398,278
3474,16,3,162,113
3474,91,1,67,46
3474,85,1,219,153
3475,63,2,269,188
3475,7,1,108,75
3475,32,1,300,210
3476,43,1,453,317
3476,29,1,198,138
3476,4,2,183,128
3477,34,3,320,224
3477,9,1,138,96
3477,75,1,188,131
3477,2,3,57,39
3477,48,1,370,259
3478,63,2,59,41
3478,53,3,325,227
3479,88,3,271,189
3479,64,1,261,182
3479,39,3,209,146
3479,37,3,319,223
3479,38,2,305,213
3480,28,1,424,296
3480,57,1,427,298
3480,79,2,187,130
3480,77,1,474,331
3481,94,3,364,254
3482,21,3,427,298
3483,8,2,62,43
3483,97,1,83,58
3484,13,2,76,53
3484,47,2,192,134
3485,17,1,434,303
3485,34,1,125,87
3486,77,1,215,150
3486,14,2,401,280
3486,14,3,219,153
3487,74,2,446,312
3487,33,1,321,224
3487,78,3,142,99
3487,57,1,167,116
3488,93,3,152,106
3488,77,2,494,345
3489,97,3,87,60
3490,72,2,260,182
3491,53,2,52,36
3491,89,1,211,147
3491,95,2,56,39
3491,2,2,453,317
3491,97,1,379,265
3492,80,2,69,48
3492,53,1,293,205
3492,34,1,77,53
3492,70,3,270,189
3492,43,1,176,123
3493,29,2,116,81
3493,57,1,207,144
3494,11,1,428,299
3494,29,2,198,138
3494,42,1,82,57
3494,95,1,426,298
3495,97,2,476,333
3495,75,1,168,117
3496,8,3,345,241
3496,80,1,268,187
3496,81,2,119,83
3497,46,2,253,177
3497,74,1,150,105
3497,49,2,211,147
3498,19,3,112,78
3498,67,2,293,205
3499,100,1,306,214
3500,80,3,399,279
3500,36,3,170,118
3500,91,1,373,261
3500,82,2,172,120
3501,24,1,488,341
3501,21,1,298,208
3502,92,3,359,251
3502,8,1,244,170
3502,46,1,352,246
3502,2,1,414,289
3503,61,1,90,62
3503,36,1,157,109
3503,33,3,65,45
3504,30,1,421,294
3504,38,1,137,95
3505,53,3,396,277
3505,55,1,180,125
3505,59,3,265,185
3505,38,1,251,175
3506,85,3,199,139
3506,32,2,54,37
3506,5,3,420,294
3507,68,3,125,87
3507,63,1,462,323
3508,26,1,491,343
3508,68,1,339,237
3508,69,1,223,156
3508,26,2,190,133
3509,63,1,342,239
3509,83,2,207,144
3509,44,3,264,184
3510,64,2,419,293
3510,60,3,257,179
3510,5,2,262,183
3510,64,1,267,186
3510,69,2,112,78
3511,76,1,128,89
3511,4,1,477,333
3511,20,1,274,191
3512,6,3,229,160
3512,3,2,413,289
3512,78,1,364,254
3512,39,3,435,304
3513,94,3,378,264
3514,6,2,325,227
3514,47,1,487,340
3514,66,1,207,144
3514,49,1,337,235
3514,95,1,370,259
3515,79,3,244,170
3516,80,3,321,224
3516,68,2,384,268
3516,100,1,69,48
3516,13,1,459,321
3516,31,2,171,119
3517,36,2,323,226
3517,43,3,487,340
3517,59,3,372,260
3518,83,3,249,174
3518,81,2,274,191
3518,16,1,491,343
3519,55,3,254,177
3519,42,3,85,59
3520,76,1,252,176
3520,20,1,418,292
3521,14,1,126,88
3522,16,2,238,166
3522,1,1,200,140
3522,70,3,375,262
3523,25,2,222,155
3524,33,2,446,312
3525,27,1,424,296
3525,63,3,202,141
3525,85,1,168,117
3526,60,3,319,223
3526,66,1,472,330
3526,18,2,458,320
3526,48,3,57,39
3526,19,2,54,37
3527,88,2,185,129
3527,5,3,389,272
3528,9,3,358,250
3528,43,3,204,142
3529,82,3,95,66
3529,79,3,230,161
3529,29,1,106,74
3530,100,1,186,130
3531,22,1,491,343
3531,52,2,340,237
3532,18,1,118,82
3532,6,1,340,237
3532,93,2,277,193
3532,99,3,384,268
3533,35,3,327,228
3533,60,1,192,134
3533,3,1,342,239
3534,22,3,56,39
3534,2,3,64,44
3535,68,2,311,217
3535,28,1,446,312
3536,93,2,333,233
3536,79,2,193,135
3536,81,2,491,343
3536,1,2,431,301
3537,88,3,362,253
3537,79,3,110,77
3538,50,2,302,211
3538,14,2,231,161
3538,35,3,238,166
3538,79,3,146,102
3538,80,1,82,57
3539,80,1,149,104
3539,97,2,363,254
3539,47,1,361,252
3540,47,3,183,128
3541,14,3,412,288
3541,5,3,332,232
3541,91,3,370,259
3541,97,3,433,303
3542,83,2,229,160
3542,66,2,152,106
3542,81,1,260,182
3542,98,2,98,68
3542,21,2,276,193
3543,80,2,454,317
3543,44,3,481,336
3543,3,3,331,231
3543,56,2,402,281
3544,19,1,431,301
3544,18,1,396,277
3544,28,3,347,242
3544,5,3,160,112
3545,69,1,397,277
3545,28,2,309,216
3545,77,3,158,110
3545,43,1,431,301
3546,67,3,54,37
3546,11,3,134,93
3547,100,3,95,66
3547,56,2,164,114
3547,14,1,311,217
3547,83,3,225,157
3547,90,3,330,230
3548,2,1,370,259
3548,48,3,394,275
3548,36,1,200,140
3548,75,1,319,223
3549,90,1,175,122
3550,59,3,58,40
3550,34,3,98,68
3550,58,2,265,185
3550,58,1,269,188
3551,31,2,277,193
3551,66,3,227,158
3552,69,2,447,312
3552,17,2,323,226
3553,16,1,245,171
3553,83,3,424,296
3553,70,3,436,305
3553,12,1,436,305
3554,13,1,302,211
3554,97,2,195,136
3554,53,1,375,262
3554,47,1,181,126
3554,65,3,160,112
3555,64,2,352,246
3555,14,2,231,161
3555,44,3,224,156
3556,65,3,90,62
3557,7,1,346,242
3557,48,2,79,55
3557,80,1,68,47
3557,53,1,362,253
3557,68,1,417,291
3558,89,3,500,350
3558,69,2,58,40
3559,33,1,309,216
3559,100,2,475,332
3559,12,1,138,96
3559,38,1,412,288
3560,90,3,95,66
3560,7,3,201,140
3560,47,2,419,293
3561,6,1,207,144
3561,76,1,212,148
3561,74,3,250,175
3561,1,3,166,116
3562,33,2,469,328
3562,64,3,325,227
3563,27,2,461,322
3563,66,1,449,314
3563,36,2,214,149
3563,35,1,249,174
3564,70,1,273,191
3564,85,1,466,326
3564,42,2,314,219
3565,23,2,193,135
3565,58,1,194,135
3566,53,2,425,297
3566,93,1,311,217
3566,19,1,276,193
3567,24,3,373,261
3567,10,1,175,122
3567,80,3,185,129
3567,5,2,172,120
3567,100,2,301,210
3568,3,2,404,282
3568,64,1,65,45
3568,52,1,90,62
3568,82,3,257,179
3569,54,2,448,313
3569,99,2,64,44
3569,89,2,55,38
3569,30,1,103,72
3569,80,1,461,322
3570,26,3,234,163
3571,61,3,432,302
3571,49,1,370,259
3571,99,1,203,142
3571,58,1,377,263
3571,74,1,215,150
3572,10,2,280,196
3572,8,1,346,242
3572,96,1,164,114
3573,60,2,241,168
3574,21,3,323,226
3575,28,2,266,186
3575,45,2,301,210
3575,64,2,104,72
3575,48,2,473,331
3576,39,1,176,123
3577,76,2,93,65
3577,35,3,397,277
3577,64,2,492,344
3577,95,3,383,268
3577,37,1,418,292
3578,78,2,261,182
3578,15,2,77,53
3578,84,2,253,177
3579,98,1,141,98
3579,51,3,326,228
3579,64,3,76,53
3579,90,2,183,128
3579,42,1,174,121
3580,18,3,233,163
3580,23,3,241,168
3580,92,1,390,273
3581,74,3,110,77
3581,30,1,190,133
3582,99,1,97,67
3582,8,2,483,338
3582,38,1,395,276
3582,6,3,84,58
3583,18,3,476,333
3583,7,2,401,280
3583,98,2,314,219
3583,97,1,69,48
3583,60,1,270,189
3584,83,3,119,83
3584,17,2,362,253
3584,44,2,61,42
3584,28,2,240,168
3584,47,1,190,133
3585,4,1,376,263
3585,41,3,397,277
3586,48,3,75,52
3587,58,2,176,123
3587,83,3,126,88
3587,83,1,340,237
3587,34,1,196,137
3588,64,3,96,67
3589,23,2,288,201
3589,16,1,497,347
3589,60,2,400,280
3589,95,3,199,139
3589,12,2,101,70
3590,54,3,319,223
3590,99,1,405,283
3590,13,3,163,114
3590,90,1,125,87
3591,75,1,180,125
3591,12,3,304,212
3592,71,3,113,79
3592,7,3,88,61
3592,13,2,144,100
3592,95,2,481,336
3592,58,3,497,347
3593,45,3,242,169
3593,51,2,420,294
3593,44,2,365,255
3593,91,2,66,46
3594,84,3,309,216
3594,97,2,476,333
3594,49,2,335,234
3594,95,1,434,303
3595,16,2,87,60
3595,78,3,93,65
3595,40,3,413,289
3595,45,1,243,170
3596,23,1,161,112
3596,1,3,86,60
3596,52,2,51,35
3597,77,2,301,210
3597,19,3,496,347
3597,16,1,168,117
3598,58,3,341,238
3598,74,1,159,111
3598,66,3,428,299
3598,67,1,91,63
3598,40,3,220,154
3599,34,3,397,277
3599,80,1,267,186
3599,7,3,323,226
3599,11,3,146,102
3599,15,2,258,180
3600,73,2,269,188
3600,18,3,213,149
3600,3,1,274,191
3600,91,1,276,193
3601,70,1,358,250
3601,17,3,499,349
3601,35,2,207,144
3601,35,3,302,211
3602,9,3,246,172
3602,27,1,233,163
3602,34,2,264,184
3602,27,1,208,145
3602,68,3,448,313
3603,34,1,284,198
3603,39,2,211,147
3603,20,3,316,221
3604,68,3,367,256
3604,14,1,312,218
3604,91,1,50,35
3604,70,2,173,121
3604,21,1,55,38
3605,75,3,82,57
3605,78,1,448,313
3605,50,3,291,203
3605,14,2,343,240
3605,21,1,374,261
3606,24,2,338,236
3606,67,1,255,178
3606,30,3,499,349
3607,55,2,139,97
3608,9,3,321,224
3609,60,2,409,286
3609,10,3,230,161
3609,6,2,201,140
3610,91,3,433,303
3610,55,2,137,95
3611,43,2,458,320
3611,16,2,278,194
3612,80,2,225,157
3612,12,2,272,190
3613,22,2,420,294
3613,19,2,165,115
3614,85,2,455,318
3614,54,3,416,291
3615,100,3,499,349
3616,29,3,86,60
3616,51,1,139,97
3616,13,2,61,42
3616,42,3,429,300
3616,9,1,401,280
3617,4,3,331,231
3617,75,2,116,81
3617,34,3,293,205
3617,41,2,161,112
3618,83,1,101,70
3618,66,2,337,235
3619,97,3,170,118
3619,34,1,107,74
3619,97,3,347,242
3619,72,3,385,269
3620,20,3,277,193
3620,68,3,487,340
3620,51,2,353,247
3620,71,1,68,47
3621,42,2,492,344
3621,53,2,177,123
3621,48,3,269,188
3621,34,1,291,203
3621,90,1,499,349
3622,11,2,281,196
3622,74,1,455,318
3622,94,2,491,343
3622,62,2,303,212
3622,83,3,274,191
3623,58,2,110,77
3624,41,2,249,174
3625,97,2,55,38
3625,98,3,486,340
3626,100,3,159,111
3627,21,2,148,103
3627,19,2,53,37
3627,40,2,236,165
3627,51,3,412,288
3627,58,2,201,140
3628,92,2,126,88
3628,31,3,81,56
3628,91,1,343,240
3629,69,3,134,93
3629,14,2,396,277
3629,16,2,146,102
3629,35,3,435,304
3629,39,1,405,283
3630,41,1,66,46
3630,25,1,410,287
3630,71,3,442,309
3630,2,2,106,74
3631,9,3,414,289
3631,1,1,198,138
3632,38,2,459,321
3632,92,2,340,237
3632,68,3,423,296
3632,84,3,60,42
3633,49,3,210,147
3633,82,2,292,204
3633,39,2,393,275
3633,66,3,372,260
3634,98,1,102,71
3634,37,3,452,316
3635,67,3,84,58
3635,20,2,159,111
3635,15,3,224,156
3635,27,2,375,262
3635,52,1,363,254
3636,57,1,65,45
3636,21,3,372,260
3637,32,2,62,43
3637,100,3,463,324
3637,73,3,368,257
3638,85,3,279,195
3638,50,2,458,320
3638,85,2,306,214
3639,90,3,161,112
3639,6,1,442,309
3639,60,3,425,297
3640,3,1,214,149
3640,6,2,133,93
3640,86,3,352,246
3641,57,2,395,276
3641,4,3,267,186
3641,80,2,50,35
3641,64,1,322,225
3641,73,3,64,44
3642,95,3,118,82
3642,2,3,185,129
3643,83,1,65,45
3643,22,2,62,43
3643,58,1,55,38
3643,35,3,317,221
3643,50,2,91,63
3644,69,3,89,62
3644,3,3,474,331
3644,50,1,368,257
3645,41,1,310,217
3646,85,1,467,326
3647,21,1,190,133
3647,61,1,399,279
3647,60,2,260,182
3648,35,1,414,289
3648,43,1,213,149
3648,43,1,273,191
3648,64,2,469,328
3648,97,1,262,183
3649,72,3,211,147
3649,27,3,139,97
3649,1,3,324,226
3649,74,1,336,235
3650,99,1,91,63
3651,30,3,248,173
3651,41,1,370,259
3651,12,1,354,247
3652,72,2,192,134
3652,57,1,256,179
3652,43,2,346,242
3653,27,2,74,51
3653,41,1,115,80
3654,92,3,407,284
3654,17,1,137,95
3654,90,3,86,60
3654,8,2,292,204
3655,79,2,396,277
3655,89,1,93,65
3655,92,1,182,127
3655,26,2,474,331
3656,54,1,390,273
3657,29,1,406,284
3657,11,3,178,124
3657,18,2,217,151
3658,80,2,365,255
3658,53,1,198,138
3658,51,1,128,89
3659,22,3,295,206
3659,58,2,426,298
3659,50,2,289,202
3659,64,1,372,260
3660,79,1,376,263
3660,24,3,138,96
3661,90,1,422,295
3661,79,2,376,263
3662,32,3,365,255
3662,71,2,389,272
3662,76,3,236,165
3663,57,1,350,244
3663,27,3,315,220
3663,72,3,98,68
3664,3,2,308,215
3664,36,1,104,72
3664,51,2,223,156
3664,21,2,98,68
3664,71,2,65,45
3665,15,2,149,104
3666,8,2,419,293
3666,47,1,124,86
3666,62,1,64,44
3667,68,1,256,179
3667,66,1,272,190
3667,80,3,281,196
3667,97,2,379,265
3668,88,2,418,292
3668,73,1,209,146
3669,64,3,298,208
3669,43,3,452,316
3669,3,3,330,230
3669,63,3,299,209
3669,46,3,377,263
3670,20,2,382,267
3670,51,2,118,82
3670,53,3,181,126
3670,28,2,71,49
3671,44,2,423,296
3671,75,1,102,71
3671,8,1,53,37
3671,56,3,367,256
3672,96,2,303,212
3673,35,2,345,241
3673,48,1,161,112
3674,7,2,324,226
3674,71,2,412,288
3674,16,3,362,253
3674,88,2,342,239
3674,79,2,299,209
3675,33,1,411,287
3675,1,3,487,340
3675,82,2,252,176
3676,16,1,206,144
3676,76,2,491,343
3676,87,1,325,227
3677,90,3,202,141
3677,20,1,128,89
3677,32,3,475,332
3678,10,2,99,69
3678,76,1,323,226
3678,79,1,488,341
3678,22,3,278,194
3679,13,2,150,105
3680,12,2,52,36
3680,12,1,105,73
3681,63,2,402,281
3681,51,3,317,221
3682,91,3,225,157
3683,30,2,369,258
3683,42,1,273,191
3683,99,3,78,54
3683,14,3,150,105
3683,13,2,190,133
3684,33,2,213,149
3685,43,3,354,247
3686,55,1,57,39
3686,25,1,202,141
3686,19,1,322,225
3686,23,3,419,293
3686,40,2,275,192
3687,77,1,406,284
3687,48,2,225,157
3688,52,1,174,121
3688,33,2,254,177
3688,62,3,145,101
3688,97,1,155,108
3689,31,2,224,156
3690,54,1,282,197
3690,86,2,452,316
3690,94,2,310,217
3690,29,3,445,311
3691,41,2,93,65
3691,91,3,483,338
3692,54,1,475,332
3692,11,2,220,154
3692,74,1,134,93
3692,21,3,75,52
3692,81,3,337,235
3693,84,2,308,215
3693,98,1,463,324
3693,42,2,271,189
3693,76,1,99,69
3694,54,3,311,217
3694,85,1,297,207
3694,69,2,278,194
3694,81,1,464,324
3695,29,3,443,310
3695,28,3,215,150
3695,1,1,358,250
3695,92,1,370,259
3696,74,3,169,118
3696,61,3,202,141
3696,82,2,311,217
3696,48,2,175,122
3697,44,3,438,306
3697,68,1,485,339
3697,100,1,131,91
3697,18,2,120,84
3698,21,1,237,165
3698,71,3,222,155
3698,78,1,396,277
3698,16,3,288,201
3699,28,3,107,74
3699,29,2,266,186
3699,35,1,437,305
3699,52,1,76,53
3700,18,2,413,289
3700,96,2,130,91
3700,89,3,175,122
3701,85,3,273,191
3701,40,2,120,84
3701,8,3,190,133
3701,14,2,156,109
3702,85,3,338,236
3702,84,2,214,149
3703,72,3,372,260
3703,64,1,303,212
3703,44,2,333,233
3704,37,2,298,208
3704,85,1,492,344
3705,33,1,57,39
3705,11,2,331,231
3705,23,2,276,193
3706,84,2,218,152
3706,48,2,213,149
3706,11,3,153,107
3706,88,2,277,193
3706,66,3,201,140
3707,30,3,361,252
3707,74,3,123,86
3708,69,2,348,243
3708,24,3,70,49
3708,12,3,319,223
3709,90,3,479,335
3709,28,1,185,129
3709,20,3,148,103
3709,31,1,342,239
3710,83,3,283,198
3710,60,2,404,282
3710,97,1,168,117
3710,85,2,287,200
3710,43,2,76,53
3711,78,1,376,263
3712,61,1,307,214
3712,73,3,70,49
3712,75,3,242,169
3712,10,1,395,276
3713,47,3,166,116
3713,84,3,407,284
3713,77,3,281,196
3713,70,1,198,138
3714,64,2,151,105
3714,97,1,388,271
3714,63,1,70,49
3714,30,3,139,97
3714,96,1,490,343
3715,55,2,434,303
3715,76,3,67,46
3715,84,1,476,333
3715,42,2,147,102
3715,67,3,192,134
3716,60,2,99,69
3717,47,3,227,158
3717,65,1,415,290
3717,78,2,123,86
3717,51,1,499,349
3717,48,1,375,262
3718,41,2,482,337
3718,24,1,212,148
3718,49,2,333,233
3719,78,3,444,310
3719,3,2,202,141
3719,35,3,320,224
3720,29,2,322,225
3720,58,3,492,344
3720,67,1,403,282
3721,27,1,480,336
3721,93,1,114,79
3721,79,3,396,277
3721,56,2,355,248
3722,11,3,261,182
3722,1,2,270,189
3722,72,1,303,212
3722,98,2,362,253
3723,92,1,338,236
3723,44,2,390,273
3723,59,2,287,200
3724,12,1,292,204
3724,25,3,448,313
3724,30,2,296,207
3725,46,2,196,137
3725,55,2,481,336
3725,39,2,346,242
3726,32,2,291,203
3726,71,3,140,98
3727,30,3,175,122
3727,61,1,425,297
3727,88,1,332,232
3727,76,2,475,332
3727,13,2,487,340
3728,40,3,171,119
3728,47,1,225,157
3729,29,2,189,132
3729,52,3,153,107
3729,67,1,204,142
3729,45,2,197,137
3730,22,1,305,213
3730,50,1,297,207
3731,72,3,364,254
3731,40,1,96,67
3731,57,3,238,166
3731,72,1,436,305
3732,65,2,161,112
3732,54,3,309,216
3732,82,3,139,97
3732,55,2,139,97
3732,91,2,161,112
3733,18,3,289,202
3733,1,3,356,249
3733,99,1,382,267
3733,8,3,373,261
3733,53,1,468,327
3734,53,1,278,194
3734,9,1,79,55
3735,39,3,113,79
3735,100,3,469,328
3735,73,3,438,306
3736,51,2,224,156
3736,5,1,248,173
3736,37,1,132,92
3737,10,3,418,292
3737,73,2,347,242
3737,50,3,308,215
3737,99,3,375,262
3738,40,1,182,127
3738,86,1,288,201
3738,48,1,377,263
3738,40,2,126,88
3738,10,3,444,310
3739,46,3,445,311
3739,54,1,461,322
3740,94,2,237,165
3740,99,1,119,83
3740,66,1,85,59
3740,56,1,225,157
3740,56,3,205,143
3741,85,2,140,98
3742,55,3,202,141
3742,90,1,189,132
3742,59,1,105,73
3742,66,2,146,102
3743,38,2,289,202
3743,80,2,161,112
3743,5,1,421,294
3744,38,3,137,95
3744,1,2,351,245
3745,48,2,152,106
3745,27,1,327,228
3745,59,1,368,257
3745,66,2,131,91
3746,82,2,150,105
3746,78,3,490,343
3747,53,2,324,226
3748,6,2,142,99
3749,4,3,407,284
3749,65,3,481,336
3750,42,1,226,158
3750,62,2,374,261
3750,89,3,243,170
3751,21,3,229,160
3752,80,1,53,37
3753,35,3,67,46
3754,91,2,232,162
3754,16,2,441,308
3755,3,2,418,292
3755,82,1,230,161
3755,93,2,102,71
3756,72,1,156,109
3756,99,1,391,273
3756,30,3,327,228
3756,86,3,420,294
3757,51,3,191,133
3757,29,3,192,134
3757,31,2,204,142
3757,15,1,333,233
3757,29,2,100,70
3758,11,2,412,288
3759,2,3,115,80
3759,59,1,265,185
3759,58,3,451,315
3759,96,3,121,84
3759,13,1,347,242
3760,29,2,500,350
3760,61,2,111,77
3761,81,3,87,60
3761,83,2,155,108
3761,15,2,428,299
3761,30,1,156,109
3762,7,1,147,102
3762,72,3,89,62
3762,21,2,204,142
3762,91,1,330,230
3763,42,2,273,191
3763,56,3,486,340
3763,13,2,129,90
3763,64,3,272,190
3763,87,1,486,340
3764,81,1,123,86
3764,7,2,65,45
3764,13,2,474,331
3765,18,3,320,224
3766,40,1,321,224
3766,12,1,488,341
3767,29,2,449,314
3767,79,1,433,303
3767,75,2,270,189
3768,79,2,475,332
3768,41,1,436,305
3768,39,1,203,142
3768,85,3,165,115
3769,12,3,83,58
3769,53,2,165,115
3770,24,3,424,296
3770,65,3,61,42
3771,100,2,450,315
3771,47,2,190,133
3772,30,3,344,240
3773,55,1,302,211
3773,49,3,150,105
3773,58,2,78,54
3774,72,3,85,59
3774,94,1,478,334
3774,46,3,163,114
3774,20,1,112,78
3775,96,1,434,303
3775,65,2,157,109
3775,64,1,326,228
3775,6,1,284,198
3776,59,3,162,113
3776,75,2,406,284
3776,36,2,170,118
3776,56,2,467,326
3776,89,2,204,142
3777,66,3,252,176
3777,27,1,179,125
3777,27,2,314,219
3777,6,2,396,277
3777,51,3,380,266
3778,86,3,374,261
3778,41,2,93,65
3779,33,3,116,81
3779,27,1,343,240
3779,61,1,372,260
3779,86,2,205,143
3780,54,3,271,189
3780,78,1,476,333
3780,71,2,205,143
3780,17,2,430,301
3781,81,1,346,242
3781,60,3,127,88
3781,78,3,144,100
3782,91,3,236,165
3782,72,1,212,148
3782,40,3,403,282
3782,23,2,468,327
3783,25,2,166,116
3783,96,1,233,163
3783,4,1,477,333
3784,97,1,67,46
3784,53,2,179,125
3784,60,3,196,137
3784,7,3,239,167
3785,93,3,433,303
3786,100,1,384,268
3787,5,2,296,207
3788,13,3,104,72
3788,99,1,350,244
3788,20,3,217,151
3789,82,3,151,105
3789,39,3,60,42
3789,89,1,304,212
3789,53,1,455,318
3790,82,2,52,36
3790,19,2,456,319
3790,35,1,116,81
3790,52,3,203,142
3791,4,1,123,86
3792,70,3,279,195
3792,64,3,361,252
3793,65,3,290,203
3793,75,2,61,42
3793,50,1,197,137
3794,77,1,137,95
3794,16,1,496,347
3794,21,2,200,140
3794,63,1,184,128
3795,36,2,413,289
3796,36,3,245,171
3797,65,1,279,195
3797,1,2,384,268
3797,38,3,108,75
3797,3,3,120,84
3797,15,2,103,72
3798,6,1,385,269
3798,41,3,324,226
3798,95,1,199,139
3799,78,1,230,161
3800,86,1,415,290
3800,61,2,67,46
3800,71,1,333,233
3801,95,3,142,99
3802,54,3,483,338
3803,4,2,165,115
3803,82,1,261,182
3803,24,2,76,53
3803,1,3,378,264
3804,68,1,225,157
3804,44,3,96,67
3805,71,2,363,254
3805,55,3,383,268
3805,71,1,344,240
3805,11,2,268,187
3805,82,1,243,170
3806,80,2,429,300
3806,50,2,388,271
3807,47,1,450,315
3807,73,3,116,81
3807,27,2,284,198
3808,34,1,436,305
3808,17,1,397,277
3808,63,1,362,253
3808,42,1,386,270
3809,4,1,114,79
3809,58,1,85,59
3809,29,2,253,177
3810,44,1,424,296
3810,84,2,260,182
3810,30,1,247,172
3811,43,1,85,59
3811,42,3,356,249
3812,40,1,103,72
3812,87,2,238,166
3812,70,2,392,274
3812,75,2,465,325
3812,84,1,480,336
3813,63,3,139,97
3813,90,1,251,175
3813,43,1,248,173
3813,53,1,151,105
3814,11,3,178,124
3814,9,2,142,99
3815,36,2,342,239
3816,97,2,152,106
3816,25,1,373,261
3816,100,2,374,261
3816,47,2,330,230
3817,95,2,448,313
3817,33,1,202,141
3817,8,2,157,109
3817,37,2,288,201
3818,69,1,335,234
3818,78,3,334,233
3818,6,3,69,48
3819,29,1,349,244
3820,44,1,189,132
3821,24,3,185,129
3821,56,3,427,298
3822,24,1,414,289
3822,93,2,240,168
3822,25,1,150,105
3822,54,3,464,324
3823,20,3,456,319
3823,69,2,478,334
3823,20,2,425,297
3823,53,3,132,92
3824,56,3,259,181
3824,51,1,201,140
3824,93,3,103,72
3825,71,1,296,207
3825,80,2,294,205
3825,75,1,75,52
3825,37,2,80,56
3825,99,3,213,149
3826,43,3,460,322
3826,45,1,219,153
3826,92,1,484,338
3826,10,1,331,231
3826,15,1,286,200
3827,78,1,355,248
3828,80,2,358,250
3828,54,3,142,99
3828,8,2,283,198
3829,65,1,174,121
3829,85,3,158,110
3829,64,2,273,191
3830,89,2,163,114
3830,100,3,170,118
3831,41,1,242,169
3831,31,1,159,111
3831,49,1,60,42
3831,80,2,221,154
3831,63,1,404,282
3832,38,1,259,181
3832,97,1,123,86
3832,53,2,458,320
3833,8,2,94,65
3833,44,3,384,268
3834,16,2,436,305
3834,94,1,228,159
3835,91,2,335,234
3836,86,3,223,156
3836,62,1,453,317
3837,10,2,204,142
3837,43,3,426,298
3838,42,1,51,35
3838,29,2,424,296
3839,15,2,74,51
3839,18,1,432,302
3840,28,1,109,76
3840,67,1,479,335
3840,54,1,68,47
3840,99,3,138,96
3841,74,1,59,41
3841,85,2,131,91
3841,83,1,229,160
3841,2,2,396,277
3841,45,2,134,93
3842,43,2,388,271
3843,20,3,242,169
3843,66,2,471,329
3844,55,3,379,265
3844,67,3,139,97
3844,16,3,267,186
3844,75,3,229,160
3845,45,3,290,203
3845,69,3,237,165
3845,45,2,154,107
3845,56,2,268,187
3846,76,3,229,160
3846,90,1,259,181
3846,8,1,72,50
3846,7,2,495,346
3847,5,1,148,103
3847,79,2,210,147
3847,29,3,237,165
3847,30,1,83,58
3847,52,3,317,221
3848,57,3,289,202
3848,33,1,311,217
3848,80,2,207,144
3848,84,3,293,205
3848,42,2,68,47
3849,8,3,87,60
3850,73,3,150,105
3851,17,1,428,299
3851,15,1,177,123
3852,33,1,238,166
3852,86,1,237,165
3852,29,1,376,263
3852,16,3,388,271
3852,37,1,467,326
3853,23,1,275,192
3853,98,2,496,347
3853,30,2,160,112
3853,59,2,466,326
3853,87,2,385,269
3854,29,2,401,280
3854,67,2,309,216
3854,51,2,499,349
3854,65,1,275,192
3854,64,3,497,347
3855,98,2,317,221
3855,87,1,441,308
3856,98,3,318,222
3856,40,2,206,144
3856,43,1,382,267
3857,94,1,189,132
3857,98,3,305,213
3857,80,3,427,298
3857,84,1,324,226
3858,75,1,243,170
3858,55,2,136,95
3858,77,1,118,82
3858,45,3,493,345
3859,13,3,180,125
3859,52,3,54,37
3859,95,2,61,42
3859,57,1,156,109
3860,37,1,447,312
3860,85,2,393,275
3860,12,3,110,77
3860,79,1,321,224
3861,22,1,421,294
3861,86,1,401,280
3861,85,3,481,336
3861,5,3,103,72
3862,80,2,66,46
3863,6,1,59,41
3863,81,2,320,224
3864,91,3,297,207
3864,15,1,327,228
3865,79,2,392,274
3866,82,3,450,315
3866,27,3,96,67
3866,10,3,330,230
3866,100,2,196,137
3867,10,2,140,98
3867,67,1,485,339
3867,27,3,159,111
3867,92,2,401,280
3868,90,3,64,44
3868,98,1,89,62
3868,91,1,121,84
3868,22,1,108,75
3868,23,1,424,296
3869,24,3,470,329
3869,44,3,165,115
3869,69,1,352,246
3870,72,1,336,235
3871,16,1,364,254
3872,4,2,493,345
3872,71,2,119,83
3873,19,1,356,249
3873,38,1,87,60
3873,39,3,273,191
3874,4,2,418,292
3874,63,2,490,343
3875,64,2,248,173
3875,55,3,302,211
3875,13,1,469,328
3875,65,1,205,143
3876,72,2,455,318
3876,7,1,273,191
3876,11,1,383,268
3877,19,1,364,254
3877,87,1,484,338
3878,42,1,323,226
3878,49,3,292,204
3878,37,3,334,233
3878,3,1,234,163
3878,37,1,265,185
3879,51,2,55,38
3879,100,3,154,107
3880,74,3,216,151
3880,29,2,439,307
3880,65,3,456,319
3880,75,2,290,203
3881,69,3,455,318
3882,12,3,263,184
3882,29,1,164,114
3882,79,1,471,329
3883,34,3,337,235
3883,20,3,386,270
3883,13,2,73,51
3883,73,1,474,331
3884,71,2,315,220
3885,89,3,198,138
3885,35,1,346,242
3886,31,1,192,134
3886,9,1,419,293
3887,20,1,488,341
3887,62,2,116,81
3887,10,3,408,285
3888,17,2,296,207
3888,70,2,103,72
3889,32,2,100,70
3889,40,3,111,77
3890,53,2,341,238
3891,76,3,279,195
3891,9,1,248,173
3891,50,3,263,184
3891,75,1,395,276
3892,1,2,152,106
3892,28,3,405,283
3892,17,2,226,158
3892,17,2,206,144
3893,85,2,290,203
3893,60,3,111,77
3894,60,1,414,289
3894,7,2,410,287
3894,10,3,344,240
3894,2,2,92,64
3894,83,2,498,348
3895,37,3,406,284
3896,5,1,54,37
3896,47,2,135,94
3896,41,3,464,324
3897,88,3,435,304
3897,15,3,74,51
3897,73,1,60,42
3897,36,1,176,123
3898,21,2,217,151
3899,59,2,103,72
3899,98,3,353,247
3900,88,2,486,340
3901,25,2,157,109
3901,64,1,342,239
3902,35,1,260,182
3902,75,3,328,229
3902,19,3,466,326
3903,31,2,422,295
3903,23,3,130,91
3903,1,2,301,210
3904,7,3,160,112
3905,27,1,186,130
3905,69,3,201,140
3905,3,2,162,113
3906,89,1,429,300
3907,59,2,134,93
3907,14,2,394,275
3907,58,2,227,158
3908,19,2,195,136
3908,26,2,147,102
3908,67,3,184,128
3909,93,1,229,160
3909,100,1,131,91
3910,31,3,310,217
3911,77,3,358,250
3911,6,2,237,165
3911,7,2,220,154
3912,19,1,446,312
3912,36,3,85,59
3912,59,2,148,103
3912,43,1,132,92
3913,71,3,157,109
3913,100,2,245,171
3913,45,2,404,282
3913,37,2,189,132
3913,32,1,304,212
3914,3,1,141,98
3914,70,2,167,116
3914,36,3,78,54
3915,89,3,171,119
3915,90,1,378,264
3915,49,3,252,176
3915,71,2,238,166
3915,20,3,436,305
3916,97,1,223,156
3917,77,1,74,51
3917,7,3,344,240
3917,94,2,388,271
3918,19,1,423,296
3918,44,2,195,136
3918,54,3,336,235
3919,3,1,358,250
3920,40,2,436,305
3921,52,2,159,111
3921,21,3,292,204
3921,56,3,382,267
3922,9,2,110,77
3922,81,2,136,95
3923,11,3,486,340
3923,49,1,96,67
3924,26,2,398,278
3925,100,1,430,301
3925,64,1,163,114
3925,53,2,266,186
3926,66,3,59,41
3926,84,2,367,256
3926,84,3,474,331
3927,20,1,169,118
3927,67,1,421,294
3928,59,1,164,114
3928,53,2,348,243
3929,46,3,273,191
3929,35,2,67,46
3929,30,2,455,318
3929,80,1,98,68
3929,7,2,91,63
3930,87,1,197,137
3930,61,3,300,210
3931,7,3,271,189
3931,91,1,178,124
3931,5,1,328,229
3931,16,2,394,275
3932,36,1,109,76
3932,95,2,69,48
3933,79,1,446,312
3933,44,1,426,298
3933,22,1,395,276
3934,48,2,326,228
3934,3,2,268,187
3935,39,1,108,75
3935,61,3,140,98
3935,29,3,261,182
3935,57,1,216,151
3936,88,3,407,284
3936,40,1,257,179
3936,40,1,195,136
3937,56,1,351,245
3938,43,1,190,133
3938,50,2,426,298
3938,90,2,409,286
3938,73,2,420,294
3939,65,1,297,207
3940,2,1,188,131
3940,19,2,287,200
3940,64,2,120,84
3941,56,1,462,323
3942,33,1,373,261
3943,14,2,171,119
3943,23,1,187,130
3943,55,3,258,180
3943,18,1,318,222
3944,97,1,405,283
3944,62,3,207,144
3944,51,3,270,189
3944,94,3,371,259
3945,81,3,321,224
3945,36,2,52,36
3946,31,2,239,167
3946,29,3,369,258
3946,89,3,226,158
3946,48,3,440,308
3946,60,2,271,189
3947,42,2,61,42
3947,62,3,384,268
3947,41,1,382,267
3947,89,1,50,35
3947,75,2,58,40
3948,58,1,437,305
3949,47,3,55,38
3949,15,3,394,275
3949,67,2,327,228
3950,35,2,354,247
3950,4,1,247,172
3951,31,3,115,80
3951,6,1,121,84
3951,26,2,306,214
3952,84,3,240,168
3952,86,3,230,161
3952,20,3,463,324
3952,43,3,433,303
3952,66,3,473,331
3953,71,1,99,69
3953,73,1,415,290
3954,37,3,135,94
3954,5,3,449,314
3954,17,1,220,154
3955,23,2,451,315
3956,32,1,387,270
3956,69,1,211,147
3956,34,1,409,286
3956,9,3,429,300
3957,40,3,447,312
3958,66,3,443,310
3959,74,1,209,146
3959,70,1,170,118
3960,10,3,408,285
3960,82,1,294,205
3961,43,1,348,243
3961,34,3,150,105
3961,28,3,470,329
3961,40,3,205,143
3962,13,3,203,142
3963,84,3,397,277
3963,65,3,416,291
3963,94,3,449,314
3963,5,3,397,277
3964,28,3,376,263
3965,57,1,128,89
3965,11,2,375,262
3965,51,3,345,241
3966,41,3,337,235
3966,83,1,408,285
3966,99,1,350,244
3966,69,1,379,265
3966,52,2,379,265
3967,56,3,404,282
3967,49,2,316,221
3967,20,1,472,330
3967,33,2,391,273
3968,38,3,403,282
3968,33,1,351,245
3968,45,1,286,200
3968,21,2,351,245
3968,21,3,365,255
3969,2,2,441,308
3969,15,2,386,270
3970,60,1,453,317
3970,55,3,114,79
3971,40,1,249,174
3971,47,1,284,198
3972,84,3,204,142
3972,80,2,497,347
3972,75,1,357,249
3973,2,1,468,327
3973,76,2,272,190
3974,15,1,139,97
3974,12,1,397,277
3974,55,3,487,340
3974,14,1,481,336
3975,51,3,333,233
3975,16,3,148,103
3976,23,2,103,72
3976,6,1,257,179
3976,85,3,190,133
3976,100,3,331,231
3977,7,3,356,249
3977,89,2,263,184
3977,11,3,332,232
3978,48,1,443,310
3979,7,3,188,131
3979,73,1,332,232
3980,55,1,425,297
3980,91,3,437,305
3980,92,1,193,135
3980,33,2,316,221
3981,49,3,336,235
3982,26,2,251,175
3982,29,2,267,186
3982,61,2,464,324
3982,3,3,79,55
3983,89,3,73,51
3983,41,3,345,241
3983,79,2,151,105
3984,41,1,183,128
3984,34,2,353,247
3985,38,1,254,177
3985,45,1,469,328
3985,12,1,224,156
3986,39,1,75,52
3986,4,3,111,77
3986,85,3,427,298
3986,40,3,238,166
3987,43,2,77,53
3987,83,3,305,213
3987,65,3,138,96
3987,67,2,455,318
3988,8,2,144,100
3988,97,3,230,161
3988,48,2,122,85
3989,95,3,198,138
3989,85,1,105,73
3989,59,3,483,338
3989,89,2,153,107
3989,97,3,357,249
3990,92,3,375,262
3990,86,1,116,81
3990,49,3,465,325
3990,74,1,462,323
3990,13,2,350,244
3991,4,1,490,343
3991,80,3,61,42
3991,54,3,174,121
3991,52,2,377,263
3991,66,2,292,204
3992,20,1,75,52
3992,46,3,328,229
3992,60,1,404,282
3992,44,2,165,115
3993,52,1,462,323
3993,99,3,312,218
3993,60,1,105,73
3993,51,2,140,98
3993,79,1,291,203
3994,74,3,234,163
3994,91,2,107,74
3995,54,1,130,91
3995,85,1,201,140
3995,94,1,487,340
3995,27,3,390,273
3995,74,3,171,119
3996,1,3,419,293
3996,45,2,89,62
3996,6,2,292,204
3996,91,3,71,49
3996,98,3,291,203
3997,51,1,145,101
3997,34,3,301,210
3997,68,1,143,100
3997,73,1,193,135
3997,21,2,111,77
3998,36,3,332,232
3998,80,3,194,135
3999,80,3,387,270
3999,85,2,230,161
4000,25,1,202,141
4000,80,1,215,150
4000,46,1,254,177
4001,78,1,432,302
4001,10,1,316,221
4002,73,3,351,245
4002,64,3,346,242
4003,40,1,59,41
4004,80,3,62,43
4004,100,1,100,70
4004,50,3,277,193
4004,3,2,497,347
4005,19,3,365,255
4005,80,2,381,266
4006,41,1,226,158
4006,31,2,69,48
4006,22,2,171,119
4006,30,1,228,159
4007,57,2,189,132
4007,35,2,191,133
4007,79,1,434,303
4007,22,2,373,261
4008,81,2,119,83
4008,26,3,272,190
4008,19,3,314,219
4008,12,1,257,179
4009,88,2,364,254
4009,73,1,352,246
4009,63,2,199,139
4009,53,2,237,165
4010,99,2,231,161
4010,95,2,355,248
4010,88,2,76,53
4010,84,1,267,186
4011,78,3,313,219
4011,47,1,92,64
4011,38,3,188,131
4011,6,1,292,204
4011,44,1,359,251
4012,83,3,357,249
4012,30,2,106,74
4012,95,1,64,44
4013,78,2,305,213
4013,53,3,123,86
4013,35,2,151,105
4013,96,2,211,147
4014,77,1,423,296
4014,23,3,216,151
4014,13,3,441,308
4014,6,3,262,183
4014,20,3,435,304
4015,60,2,424,296
4015,57,2,296,207
4015,85,2,196,137
4016,50,2,57,39
4017,43,1,181,126
4017,72,1,80,56
4018,90,2,246,172
4019,1,2,254,177
4019,40,1,176,123
4020,89,3,150,105
4020,26,1,160,112
4020,73,1,457,319
4021,75,2,54,37
4021,94,2,231,161
4021,47,1,491,343
4021,42,3,397,277
4021,85,3,140,98
4022,13,3,316,221
4022,99,2,191,133
4022,68,1,240,168
4022,41,2,209,146
4022,10,3,169,118
4023,21,1,349,244
4023,87,2,186,130
4023,77,3,388,271
4024,27,3,182,127
4024,19,2,269,188
4024,27,1,282,197
4025,63,1,309,216
4025,6,2,268,187
4025,2,2,274,191
4026,2,3,337,235
4026,79,3,53,37
4027,69,2,466,326
4028,7,2,314,219
4028,42,1,259,181
4028,61,2,242,169
4028,86,3,139,97
4028,14,1,311,217
4029,13,1,402,281
4029,2,3,146,102
4029,72,1,140,98
4029,6,2,217,151
4030,88,1,464,324
4030,18,1,466,326
4030,55,2,75,52
4031,9,3,175,122
4031,71,3,362,253
4031,52,3,402,281
4032,2,3,151,105
4032,76,1,141,98
4032,24,3,265,185
4032,42,2,400,280
4033,88,2,219,153
4033,69,1,456,319
4034,76,2,55,38
4034,80,2,80,56
4034,56,3,129,90
4034,81,2,423,296
4034,17,1,65,45
4035,18,1,254,177
4035,100,3,302,211
4035,18,3,270,189
4035,54,2,119,83
4035,3,1,203,142
4036,50,3,366,256
4036,18,3,285,199
4036,90,1,329,230
4037,64,2,224,156
4038,68,3,470,329
4038,11,3,181,126
4038,1,3,109,76
4038,60,2,368,257
4039,82,1,188,131
4040,75,3,183,128
4041,13,1,261,182
4041,13,3,416,291
4041,28,1,485,339
4041,37,1,328,229
4042,58,3,316,221
4042,47,3,370,259
4042,90,2,481,336
4042,77,3,268,187
4043,58,3,202,141
4043,37,2,216,151
4043,78,2,138,96
4044,74,1,298,208
4044,54,3,306,214
4044,88,3,96,67
4045,35,1,349,244
4045,62,1,367,256
4045,85,2,453,317
4045,6,1,273,191
4046,69,3,478,334
4046,45,3,209,146
4046,58,2,339,237
4046,21,1,300,210
4047,80,2,215,150
4047,97,1,302,211
4048,74,1,158,110
4048,70,2,88,61
4048,35,1,347,242
4048,13,1,446,312
4049,29,1,293,205
4049,88,1,280,196
4049,37,2,263,184
4049,13,1,402,281
4049,91,2,272,190
4050,25,2,464,324
4050,45,3,287,200
4050,81,3,341,238
4050,92,2,481,336
4050,50,2,313,219
4051,75,1,322,225
4051,49,3,225,157
4051,23,3,67,46
4051,21,1,197,137
4052,70,3,200,140
4052,28,3,351,245
4052,47,1,270,189
4052,97,2,470,329
4052,34,3,206,144
4053,67,1,476,333
4053,81,2,264,184
4054,100,3,104,72
4054,31,3,163,114
4055,19,2,260,182
4055,28,3,370,259
4055,51,2,117,81
4055,8,2,157,109
4056,94,1,340,237
4057,45,1,237,165
4058,20,3,56,39
4058,69,3,376,263
4058,77,3,230,161
4058,18,1,479,335
4059,71,2,223,156
4059,62,1,499,349
4060,88,3,485,339
4061,60,3,239,167
4061,41,2,369,258
4061,91,1,242,169
4061,12,3,494,345
4062,99,2,431,301
4062,22,2,455,318
4063,59,1,298,208
4063,79,2,87,60
4063,17,1,173,121
4063,35,1,388,271
4064,27,1,433,303
4064,71,1,493,345
4065,43,3,230,161
4065,33,2,111,77
4065,86,1,137,95
4065,72,2,196,137
4066,71,3,215,150
4066,48,3,256,179
4066,58,2,228,159
4067,38,2,67,46
4068,16,2,290,203
4069,6,3,344,240
4069,80,3,443,310
4069,6,1,397,277
4069,64,1,493,345
4070,73,1,435,304
4070,3,2,323,226
4070,7,1,442,309
4071,68,2,303,212
4071,1,3,187,130
4072,1,3,209,146
4072,65,1,423,296
4072,13,3,392,274
4072,24,2,351,245
4073,43,2,171,119
4073,9,2,229,160
4073,40,3,156,109
4074,72,1,272,190
4074,34,1,72,50
4074,99,2,377,263
4074,23,3,235,164
4074,53,1,368,257
4075,100,1,474,331
4075,39,2,311,217
4075,42,3,386,270
4075,7,1,200,140
4076,2,2,286,200
4076,27,2,474,331
4076,20,2,286,200
4076,30,2,84,58
4076,58,1,311,217
4077,21,1,351,245
4077,22,3,425,297
4078,25,2,326,228
4079,32,2,229,160
4079,31,3,487,340
4079,24,3,208,145
4079,74,3,288,201
4079,75,1,204,142
4080,52,2,205,143
4081,20,1,499,349
4082,93,2,67,46
4082,47,3,386,270
4083,77,3,249,174
4083,23,1,138,96
4083,93,1,133,93
4083,100,1,187,130
4083,54,3,275,192
4084,47,2,257,179
4084,5,3,351,245
4084,37,1,294,205
4084,11,1,95,66
4085,36,2,492,344
4085,25,2,192,134
4085,41,2,309,216
4085,39,2,275,192
4085,37,3,435,304
4086,76,2,106,74
4086,92,1,198,138
4086,62,1,133,93
4086,97,3,271,189
4086,35,2,352,246
4087,51,2,312,218
4087,53,3,271,189
4088,75,3,444,310
4089,45,2,192,134
4089,26,1,434,303
4090,95,2,319,223
4090,17,1,80,56
4090,68,3,389,272
4090,86,1,230,161
4090,46,3,484,338
4091,53,3,205,143
4091,24,1,383,268
4092,49,2,387,270
4092,6,1,306,214
4093,28,1,134,93
4094,57,1,433,303
4095,44,3,497,347
4095,63,1,244,170
4095,1,2,352,246
4095,100,2,140,98
4096,63,3,196,137
4096,43,3,374,261
4097,64,1,373,261
4097,68,3,437,305
4097,71,3,457,319
4097,71,1,490,343
4097,61,3,465,325
4098,91,1,342,239
4098,18,2,95,66
4098,92,2,454,317
4098,2,3,378,264
4099,96,2,132,92
4099,57,1,458,320
4099,22,3,338,236
4099,73,3,328,229
4099,70,1,238,166
4100,86,2,158,110
4100,38,2,58,40
4101,48,2,116,81
4101,47,1,395,276
4101,39,1,425,297
4101,35,2,122,85
4102,42,1,450,315
4103,46,1,192,134
4103,24,1,353,247
4103,79,1,462,323
4104,15,3,84,58
4104,42,3,142,99
4105,66,2,281,196
4105,52,3,412,288
4106,50,2,423,296
4106,33,2,172,120
4106,48,3,492,344
4107,70,2,398,278
4107,33,2,463,324
4108,74,2,63,44
4108,10,1,295,206
4108,66,1,267,186
4109,90,2,323,226
4109,28,2,446,312
4110,65,2,411,287
4110,62,2,370,259
4110,29,1,199,139
4110,42,2,318,222
4111,50,3,335,234
4111,74,2,479,335
4111,70,1,309,216
4112,46,2,484,338
4112,65,2,71,49
4113,61,1,474,331
4113,22,1,168,117
4114,62,2,346,242
4115,52,1,72,50
4115,48,2,444,310
4115,43,1,214,149
4115,63,2,222,155
4116,77,2,377,263
4117,36,3,186,130
4117,43,1,193,135
4117,38,1,335,234
4118,34,1,245,171
4118,54,1,411,287
4118,83,3,272,190
4118,29,2,360,251
4119,8,1,394,275
4119,33,1,70,49
4119,71,2,429,300
4119,98,2,468,327
4120,93,2,353,247
4120,61,2,176,123
4120,62,1,380,266
4120,17,1,87,60
4120,71,3,455,318
4121,11,2,458,320
4121,6,2,259,181
4121,88,3,74,51
4121,44,3,230,161
4121,44,3,421,294
4122,83,1,434,303
4123,28,3,362,253
4123,60,3,264,184
4123,93,1,146,102
4123,41,1,73,51
4124,100,2,278,194
4124,35,1,242,169
4124,79,1,73,51
4124,94,3,92,64
4124,59,3,98,68
4125,67,2,414,289
4125,93,2,484,338
4126,29,2,89,62
4126,24,2,311,217
4126,24,1,420,294
4127,24,2,154,107
4127,58,3,240,168
4127,70,2,238,166
4128,61,3,410,287
4128,1,1,359,251
4128,14,2,57,39
4128,37,3,414,289
4129,47,3,265,185
4129,68,1,386,270
4129,62,2,279,195
4129,13,1,494,345
4130,75,3,266,186
4130,77,2,58,40
4131,52,3,65,45
4132,34,3,406,284
4132,11,3,397,277
4132,29,1,389,272
4133,12,2,485,339
4133,77,1,304,212
4133,75,3,497,347
4134,55,1,75,52
4134,8,2,72,50
4134,58,3,94,65
4134,57,3,97,67
4135,98,2,178,124
4136,96,2,214,149
4136,21,2,335,234
4136,99,2,281,196
4136,70,1,279,195
4137,20,2,87,60
4137,1,1,328,229
4138,16,3,64,44
4139,49,2,254,177
4139,57,2,140,98
4140,23,3,81,56
4140,35,1,405,283
4140,21,3,482,337
4140,87,1,111,77
4140,74,1,247,172
4141,17,1,368,257
4141,58,1,433,303
4141,67,2,157,109
4141,70,1,213,149
4142,87,2,413,289
4143,61,2,471,329
4143,9,3,72,50
4144,81,1,215,150
4144,72,3,271,189
4144,38,2,165,115
4145,37,3,64,44
4145,15,1,375,262
4145,49,3,284,198
4145,31,3,246,172
4146,18,3,474,331
4146,85,1,302,211
4146,83,1,366,256
4146,37,3,430,301
4146,14,3,302,211
4147,35,1,191,133
4147,49,1,97,67
4147,92,2,253,177
4147,84,3,494,345
4147,33,3,292,204
4148,15,3,456,319
4149,79,2,305,213
4149,93,1,311,217
4149,73,3,377,263
4150,36,2,98,68
4150,86,2,396,277
4151,32,2,185,129
4151,76,3,459,321
4151,27,3,178,124
4151,39,2,200,140
4151,12,1,137,95
4152,26,3,131,91
4152,33,2,193,135
4152,86,1,80,56
4152,86,2,329,230
4152,25,3,451,315
4153,88,3,294,205
4153,12,1,137,95
4153,39,1,386,270
4153,64,2,166,116
4154,24,1,474,331
4155,32,1,399,279
4155,92,1,390,273
4156,74,2,392,274
4156,89,3,364,254
4156,45,1,215,150
4156,42,2,305,213
4156,10,1,164,114
4157,82,3,166,116
4157,94,2,79,55
4157,93,2,289,202
4158,12,3,327,228
4158,10,1,242,169
4159,97,2,419,293
4159,7,2,157,109
4159,12,1,122,85
4160,83,2,473,331
4160,99,2,182,127
4160,92,2,189,132
4160,90,2,452,316
4160,88,3,168,117
4161,65,1,444,310
4161,76,2,179,125
4161,17,2,377,263
4161,40,3,297,207
4162,34,3,439,307
4162,45,1,104,72
4162,27,2,440,308
4162,52,1,291,203
4162,81,2,199,139
4163,54,2,298,208
4164,3,1,358,250
4164,23,3,385,269
4165,62,1,110,77
4165,84,3,376,263
4165,17,3,250,175
4165,96,1,177,123
4165,22,1,486,340
4166,35,3,435,304
4166,3,1,148,103
4166,17,2,151,105
4166,69,1,457,319
4167,16,2,337,235
4168,62,3,446,312
4168,11,1,278,194
4169,40,2,160,112
4169,73,1,53,37
4169,1,2,273,191
4169,68,1,444,310
4170,89,1,142,99
4171,24,1,223,156
4171,12,3,462,323
4172,76,2,147,102
4173,88,3,55,38
4173,26,3,295,206
4173,30,3,57,39
4173,4,3,331,231
4174,73,2,230,161
4174,22,3,424,296
4174,54,3,471,329
4174,72,1,333,233
4174,8,2,332,232
4175,31,1,139,97
4175,44,3,324,226
4175,75,1,269,188
4175,59,3,436,305
4176,53,1,283,198
4177,59,3,381,266
4177,11,2,373,261
4177,18,3,211,147
4178,63,2,449,314
4178,33,3,475,332
4178,88,1,250,175
4178,97,2,171,119
4179,91,1,469,328
4179,24,3,327,228
4179,69,1,100,70
4179,71,2,126,88
4179,77,2,244,170
4180,42,2,346,242
4180,36,2,479,335
4180,79,2,232,162
4181,8,3,330,230
4181,16,1,442,309
4181,6,1,139,97
4181,34,2,402,281
4182,1,2,377,263
4182,80,1,445,311
4182,97,3,167,116
4182,32,1,380,266
4182,70,2,231,161
4183,62,1,82,57
4183,44,1,338,236
4183,88,2,302,211
4183,48,1,202,141
4184,33,2,162,113
4185,84,2,381,266
4185,32,2,353,247
4185,46,1,215,150
4185,20,2,186,130
4185,12,3,102,71
4186,4,1,264,184
4186,94,3,270,189
4187,97,3,429,300
4187,63,1,134,93
4187,30,2,419,293
4187,47,3,359,251
4187,21,2,442,309
4188,1,2,394,275
4188,38,1,228,159
4188,45,3,93,65
4189,40,1,416,291
4189,55,1,234,163
4189,65,3,200,140
4189,100,3,420,294
4190,15,3,130,91
4190,56,3,106,74
4190,39,1,213,149
4191,99,3,75,52
4192,44,3,130,91
4192,80,1,403,282
4192,57,2,231,161
4193,31,1,79,55
4193,4,3,89,62
4193,28,2,88,61
4193,96,1,302,211
4193,33,2,255,178
4194,83,2,74,51
4194,71,1,55,38
4194,29,1,154,107
4195,63,1,277,193
4196,13,1,261,182
4197,79,1,282,197
4197,81,1,410,287
4197,97,3,359,251
4197,94,1,103,72
4197,90,1,332,232
4198,29,3,485,339
4198,50,1,486,340
4199,20,1,434,303
4200,9,1,340,237
4200,77,1,123,86
4200,61,3,280,196
4201,8,3,85,59
4201,20,2,336,235
4201,13,3,263,184
4201,42,1,283,198
4201,58,2,385,269
4202,72,2,298,208
4202,15,3,81,56
4202,65,1,316,221
4202,28,3,498,348
4203,13,1,88,61
4203,34,1,435,304
4203,8,1,283,198
4203,28,3,454,317
4203,70,2,421,294
4204,61,2,219,153
4204,31,1,178,124
4205,8,1,247,172
4205,37,2,407,284
4205,83,3,245,171
4206,15,2,231,161
4206,44,2,64,44
4206,53,1,349,244
4207,24,2,410,287
4207,54,1,200,140
4208,16,2,272,190
4208,87,1,281,196
4208,47,2,400,280
4209,72,2,108,75
4210,53,3,332,232
4210,49,2,350,244
4210,71,1,359,251
4210,57,2,464,324
4210,63,2,250,175
4211,26,2,390,273
4211,73,3,474,331
4211,28,1,184,128
4212,56,3,380,266
4213,55,3,449,314
4214,7,1,281,196
4214,6,1,123,86
4214,60,2,483,338
4215,68,3,193,135
4215,54,2,373,261
4216,91,3,357,249
4216,17,2,161,112
4217,81,1,445,311
4217,81,2,338,236
4217,1,2,276,193
4217,4,1,178,124
4217,87,2,351,245
4218,12,1,315,220
4219,78,1,310,217
4219,86,3,87,60
4219,55,3,228,159
4219,65,1,490,343
4220,31,2,299,209
4220,79,3,420,294
4220,8,3,103,72
4220,41,3,441,308
4220,47,3,312,218
4221,38,3,244,170
4221,30,1,497,347
4221,76,2,215,150
4221,18,1,378,264
4221,86,2,323,226
4222,47,2,447,312
4222,57,3,215,150
4222,86,1,392,274
4222,70,1,68,47
4222,64,3,325,227
4223,61,3,387,270
4223,53,2,458,320
4223,8,1,218,152
4223,42,2,477,333
4224,95,1,477,333
4224,30,3,227,158
4224,84,2,446,312
4224,35,3,132,92
4224,77,2,205,143
4225,82,2,141,98
4225,18,3,199,139
4225,38,3,344,240
4225,39,3,181,126
4226,3,1,458,320
4226,44,1,291,203
4226,97,2,147,102
4227,54,2,330,230
4227,85,1,230,161
4228,51,3,159,111
4228,30,1,444,310
4229,4,3,179,125
4229,87,2,327,228
4229,9,3,68,47
4229,97,2,208,145
4229,95,1,286,200
4230,59,1,185,129
4231,3,2,121,84
4231,14,3,275,192
4231,20,2,72,50
4231,44,1,419,293
4231,42,3,99,69
4232,94,3,216,151
4233,5,1,176,123
4233,57,1,72,50
4233,51,2,239,167
4234,93,2,222,155
4235,91,2,53,37
4235,11,2,308,215
4235,9,1,89,62
4236,10,1,238,166
4237,97,2,445,311
4238,34,3,54,37
4239,37,1,119,83
4239,6,3,340,237
4239,83,1,357,249
4239,48,1,453,317
4239,8,2,405,283
4240,40,3,229,160
4240,23,3,86,60
4240,47,3,214,149
4240,5,3,111,77
4241,54,3,113,79
4241,24,2,120,84
4241,67,1,165,115
4241,67,2,173,121
4242,71,3,95,66
4242,56,1,89,62
4242,63,1,458,320
4242,64,1,470,329
4243,54,3,336,235
4243,58,2,104,72
4243,55,2,478,334
4243,45,3,73,51
4244,30,2,399,279
4245,10,3,258,180
4246,78,2,295,206
4246,98,3,375,262
4246,52,1,313,219
4246,5,3,85,59
4246,17,2,299,209
4247,47,2,126,88
4247,67,2,400,280
4247,91,2,226,158
4247,14,3,327,228
4248,21,1,260,182
4248,3,1,340,237
4248,94,3,182,127
4249,20,3,448,313
4249,70,2,165,115
4249,78,2,493,345
4250,16,3,392,274
4251,55,1,205,143
4251,10,2,260,182
4251,33,1,249,174
4251,10,2,415,290
4251,76,3,484,338
4252,43,2,480,336
4252,54,1,444,310
4252,50,1,75,52
4252,31,2,240,168
4252,95,2,55,38
4253,52,2,111,77
4253,3,2,403,282
4254,31,2,236,165
4254,60,2,482,337
4254,78,2,367,256
4255,98,2,278,194
4255,88,1,53,37
4255,45,3,224,156
4256,53,2,76,53
4256,99,1,173,121
4257,77,3,310,217
4258,73,2,220,154
4258,61,3,339,237
4258,44,1,495,346
4258,70,2,161,112
4258,37,2,166,116
4259,84,1,483,338
4259,29,3,83,58
4259,4,2,327,228
4259,68,1,422,295
4260,51,1,167,116
4260,27,3,61,42
4260,77,3,468,327
4260,18,1,321,224
4260,98,2,476,333
4261,21,2,129,90
4261,88,2,418,292
4261,19,1,73,51
4262,31,1,467,326
4263,28,2,495,346
4263,5,1,383,268
4263,33,2,79,55
4263,75,2,150,105
4264,46,3,89,62
4264,90,2,217,151
4264,86,2,113,79
4264,19,1,274,191
4265,70,1,309,216
4266,80,2,266,186
4266,85,2,235,164
4266,50,2,201,140
4266,77,1,463,324
4267,27,2,61,42
4267,11,1,471,329
4267,48,2,257,179
4267,69,2,265,185
4267,97,1,158,110
4268,99,3,165,115
4268,54,2,348,243
4268,3,3,216,151
4268,100,3,358,250
4269,95,2,363,254
4270,39,1,246,172
4271,89,2,117,81
4271,65,2,451,315
4271,100,2,100,70
4271,45,2,310,217
4272,93,3,149,104
4272,33,1,493,345
4272,53,2,453,317
4273,17,1,220,154
4273,43,1,324,226
4273,5,2,258,180
4273,42,1,187,130
4273,19,3,348,243
4274,99,1,492,344
4274,7,2,379,265
4274,55,1,76,53
4274,14,2,136,95
4275,81,2,406,284
4275,28,1,128,89
4275,81,3,271,189
4275,92,1,275,192
4276,77,1,95,66
4276,68,3,491,343
4276,53,3,464,324
4276,43,1,201,140
4277,26,1,157,109
4277,36,3,251,175
4277,55,2,67,46
4277,22,2,123,86
4278,98,3,126,88
4279,59,1,330,230
4279,60,2,181,126
4279,66,3,443,310
4279,26,1,392,274
4280,55,1,76,53
4280,22,2,89,62
4280,20,2,371,259
4280,5,2,102,71
4281,72,2,133,93
4281,23,1,297,207
4281,1,2,493,345
4282,76,3,443,310
4282,92,3,307,214
4282,54,1,291,203
4282,3,2,421,294
4283,4,2,213,149
4283,83,3,153,107
4283,13,1,148,103
4283,86,2,174,121
4284,50,2,442,309
4284,26,3,199,139
4284,45,3,303,212
4284,28,3,346,242
4285,21,3,114,79
4285,12,2,348,243
4285,44,1,314,219
4285,28,2,322,225
4286,27,3,481,336
4287,66,3,393,275
4287,29,2,107,74
4287,18,2,98,68
4287,42,2,499,349
4288,86,2,67,46
4288,10,3,255,178
4288,71,2,485,339
4289,17,2,75,52
4289,64,1,103,72
4289,63,1,497,347
4290,30,3,366,256
4290,48,1,420,294
4290,39,1,128,89
4290,57,3,352,246
4290,98,3,482,337
4291,56,3,255,178
4291,12,3,297,207
4291,87,1,366,256
4292,6,3,146,102
4292,4,3,69,48
4293,93,1,129,90
4293,7,1,221,154
4293,99,2,350,244
4293,17,2,102,71
4293,99,3,281,196
4294,84,1,480,336
4294,71,1,295,206
4294,12,2,121,84
4294,14,3,99,69
4294,25,2,184,128
4295,1,3,135,94
4295,70,3,436,305
4296,78,2,187,130
4296,100,2,354,247
4296,52,2,282,197
4296,70,1,55,38
4297,6,1,263,184
4297,66,2,362,253
4298,48,1,270,189
4298,96,1,446,312
4298,14,2,193,135
4298,48,1,384,268
4299,51,1,105,73
4300,67,1,279,195
4300,9,2,227,158
4300,80,2,64,44
4301,45,2,160,112
4301,35,3,298,208
4302,73,2,478,334
4302,38,3,191,133
4302,35,3,445,311
4302,40,1,170,118
4303,96,3,279,195
4303,89,3,487,340
4303,48,3,171,119
4303,7,2,99,69
4303,77,1,493,345
4304,64,3,55,38
4304,53,2,232,162
4304,67,1,179,125
4304,98,2,260,182
4304,56,1,166,116
4305,44,3,312,218
4305,47,3,163,114
4305,4,3,498,348
4305,89,1,105,73
4306,3,3,309,216
4306,80,3,266,186
4306,25,2,415,290
4307,13,2,428,299
4307,74,3,86,60
4307,15,1,117,81
4308,28,1,430,301
4308,74,1,89,62
4308,64,3,185,129
4308,62,3,56,39
4309,52,1,166,116
4309,13,2,496,347
4309,87,3,135,94
4309,42,3,397,277
4310,50,1,327,228
4310,11,2,398,278
4310,63,2,155,108
4310,19,3,211,147
4310,30,2,404,282
4311,27,3,389,272
4311,64,1,105,73
4312,89,3,326,228
4313,89,2,408,285
4313,71,1,260,182
4314,67,2,318,222
4314,61,2,250,175
4314,9,3,51,35
4315,56,3,53,37
4315,11,1,70,49
4315,3,2,493,345
4315,82,1,359,251
4315,21,3,301,210
4316,31,3,346,242
4316,72,2,133,93
4316,62,2,471,329
4316,4,2,493,345
4316,24,3,102,71
4317,35,1,238,166
4317,84,3,475,332
4318,88,3,482,337
4318,72,3,126,88
4318,88,2,429,300
4318,39,3,185,129
4319,100,1,452,316
4319,79,1,209,146
4319,20,2,348,243
4320,88,2,340,237
4321,16,2,102,71
4321,51,3,104,72
4321,15,2,153,107
4322,59,1,373,261
4322,23,1,330,230
4323,45,3,73,51
4323,3,1,363,254
4323,42,1,244,170
4324,71,3,133,93
4324,70,2,422,295
4325,11,1,374,261
4325,84,2,139,97
4325,13,3,319,223
4325,13,2,106,74
4326,87,1,148,103
4326,64,3,471,329
4326,78,3,131,91
4327,89,2,256,179
4327,77,3,232,162
4328,76,2,206,144
4328,6,2,422,295
4329,54,3,268,187
4329,85,3,155,108
4329,69,3,323,226
4329,48,2,234,163
4330,44,3,168,117
4330,98,3,358,250
4330,88,1,302,211
4331,64,2,464,324
4331,64,1,407,284
4331,95,1,454,317
4331,74,2,449,314
4332,9,1,277,193
4332,26,1,432,302
4332,33,2,210,147
4333,99,2,327,228
4333,66,1,115,80
4333,81,3,428,299
4333,32,2,264,184
4333,53,1,52,36
4334,21,1,435,304
4334,16,1,322,225
4335,41,3,79,55
4335,63,3,394,275
4335,16,2,473,331
4335,68,3,405,283
4335,42,1,347,242
4336,27,1,461,322
4336,53,1,167,116
4336,7,2,357,249
4336,57,1,361,252
4336,87,1,394,275
4337,14,2,363,254
4338,16,3,486,340
4339,24,1,185,129
4339,4,1,427,298
4339,45,3,271,189
4339,21,2,484,338
4339,88,2,266,186
4340,97,3,367,256
4341,21,1,259,181
4341,84,1,421,294
4341,76,2,214,149
4342,100,2,254,177
4343,11,3,465,325
4344,54,2,421,294
4345,34,2,167,116
4345,77,3,222,155
4345,27,3,403,282
4345,11,3,71,49
4346,91,3,189,132
4346,14,2,444,310
4346,34,3,205,143
4347,86,1,104,72
4347,94,2,110,77
4347,97,3,174,121
4348,17,3,310,217
4348,89,1,172,120
4348,28,3,467,326
4348,27,2,373,261
4349,38,3,292,204
4350,14,3,148,103
4350,51,2,61,42
4351,86,3,114,79
4351,20,3,210,147
4352,14,1,227,158
4352,87,2,429,300
4353,16,3,325,227
4353,19,2,336,235
4353,80,1,274,191
4353,49,2,242,169
4353,38,2,290,203
4354,71,1,75,52
4354,60,1,196,137
4354,80,1,400,280
4355,88,3,421,294
4355,37,3,489,342
4356,38,3,84,58
4357,34,3,317,221
4357,2,1,371,259
4357,28,3,356,249
4358,13,3,359,251
4358,28,3,190,133
4358,91,2,110,77
4359,63,2,342,239
4359,73,2,408,285
4359,82,3,179,125
4360,31,3,341,238
4360,44,2,223,156
4360,17,3,240,168
4360,68,3,84,58
4361,48,3,295,206
4361,42,1,428,299
4361,90,1,217,151
4362,93,2,481,336
4362,12,2,56,39
4363,61,2,168,117
4364,69,3,370,259
4364,49,3,408,285
4365,75,1,128,89
4365,35,1,495,346
4365,35,2,274,191
4365,78,2,111,77
4366,38,1,376,263
4366,26,2,311,217
4367,28,1,242,169
4367,34,3,295,206
4367,74,1,435,304
4368,30,3,207,144
4368,39,1,461,322
4369,100,2,65,45
4369,67,2,286,200
4369,56,2,451,315
4369,78,1,494,345
4370,32,1,342,239
4370,37,3,185,129
4370,10,2,218,152
4370,78,3,272,190
4370,67,3,467,326
4371,86,3,289,202
4371,1,1,277,193
4371,1,2,219,153
4371,53,3,77,53
4371,52,2,257,179
4372,23,1,429,300
4372,28,1,425,297
4372,58,3,319,223
4373,7,1,51,35
4374,60,2,231,161
4374,26,2,164,114
4375,21,3,318,222
4375,8,3,145,101
4375,85,3,386,270
4375,83,1,412,288
4376,18,1,405,283
4376,49,1,313,219
4377,60,3,484,338
4377,57,3,338,236
4377,99,3,211,147
4377,98,1,57,39
4378,95,3,259,181
4379,26,2,406,284
4380,4,1,321,224
4380,6,1,495,346
4380,28,3,67,46
4380,18,2,234,163
4381,7,2,112,78
4381,13,2,203,142
4381,39,2,274,191
4381,63,1,242,169
4381,38,3,364,254
4382,2,2,496,347
4383,92,1,319,223
4383,47,2,114,79
4383,59,2,483,338
4383,72,1,298,208
4384,69,3,131,91
4384,87,1,157,109
4385,43,3,454,317
4386,62,3,499,349
4386,76,3,116,81
4386,42,1,381,266
4387,56,3,64,44
4388,84,2,252,176
4388,2,1,124,86
4388,98,3,446,312
4388,97,3,183,128
4389,5,3,368,257
4390,57,1,57,39
4390,97,1,134,93
4390,20,1,188,131
4390,65,2,261,182
4391,48,3,449,314
4391,14,3,267,186
4392,57,1,225,157
4393,73,1,154,107
4393,78,1,223,156
4394,57,1,418,292
4394,31,3,331,231
4394,69,3,243,170
4394,88,2,441,308
4395,68,2,165,115
4395,14,1,296,207
4395,46,2,399,279
4395,91,2,352,246
4396,84,1,129,90
4396,63,3,89,62
4396,86,1,183,128
4396,88,2,415,290
4396,100,3,175,122
4397,29,1,282,197
4398,77,3,96,67
4398,80,2,299,209
4398,84,1,487,340
4399,91,2,318,222
4400,34,2,103,72
4401,89,3,344,240
4401,54,1,331,231
4401,34,3,95,66
4401,22,2,351,245
4402,46,1,294,205
4402,87,2,307,214
4402,24,3,468,327
4403,39,2,404,282
4403,3,3,419,293
4403,84,2,178,124
4403,38,2,402,281
4403,13,1,389,272
4404,85,3,252,176
4404,59,2,231,161
4405,39,1,111,77
4405,66,3,277,193
4405,76,2,221,154
4405,11,2,112,78
4405,47,1,322,225
4406,20,1,485,339
4406,96,2,382,267
4407,4,1,131,91
4407,42,3,265,185
4407,34,2,147,102
4407,59,2,303,212
4407,16,3,436,305
4408,59,2,476,333
4408,97,1,95,66
4408,96,3,258,180
4408,8,1,114,79
4408,49,2,221,154
4409,12,3,349,244
4409,81,1,455,318
4409,39,3,488,341
4410,47,2,284,198
4410,70,2,300,210
4411,96,1,273,191
4411,49,1,228,159
4412,23,3,140,98
4412,5,1,177,123
4413,45,3,267,186
4413,4,2,383,268
4413,74,2,349,244
4414,67,2,255,178
4414,77,1,405,283
4415,48,3,213,149
4415,43,3,354,247
4415,86,2,273,191
4415,24,2,89,62
4416,75,1,201,140
4416,88,1,352,246
4417,37,3,347,242
4417,91,3,50,35
4417,30,1,385,269
4417,96,2,487,340
4417,14,3,131,91
4418,18,2,267,186
4418,94,3,453,317
4419,57,1,449,314
4419,36,1,277,193
4419,1,2,445,311
4420,90,1,436,305
4420,12,1,339,237
4421,89,1,171,119
4421,94,3,65,45
4421,44,1,163,114
4421,74,1,487,340
4422,16,1,480,336
4422,31,2,322,225
4422,51,2,139,97
4423,83,1,94,65
4423,88,2,215,150
4424,78,3,392,274
4424,63,2,441,308
4424,83,1,492,344
4424,55,3,79,55
4424,55,1,81,56
4425,71,1,454,317
4425,51,2,132,92
4425,53,2,249,174
4426,25,2,340,237
4426,36,3,84,58
4426,21,3,308,215
4426,92,2,175,122
4427,15,1,337,235
4427,33,1,477,333
4427,9,1,325,227
4428,28,1,316,221
4428,62,2,231,161
4428,6,2,166,116
4429,3,3,500,350
4429,36,2,365,255
4429,76,2,370,259
4429,50,2,65,45
4430,67,3,134,93
4430,26,1,275,192
4430,25,3,166,116
4431,55,1,274,191
4431,68,1,488,341
4432,58,1,456,319
4432,70,1,183,128
4432,57,1,175,122
4432,11,1,144,100
4432,23,2,126,88
4433,7,3,300,210
4433,47,1,391,273
4433,14,2,450,315
4434,19,3,152,106
4434,58,2,120,84
4434,72,2,153,107
4435,52,2,324,226
4435,91,1,396,277
4435,5,1,71,49
4435,59,3,79,55
4435,37,1,107,74
4436,98,3,223,156
4436,11,2,392,274
4436,52,2,174,121
4436,100,3,227,158
4436,7,1,81,56
4437,43,2,336,235
4437,9,1,293,205
4438,96,1,167,116
4438,65,2,128,89
4438,72,2,150,105
4438,12,3,363,254
4438,79,1,293,205
4439,90,3,472,330
4439,82,2,175,122
4440,58,1,144,100
4441,5,2,332,232
4441,59,2,394,275
4442,100,2,115,80
4442,68,3,473,331
4442,8,3,94,65
4442,73,3,117,81
4443,21,2,362,253
4443,94,1,437,305
4444,91,2,125,87
4444,49,3,457,319
4445,49,1,237,165
4445,52,1,208,145
4445,34,1,460,322
4445,62,1,203,142
4445,97,2,389,272
4446,44,2,253,177
4447,37,2,334,233
4447,19,2,91,63
4447,29,1,220,154
4447,61,1,363,254
4447,24,2,322,225
4448,19,1,98,68
4449,55,1,465,325
4449,10,2,247,172
4450,19,1,77,53
4450,81,1,303,212
4450,47,2,117,81
4451,21,1,166,116
4451,76,3,461,322
4451,71,1,68,47
4452,26,1,376,263
4452,47,3,220,154
4453,93,1,349,244
4454,13,3,281,196
4454,36,1,454,317
4454,80,1,372,260
4454,52,2,494,345
4454,99,2,465,325
4455,17,3,167,116
4455,41,2,385,269
4456,98,3,469,328
4457,52,2,147,102
4458,75,3,463,324
4458,54,1,156,109
4458,17,3,132,92
4458,88,1,336,235
4459,54,3,277,193
4459,91,3,97,67
4459,35,3,205,143
4459,55,1,117,81
4459,97,2,298,208
4460,55,2,204,142
4461,13,1,67,46
4461,71,1,468,327
4461,90,3,184,128
4461,17,1,436,305
4461,34,1,434,303
4462,26,1,377,263
4463,22,3,88,61
4464,33,2,292,204
4464,98,1,165,115
4465,5,2,388,271
4465,85,3,220,154
4466,68,1,189,132
4466,38,1,392,274
4466,24,3,199,139
4466,43,2,180,125
4466,86,1,50,35
4467,69,3,202,141
4467,62,2,402,281
4468,7,1,322,225
4468,95,3,434,303
4468,92,1,424,296
4468,95,2,132,92
4469,44,3,142,99
4470,64,1,216,151
4470,5,3,288,201
4470,92,1,332,232
4471,44,1,344,240
4471,37,1,397,277
4471,61,1,420,294
4472,58,3,283,198
4472,63,2,388,271
4473,71,2,273,191
4473,83,1,387,270
4473,6,3,225,157
4473,39,2,451,315
4473,75,3,129,90
4474,72,2,470,329
4474,36,3,404,282
4475,95,1,66,46
4476,74,1,234,163
4476,85,3,57,39
4476,7,2,308,215
4476,79,2,354,247
4477,77,3,189,132
4478,31,3,120,84
4478,55,1,138,96
4479,57,3,460,322
4479,14,1,143,100
4479,58,1,268,187
4479,25,3,312,218
4480,50,3,376,263
4480,6,2,393,275
4480,14,3,337,235
4480,72,1,234,163
4480,75,1,465,325
4481,62,1,408,285
4482,82,3,217,151
4482,82,3,122,85
4483,63,3,102,71
4483,48,3,447,312
4483,72,3,341,238
4483,71,1,143,100
4484,76,2,104,72
4485,53,1,327,228
4485,97,1,406,284
4486,37,2,446,312
4487,30,2,487,340
4487,93,2,339,237
4487,68,1,335,234
4487,57,1,266,186
4487,51,1,394,275
4488,36,3,160,112
4489,30,2,130,91
4489,90,3,138,96
4489,58,3,84,58
4489,66,3,73,51
4490,94,1,92,64
4490,45,2,144,100
4490,98,1,252,176
4491,89,1,334,233
4491,33,1,469,328
4492,71,3,210,147
4493,37,3,85,59
4493,86,1,134,93
4493,57,2,249,174
4494,58,2,172,120
4495,35,1,398,278
4495,60,3,383,268
4495,20,2,173,121
4496,19,3,493,345
4496,10,2,407,284
4497,55,2,204,142
4497,19,2,218,152
4497,84,3,82,57
4497,80,3,491,343
4498,95,2,425,297
4499,14,3,416,291
4499,22,3,369,258
4499,69,3,363,254
4500,44,3,472,330
4500,20,1,149,104
4501,59,3,238,166
4502,64,1,142,99
4503,75,3,305,213
4503,40,2,155,108
4503,33,2,118,82
4503,31,2,308,215
4503,30,3,465,325
4504,52,2,399,279
4504,51,3,208,145
4505,56,3,67,46
4505,10,2,178,124
4505,19,3,106,74
4506,49,3,314,219
4506,54,3,461,322
4507,47,2,455,318
4507,79,3,479,335
4507,63,3,473,331
4508,44,1,340,237
4508,4,2,278,194
4509,35,1,446,312
4509,93,1,85,59
4509,22,3,442,309
4509,2,1,300,210
4509,73,1,432,302
4510,51,2,271,189
4510,79,3,386,270
4510,45,2,268,187
4510,94,2,65,45
4510,66,1,438,306
4511,94,1,324,226
4511,95,3,466,326
4512,51,3,264,184
4512,88,2,104,72
4512,42,3,461,322
4512,60,3,253,177
4512,8,2,180,125
4513,78,2,323,226
4513,99,2,280,196
4513,97,1,131,91
4513,94,2,183,128
4513,96,1,155,108
4514,20,2,183,128
4514,26,3,294,205
4515,96,1,352,246
4515,46,1,394,275
4515,72,3,345,241
4516,46,1,324,226
4516,12,2,500,350
4516,6,1,440,308
4516,16,1,404,282
4517,30,2,441,308
4517,54,3,434,303
4517,26,2,141,98
4517,78,2,178,124
4517,78,1,387,270
4518,59,2,100,70
4518,23,3,293,205
4518,31,3,333,233
4519,31,3,204,142
4519,28,1,234,163
4519,57,3,441,308
4519,22,2,169,118
4520,53,1,442,309
4520,4,2,105,73
4521,1,3,448,313
4521,24,1,409,286
4521,22,3,104,72
4521,41,3,305,213
4521,66,2,156,109
4522,69,2,331,231
4522,77,3,314,219
4522,36,2,354,247
4523,44,1,497,347
4523,99,2,443,310
4524,28,1,166,116
4525,8,3,333,233
4525,76,2,243,170
4525,71,1,362,253
4526,84,2,493,345
4526,50,3,476,333
4526,96,2,259,181
4526,43,2,442,309
4526,35,1,363,254
4527,74,1,486,340
4527,10,2,303,212
4528,64,1,194,135
4528,41,1,358,250
4528,37,1,315,220
4528,56,1,405,283
4528,68,3,412,288
4529,35,2,464,324
4529,39,3,458,320
4529,24,2,155,108
4530,2,3,171,119
4530,38,3,86,60
4531,38,2,165,115
4531,42,3,494,345
4531,19,2,358,250
4532,2,1,220,154
4532,48,1,352,246
4532,81,1,436,305
4532,60,2,196,137
4533,65,3,330,230
4533,67,3,434,303
4533,91,1,413,289
4533,67,2,255,178
4533,86,3,123,86
4534,45,2,380,266
4534,71,3,271,189
4535,67,3,244,170
4535,43,3,52,36
4536,55,3,438,306
4536,48,3,234,163
4536,37,2,200,140
4537,42,2,349,244
4538,92,2,486,340
4538,2,1,437,305
4539,33,3,220,154
4539,22,1,371,259
4539,38,3,232,162
4539,17,3,180,125
4539,50,2,190,133
4540,13,3,246,172
4540,32,3,353,247
4541,21,2,214,149
4541,25,3,236,165
4541,63,1,335,234
4541,42,2,415,290
4542,20,3,267,186
4542,84,3,486,340
4542,11,2,164,114
4542,56,3,121,84
4543,76,2,353,247
4543,61,3,92,64
4543,81,3,201,140
4543,39,3,130,91
4543,20,2,405,283
4544,83,3,270,189
4544,66,3,261,182
4545,87,1,299,209
4545,85,2,320,224
4545,95,1,187,130
4546,31,1,159,111
4547,96,2,320,224
4547,80,2,463,324
4547,100,3,410,287
4547,73,1,122,85
4548,24,3,420,294
4548,87,2,393,275
4549,82,3,407,284
4550,60,2,96,67
4550,52,2,158,110
4550,8,3,422,295
4550,53,3,464,324
4551,70,1,211,147
4551,55,2,156,109
4551,94,1,387,270
4552,97,1,67,46
4552,69,3,125,87
4552,2,3,279,195
4552,25,3,391,273
4553,66,2,135,94
4553,22,2,235,164
4553,6,1,468,327
4553,11,1,192,134
4553,74,2,443,310
4554,5,1,198,138
4554,22,3,63,44
4554,66,1,63,44
4554,56,3,53,37
4555,56,2,255,178
4555,75,2,67,46
4555,37,3,97,67
4556,24,3,225,157
4556,14,2,78,54
4557,31,1,208,145
4557,64,2,106,74
4557,87,3,59,41
4558,91,3,197,137
4558,17,1,320,224
4559,38,2,53,37
4559,60,1,271,189
4559,71,2,478,334
4559,33,1,355,248
4559,31,3,381,266
4560,16,3,362,253
4560,56,1,127,88
4560,65,2,420,294
4560,79,2,350,244
4560,79,3,64,44
4561,59,2,383,268
4561,64,1,176,123
4561,96,3,440,308
4561,13,3,165,115
4561,45,1,489,342
4562,50,1,67,46
4563,1,3,407,284
4563,31,2,331,231
4563,94,1,88,61
4563,73,1,446,312
4563,100,1,90,62
4564,82,2,262,183
4564,18,3,411,287
4565,11,1,96,67
4565,41,3,363,254
4565,5,3,191,133
4566,88,1,329,230
4566,55,1,274,191
4566,41,2,70,49
4567,97,1,233,163
4567,83,1,78,54
4567,21,3,116,81
4567,56,3,277,193
4568,36,3,269,188
4568,48,3,363,254
4568,91,2,403,282
4569,86,1,211,147
4570,14,2,352,246
4570,74,3,318,222
4571,66,3,288,201
4571,5,1,152,106
4572,2,2,68,47
4572,41,3,406,284
4572,33,1,124,86
4573,89,3,497,347
4573,98,3,282,197
4574,63,3,166,116
4574,66,2,274,191
4574,47,1,154,107
4575,19,3,326,228
4576,40,2,446,312
4576,4,2,481,336
4576,67,2,446,312
4577,56,2,360,251
4577,99,1,282,197
4577,10,2,487,340
4577,92,3,253,177
4577,12,3,336,235
4578,47,2,305,213
4578,33,1,63,44
4578,19,1,205,143
4579,72,1,323,226
4579,76,2,185,129
4579,99,2,189,132
4579,85,2,350,244
4579,70,2,424,296
4580,46,2,429,300
4580,23,2,368,257
4580,75,2,197,137
4581,74,2,382,267
4581,33,3,276,193
4582,26,2,435,304
4582,20,3,109,76
4582,15,1,417,291
4582,58,3,88,61
4583,74,3,495,346
4583,33,2,399,279
4583,13,3,320,224
4584,26,2,113,79
4584,29,1,381,266
4584,73,1,464,324
4585,57,1,466,326
4585,28,2,129,90
4586,32,2,274,191
4586,44,1,88,61
4586,79,2,280,196
4587,85,2,89,62
4587,41,3,163,114
4587,53,2,432,302
4587,37,2,172,120
4587,37,1,453,317
4588,25,1,74,51
4588,99,2,55,38
4588,93,2,115,80
4588,99,3,100,70
4588,65,1,326,228
4589,64,1,420,294
4589,18,2,399,279
4590,1,1,321,224
4590,18,3,300,210
4590,67,2,318,222
4591,86,1,439,307
4591,49,2,137,95
4591,81,2,104,72
4591,37,2,139,97
4592,38,3,252,176
4592,59,3,172,120
4593,40,1,377,263
4593,41,2,360,251
4593,50,1,383,268
4594,38,2,320,224
4595,14,2,301,210
4596,13,3,143,100
4596,51,1,106,74
4597,19,3,106,74
4597,23,1,55,38
4597,8,1,51,35
4597,76,1,274,191
4598,29,3,238,166
4598,50,3,100,70
4598,13,1,363,254
4598,57,1,423,296
4599,61,3,184,128
4599,46,2,372,260
4599,35,2,95,66
4600,56,1,377,263
4601,44,3,283,198
4601,24,1,355,248
4602,65,2,317,221
4603,73,3,83,58
4603,48,1,116,81
4603,67,2,208,145
4603,33,1,225,157
4603,77,2,180,125
4604,6,2,444,310
4605,89,1,427,298
4605,80,1,314,219
4605,55,3,315,220
4605,5,1,213,149
4606,10,1,83,58
4607,47,1,279,195
4607,84,3,321,224
4607,18,2,167,116
4607,9,3,110,77
4608,24,2,109,76
4608,89,3,80,56
4608,42,2,113,79
4608,70,1,264,184
4609,45,3,422,295
4609,66,1,485,339
4610,8,3,212,148
4611,44,3,244,170
4611,13,2,215,150
4611,15,1,493,345
4611,57,2,82,57
4611,24,3,72,50
4612,97,2,196,137
4612,21,2,398,278
4612,76,2,79,55
4612,89,3,415,290
4612,24,2,59,41
4613,15,3,245,171
4613,79,2,70,49
4613,36,3,53,37
4614,12,1,70,49
4614,12,3,325,227
4614,16,3,211,147
4614,13,1,138,96
4614,45,3,249,174
4615,43,3,452,316
4615,36,2,279,195
4615,11,2,492,344
4615,38,2,185,129
4615,30,1,257,179
4616,30,3,336,235
4616,87,2,61,42
4616,56,2,348,243
4617,12,3,212,148
4617,77,2,73,51
4617,73,3,448,313
4617,4,1,123,86
4618,98,3,362,253
4618,90,1,107,74
4618,56,1,398,278
4618,31,3,206,144
4619,60,3,263,184
4619,65,3,88,61
4619,41,1,391,273
4620,1,2,110,77
4621,37,2,355,248
4621,97,3,298,208
4621,45,2,198,138
4621,29,3,493,345
4621,32,2,337,235
4622,14,1,454,317
4622,5,1,281,196
4622,85,3,424,296
4622,34,2,282,197
4623,43,3,446,312
4623,9,3,300,210
4623,52,3,268,187
4624,3,3,324,226
4624,14,3,60,42
4624,24,3,284,198
4624,74,3,118,82
4625,75,3,186,130
4625,2,3,475,332
4625,70,2,182,127
4625,5,3,295,206
4626,96,3,216,151
4626,29,1,393,275
4627,43,2,232,162
4627,65,3,255,178
4627,85,2,483,338
4627,14,1,405,283
4628,76,1,176,123
4628,12,2,398,278
4629,33,2,212,148
4630,33,3,478,334
4630,70,2,282,197
4631,71,1,197,137
4632,57,2,472,330
4632,90,2,389,272
4633,13,2,434,303
4634,96,2,98,68
4635,82,1,136,95
4635,98,3,124,86
4636,24,2,306,214
4637,27,1,116,81
4637,28,3,418,292
4637,94,3,418,292
4637,87,1,114,79
4637,18,1,255,178
4638,63,1,433,303
4638,72,1,138,96
4639,8,1,119,83
4639,48,2,358,250
4640,61,2,354,247
4640,25,3,190,133
4641,34,1,181,126
4641,42,1,126,88
4641,15,2,363,254
4642,86,2,210,147
4642,47,1,76,53
4642,22,3,236,165
4643,69,2,478,334
4643,5,1,273,191
4643,81,3,85,59
4643,51,1,263,184
4643,41,3,446,312
4644,14,1,117,81
4644,42,1,318,222
4644,51,2,126,88
4644,40,3,232,162
4645,29,2,101,70
4645,59,3,217,151
4645,37,3,422,295
4646,64,2,182,127
4646,68,3,244,170
4646,84,3,257,179
4646,53,3,216,151
4646,96,3,302,211
4647,71,1,352,246
4647,86,3,165,115
4647,99,2,366,256
4647,11,1,106,74
4647,59,3,437,305
4648,95,2,270,189
4649,84,1,467,326
4649,4,3,145,101
4649,9,3,493,345
4650,21,2,186,130
4650,57,2,419,293
4650,1,2,404,282
4651,13,2,140,98
4651,87,1,160,112
4652,13,2,131,91
4653,74,3,313,219
4654,86,1,68,47
4654,77,3,322,225
4655,89,3,449,314
4655,1,1,379,265
4656,4,2,105,73
4657,91,2,129,90
4657,9,2,113,79
4658,10,2,83,58
4658,86,1,251,175
4659,4,1,443,310
4660,22,1,123,86
4660,66,2,283,198
4660,53,2,486,340
4660,73,1,97,67
4661,66,2,154,107
4661,50,3,303,212
4662,51,3,338,236
4662,84,2,327,228
4663,71,2,92,64
4663,92,1,152,106
4663,29,3,59,41
4663,86,1,69,48
4663,4,2,128,89
4664,63,1,374,261
4664,23,3,220,154
4664,54,3,188,131
4664,30,1,170,118
4664,85,2,95,66
4665,56,2,416,291
4665,11,3,474,331
4665,36,3,181,126
4666,92,1,500,350
4666,13,2,475,332
4666,81,1,165,115
4667,23,2,498,348
4667,96,1,200,140
4667,4,3,215,150
4667,97,2,282,197
4668,41,3,467,326
4668,59,3,454,317
4668,70,3,99,69
4668,95,1,351,245
4668,46,1,231,161
4669,86,1,431,301
4670,91,2,382,267
4670,42,2,455,318
4670,86,1,358,250
4670,74,1,432,302
4670,89,3,246,172
4671,67,1,442,309
4671,63,2,212,148
4671,76,1,390,273
4672,57,1,494,345
4672,26,3,174,121
4672,66,3,465,325
4672,36,2,359,251
4673,88,3,481,336
4673,60,2,447,312
4673,60,3,436,305
4673,72,3,422,295
4673,4,2,366,256
4674,18,1,390,273
4674,89,2,117,81
4674,46,1,74,51
4674,96,2,73,51
4674,73,1,338,236
4675,1,1,231,161
4675,84,1,166,116
4676,65,2,471,329
4676,70,1,173,121
4677,36,2,387,270
4678,11,3,242,169
4678,19,2,215,150
4678,10,1,87,60
4679,83,3,106,74
4679,60,2,350,244
4679,7,2,240,168
4679,90,3,214,149
4680,1,1,440,308
4680,69,3,110,77
4680,24,3,203,142
4681,35,3,412,288
4681,85,2,267,186
4681,97,2,417,291
4681,28,3,203,142
4681,85,2,421,294
4682,28,3,471,329
4682,54,1,389,272
4682,26,1,104,72
4682,28,2,449,314
4683,48,2,382,267
4683,72,1,473,331
4683,64,3,207,144
4684,45,1,58,40
4685,52,1,117,81
4685,79,3,479,335
4686,72,3,168,117
4686,52,2,234,163
4686,6,1,241,168
4686,1,1,174,121
4687,34,3,449,314
4688,85,3,348,243
4688,80,3,421,294
4688,23,1,367,256
4688,42,2,346,242
4688,12,2,399,279
4689,83,1,63,44
4689,95,3,297,207
4689,28,2,187,130
4689,98,2,116,81
4689,44,1,380,266
4690,5,2,137,95
4690,96,2,289,202
4690,94,3,175,122
4690,49,3,386,270
4690,45,3,377,263
4691,52,2,391,273
4691,27,3,481,336
4692,42,3,67,46
4692,58,3,214,149
4692,87,3,196,137
4692,8,1,111,77
4693,53,1,222,155
4693,47,1,65,45
4693,75,3,205,143
4693,43,1,380,266
4694,83,1,454,317
4694,76,1,96,67
4695,44,2,463,324
4695,56,3,166,116
4695,89,2,71,49
4696,1,2,450,315
4696,47,2,86,60
4696,33,2,375,262
4696,19,2,53,37
4697,85,2,391,273
4698,30,1,250,175
4698,4,2,203,142
4698,8,1,147,102
4698,14,1,388,271
4699,23,1,110,77
4699,32,1,303,212
4699,58,2,206,144
4699,66,3,370,259
4700,47,2,352,246
4701,37,2,440,308
4701,30,2,475,332
4702,54,1,126,88
4702,53,3,61,42
4702,72,3,394,275
4702,83,2,451,315
4702,17,2,173,121
4703,59,2,449,314
4703,14,2,249,174
4703,4,3,360,251
4703,61,1,204,142
4703,7,1,349,244
4704,67,1,90,62
4704,98,1,412,288
4704,45,1,376,263
4704,52,1,458,320
4705,64,2,111,77
4705,81,1,349,244
4705,89,3,240,168
4706,12,2,449,314
4706,10,3,382,267
4707,100,2,375,262
4707,41,2,245,171
4707,33,2,96,67
4707,58,1,418,292
4708,52,3,372,260
4709,38,1,118,82
4709,81,3,163,114
4709,37,2,386,270
4709,92,3,442,309
4710,27,3,401,280
4710,100,2,187,130
4711,36,2,390,273
4712,64,2,224,156
4713,93,1,128,89
4713,71,2,481,336
4713,35,3,493,345
4713,68,2,211,147
4714,92,3,107,74
4714,58,1,165,115
4714,77,2,427,298
4715,55,2,119,83
4715,93,3,261,182
4715,69,1,210,147
4715,65,1,78,54
4715,10,2,401,280
4716,97,2,233,163
4716,65,1,209,146
4717,79,1,141,98
4717,8,3,249,174
4718,29,1,196,137
4719,6,1,433,303
4719,57,3,256,179
4719,77,2,253,177
4720,9,2,368,257
4720,18,1,267,186
4721,5,2,488,341
4722,36,2,249,174
4722,2,1,199,139
4723,54,3,471,329
4724,56,2,360,251
4724,92,1,116,81
4724,9,1,364,254
4725,54,3,274,191
4725,43,1,449,314
4725,15,2,294,205
4725,90,2,184,128
4725,2,1,59,41
4726,57,2,285,199
4726,51,1,342,239
4726,8,3,162,113
4726,6,3,495,346
4727,46,1,208,145
4727,87,1,343,240
4728,15,3,308,215
4728,19,1,243,170
4728,59,3,246,172
4729,73,3,391,273
4729,54,1,189,132
4729,37,1,405,283
4729,71,1,391,273
4730,90,1,217,151
4730,47,3,251,175
4730,5,2,497,347
4731,4,1,310,217
4731,73,3,93,65
4731,42,2,498,348
4731,9,3,332,232
4732,21,3,226,158
4732,45,3,286,200
4732,22,2,252,176
4732,8,3,414,289
4732,88,3,208,145
4733,97,2,135,94
4734,55,2,184,128
4734,76,1,269,188
4734,31,1,151,105
4735,25,3,69,48
4735,61,3,226,158
4735,36,2,421,294
4736,20,2,184,128
4736,93,2,157,109
4736,69,1,164,114
4736,45,3,217,151
4736,72,3,136,95
4737,69,3,215,150
4738,11,2,314,219
4738,51,1,497,347
4739,81,2,196,137
4739,34,1,463,324
4740,6,1,489,342
4740,39,1,276,193
4740,2,3,277,193
4740,6,1,493,345
4740,3,3,500,350
4741,63,1,481,336
4741,5,2,406,284
4742,78,2,165,115
4742,5,2,466,326
4742,1,3,335,234
4742,1,3,437,305
4742,54,1,499,349
4743,77,2,70,49
4743,53,2,138,96
4743,91,3,111,77
4743,56,3,413,289
4744,43,1,448,313
4744,31,1,123,86
4745,15,1,130,91
4745,36,1,414,289
4745,19,1,434,303
4745,3,3,193,135
4746,94,3,328,229
4746,73,3,437,305
4746,15,2,290,203
4747,96,2,410,287
4747,45,3,335,234
4747,85,2,368,257
4747,25,2,277,193
4747,57,3,379,265
4748,38,3,290,203
4748,54,3,104,72
4748,88,2,292,204
4748,83,3,55,38
4749,84,1,197,137
4749,2,1,468,327
4749,35,1,494,345
4749,7,3,480,336
4749,58,3,73,51
4750,71,2,462,323
4751,23,2,397,277
4751,52,3,292,204
4752,16,3,132,92
4752,14,1,286,200
4752,36,1,352,246
4752,19,2,182,127
4752,97,3,495,346
4753,53,3,388,271
4753,5,3,157,109
4753,56,1,248,173
4754,56,1,251,175
4754,21,1,365,255
4754,85,3,105,73
4754,28,3,213,149
4754,49,1,375,262
4755,70,3,464,324
4755,47,2,233,163
4755,91,3,202,141
4756,1,1,178,124
4756,13,1,333,233
4756,45,2,398,278
4757,55,1,226,158
4758,47,2,84,58
4758,91,2,482,337
4759,64,1,266,186
4760,11,2,62,43
4760,57,3,297,207
4761,10,1,91,63
4761,99,1,261,182
4761,71,3,200,140
4761,64,1,458,320
4761,95,1,349,244
4762,24,3,53,37
4762,23,2,323,226
4763,22,2,330,230
4763,26,3,199,139
4763,93,3,475,332
4764,80,1,103,72
4764,83,1,209,146
4764,56,2,233,163
4764,44,3,59,41
4765,93,1,245,171
4766,40,3,374,261
4766,73,2,230,161
4766,61,2,206,144
4766,39,1,313,219
4766,66,3,171,119
4767,94,3,96,67
4767,69,3,321,224
4768,43,3,125,87
4768,40,2,57,39
4769,55,3,428,299
4769,3,3,164,114
4769,47,3,352,246
4770,90,2,371,259
4770,58,1,84,58
4770,91,2,284,198
4770,46,2,453,317
4770,8,1,317,221
4771,89,3,350,244
4771,9,2,204,142
4771,19,1,337,235
4771,78,2,317,221
4772,51,3,371,259
4772,63,3,349,244
4772,52,3,452,316
4772,84,1,425,297
4772,19,2,373,261
4773,67,3,472,330
4773,70,3,53,37
4774,6,1,299,209
4774,41,3,279,195
4774,77,1,89,62
4775,82,3,325,227
4775,11,2,156,109
4775,92,1,182,127
4776,54,2,382,267
4776,1,3,287,200
4776,93,2,123,86
4777,21,2,242,169
4777,90,2,109,76
4777,82,1,428,299
4778,70,3,443,310
4778,58,1,280,196
4779,83,3,160,112
4779,62,2,369,258
4779,6,3,187,130
4780,73,1,417,291
4780,64,3,144,100
4780,82,2,220,154
4780,97,3,306,214
4781,94,2,135,94
4781,7,1,111,77
4782,1,2,197,137
4783,30,1,192,134
4783,90,1,349,244
4783,87,1,235,164
4784,10,1,490,343
4784,92,2,76,53
4784,65,2,410,287
4784,1,3,427,298
4784,66,2,218,152
4785,58,1,152,106
4785,51,2,227,158
4785,34,1,458,320
4786,5,1,301,210
4786,38,1,385,269
4786,44,2,242,169
4786,97,1,177,123
4787,97,3,208,145
4787,13,1,115,80
4787,95,3,87,60
4787,42,2,167,116
4788,10,2,420,294
4788,66,2,97,67
4789,74,3,252,176
4790,70,3,90,62
4790,10,1,70,49
4790,57,3,439,307
4791,40,2,331,231
4791,79,2,272,190
4791,28,3,228,159
4792,68,2,148,103
4793,10,2,483,338
4793,89,3,335,234
4793,83,3,98,68
4793,30,2,499,349
4794,57,1,209,146
4794,16,2,330,230
4795,56,1,314,219
4795,55,1,360,251
4795,81,1,367,256
4795,30,1,328,229
4795,28,2,227,158
4796,69,2,490,343
4796,55,1,469,328
4797,59,2,115,80
4797,83,2,384,268
4797,61,3,427,298
4797,87,2,181,126
4797,51,2,478,334
4798,23,3,111,77
4799,47,2,133,93
4799,57,3,448,313
4799,34,3,86,60
4800,60,1,438,306
4800,67,1,466,326
4801,78,2,378,264
4801,71,2,364,254
4801,86,2,55,38
4801,53,1,90,62
4801,55,3,338,236
4802,24,2,342,239
4802,7,1,389,272
4803,68,3,83,58
4804,98,3,487,340
4804,97,3,330,230
4805,37,3,301,210
4805,7,1,201,140
4805,34,1,355,248
4805,34,3,328,229
4805,13,3,406,284
4806,25,2,259,181
4807,41,3,248,173
4807,24,2,263,184
4807,40,1,455,318
4808,73,3,315,220
4809,20,3,455,318
4809,17,3,335,234
4810,72,1,200,140
4810,23,1,439,307
4811,7,1,90,62
4811,52,3,301,210
4812,1,2,491,343
4812,70,1,133,93
4812,73,1,173,121
4812,42,3,422,295
4813,1,2,80,56
4813,55,2,291,203
4813,30,1,358,250
4814,13,2,96,67
4814,82,2,97,67
4814,22,1,267,186
4814,3,1,316,221
4814,75,2,492,344
4815,79,2,426,298
4815,9,3,345,241
4816,9,1,340,237
4817,83,1,112,78
4818,86,2,197,137
4818,43,2,391,273
4818,16,1,423,296
4819,96,2,491,343
4819,68,1,460,322
4819,55,2,440,308
4819,96,2,103,72
4819,77,2,399,279
4820,43,2,316,221
4821,26,2,168,117
4821,95,1,327,228
4821,68,3,500,350
4821,53,2,467,326
4822,16,3,480,336
4823,27,3,106,74
4823,98,2,219,153
4823,87,1,169,118
4823,46,3,497,347
4824,26,2,384,268
4824,2,3,255,178
4824,19,2,174,121
4824,21,3,233,163
4825,54,2,316,221
4825,16,1,197,137
4826,62,2,393,275
4826,21,2,257,179
4826,51,1,222,155
4826,2,2,443,310
4827,47,1,413,289
4827,49,2,110,77
4827,77,2,347,242
4827,82,1,160,112
4827,23,3,405,283
4828,22,3,278,194
4828,61,1,491,343
4828,69,1,85,59
4828,65,3,68,47
4828,93,3,380,266
4829,42,3,110,77
4830,98,1,170,118
4830,47,3,98,68
4831,50,3,423,296
4831,39,1,117,81
4831,75,1,347,242
4831,87,1,304,212
4832,10,2,285,199
4833,25,1,401,280
4833,27,3,225,157
4834,18,3,352,246
4835,45,2,346,242
4835,61,2,161,112
4836,77,3,317,221
4836,53,2,55,38
4836,61,2,327,228
4837,35,1,397,277
4837,74,2,270,189
4838,73,1,443,310
4839,75,1,233,163
4839,34,1,345,241
4839,76,1,165,115
4839,76,1,255,178
4839,78,2,122,85
4840,42,1,91,63
4840,42,1,362,253
4840,65,1,107,74
4841,82,1,140,98
4842,1,2,333,233
4843,94,2,97,67
4844,42,2,133,93
4844,51,2,465,325
4844,95,2,307,214
4844,7,1,344,240
4844,25,3,246,172
4845,39,2,138,96
4845,89,2,451,315
4845,9,1,117,81
4845,56,3,223,156
4846,52,1,227,158
4846,8,1,391,273
4846,33,1,399,279
4846,99,1,481,336
4846,53,1,70,49
4847,32,1,456,319
4847,24,2,457,319
4847,66,1,457,319
4848,7,3,73,51
4849,48,2,310,217
4849,58,2,216,151
4849,80,3,398,278
4849,51,3,278,194
4849,29,2,317,221
4850,1,2,94,65
4850,7,2,199,139
4850,31,3,126,88
4851,71,2,244,170
4851,91,3,169,118
4851,34,2,347,242
4851,48,1,120,84
4852,100,3,277,193
4853,26,2,351,245
4853,95,2,418,292
4853,41,3,410,287
4854,22,1,403,282
4855,65,1,186,130
4855,88,2,421,294
4855,47,2,207,144
4856,43,1,308,215
4856,63,3,86,60
4856,86,2,428,299
4857,81,2,391,273
4857,70,2,399,279
4857,36,2,473,331
4858,25,2,274,191
4858,6,3,432,302
4859,31,1,325,227
4859,48,2,224,156
4859,3,3,156,109
4859,53,3,64,44
4860,60,2,331,231
4860,43,2,259,181
4860,85,3,208,145
4861,39,1,53,37
4861,38,1,90,62
4862,52,3,202,141
4862,57,1,473,331
4862,36,1,288,201
4863,85,1,306,214
4863,50,2,164,114
4864,9,1,106,74
4864,56,3,363,254
4865,45,2,451,315
4866,3,3,438,306
4866,31,3,489,342
4866,85,1,81,56
4866,85,1,348,243
4866,8,3,175,122
4867,4,3,436,305
4867,59,3,233,163
4867,86,2,53,37
4867,44,3,97,67
4868,25,1,110,77
4868,12,1,278,194
4868,63,3,451,315
4868,27,2,267,186
4869,64,3,121,84
4869,53,2,469,328
4869,53,3,83,58
4869,6,3,485,339
4870,82,2,169,118
4871,52,2,196,137
4871,90,3,197,137
4871,93,1,181,126
4871,14,1,348,243
4871,30,3,309,216
4872,90,2,151,105
4873,62,2,445,311
4873,85,2,212,148
4873,41,1,417,291
4873,12,1,308,215
4873,56,3,331,231
4874,11,2,422,295
4875,39,3,270,189
4875,97,3,304,212
4875,7,1,429,300
4875,29,1,372,260
4875,4,1,475,332
4876,23,3,113,79
4876,40,2,413,289
4877,17,2,485,339
4877,51,3,439,307
4877,19,1,465,325
4877,81,1,216,151
4877,99,3,183,128
4878,21,1,234,163
4878,69,3,411,287
4878,15,1,60,42
4878,58,1,234,163
4878,88,3,192,134
4879,13,1,147,102
4879,8,3,284,198
4879,28,1,93,65
4879,81,2,96,67
4880,65,2,279,195
4880,55,1,461,322
4881,62,3,435,304
4881,6,1,475,332
4881,25,3,303,212
4881,94,2,329,230
4882,60,2,409,286
4882,33,2,436,305
4882,19,1,178,124
4882,16,3,288,201
4883,33,1,362,253
4883,85,2,174,121
4884,49,1,142,99
4884,15,2,276,193
4884,99,3,375,262
4885,39,3,215,150
4886,95,2,493,345
4886,92,2,269,188
4887,34,2,333,233
4887,13,2,112,78
4887,43,1,391,273
4888,8,3,369,258
4888,79,3,229,160
4888,36,1,332,232
4888,11,3,166,116
4888,41,3,485,339
4889,78,1,468,327
4890,48,1,218,152
4891,73,2,196,137
4891,50,1,191,133
4892,88,1,297,207
4893,12,1,489,342
4893,53,2,422,295
4894,37,2,349,244
4894,78,3,241,168
4894,81,3,451,315
4894,2,1,355,248
4895,32,1,406,284
4896,80,1,329,230
4896,49,3,440,308
4897,28,3,400,280
4897,43,2,62,43
4898,86,2,345,241
4898,73,2,139,97
4898,47,2,147,102
4898,50,3,368,257
4899,46,2,302,211
4899,74,3,407,284
4899,45,3,440,308
4900,45,3,339,237
4900,10,1,272,190
4900,7,3,82,57
4901,76,1,169,118
4902,49,3,233,163
4903,92,2,163,114
4903,54,2,125,87
4903,82,2,242,169
4904,91,2,200,140
4904,78,3,82,57
4905,51,3,56,39
4905,49,2,123,86
4905,67,2,257,179
4905,65,1,79,55
4905,47,2,364,254
4906,10,1,203,142
4906,2,1,91,63
4906,34,2,184,128
4906,88,2,484,338
4906,76,2,434,303
4907,91,1,267,186
4908,91,3,234,163
4908,90,2,86,60
4908,59,2,388,271
4908,72,2,363,254
4908,28,2,465,325
4909,40,1,386,270
4909,90,2,233,163
4909,53,2,224,156
4909,18,3,454,317
4910,56,2,491,343
4910,67,2,472,330
4910,89,1,480,336
4910,11,2,357,249
4911,2,3,202,141
4911,1,3,470,329
4911,48,3,156,109
4911,59,2,164,114
4912,71,3,56,39
4912,30,3,223,156
4912,34,3,185,129
4912,84,3,120,84
4912,36,2,435,304
4913,22,2,340,237
4914,35,3,64,44
4915,65,3,112,78
4915,81,1,446,312
4915,49,2,312,218
4915,89,3,261,182
4915,99,3,110,77
4916,96,2,380,266
4916,5,3,316,221
4916,66,1,99,69
4916,95,2,235,164
4917,90,3,82,57
4917,46,1,301,210
4917,39,1,197,137
4918,12,1,65,45
4918,92,1,96,67
4919,30,2,300,210
4919,4,1,58,40
4920,11,1,184,128
4920,11,2,319,223
4920,41,1,296,207
4921,51,2,418,292
4921,14,2,439,307
4921,76,1,258,180
4922,69,1,389,272
4923,37,2,109,76
4924,4,1,317,221
4924,2,1,125,87
4924,78,3,305,213
4924,12,3,296,207
4925,12,3,140,98
4925,77,2,135,94
4926,77,3,223,156
4927,73,3,390,273
4927,17,1,90,62
4927,38,3,435,304
4928,73,1,192,134
4929,15,1,195,136
4929,61,1,160,112
4929,7,3,338,236
4929,66,3,335,234
4930,17,2,112,78
4930,37,2,114,79
4931,72,3,204,142
4931,66,2,156,109
4932,77,1,483,338
4933,11,1,105,73
4933,73,2,290,203
4933,49,2,205,143
4933,10,1,402,281
4933,27,2,385,269
4934,71,2,353,247
4934,53,2,466,326
4935,52,2,197,137
4936,53,3,399,279
4936,32,3,98,68
4937,12,2,356,249
4937,54,2,372,260
4937,99,1,369,258
4937,47,1,61,42
4937,73,3,441,308
4938,37,1,381,266
4938,73,1,251,175
4939,73,2,95,66
4939,33,1,327,228
4940,88,3,271,189
4940,26,1,446,312
4940,63,3,157,109
4940,49,2,351,245
4941,84,3,106,74
4941,91,3,95,66
4941,55,3,202,141
4942,27,3,473,331
4942,38,3,80,56
4942,38,3,439,307
4942,83,3,498,348
4943,56,1,282,197
4944,26,3,469,328
4945,42,3,294,205
4945,66,1,120,84
4945,81,3,318,222
4945,19,2,448,313
4946,97,1,201,140
4946,17,1,480,336
4946,42,3,222,155
4946,16,3,279,195
4946,4,2,371,259
4947,37,1,273,191
4947,66,2,112,78
4947,27,1,177,123
4947,55,3,394,275
4948,80,2,480,336
4949,51,3,322,225
4949,51,3,351,245
4949,11,3,489,342
4949,93,3,116,81
4949,63,2,146,102
4950,26,3,146,102
4950,65,2,86,60
4951,95,3,148,103
4951,18,2,87,60
4952,44,3,225,157
4952,16,3,488,341
4952,56,1,305,213
4953,56,1,111,77
4954,35,2,87,60
4954,75,3,429,300
4955,19,2,177,123
4955,98,1,491,343
4955,40,1,212,148
4955,44,2,409,286
4956,98,3,298,208
4956,30,2,372,260
4956,63,3,304,212
4957,64,1,68,47
4957,39,2,128,89
4957,19,1,137,95
4958,39,2,149,104
4958,20,1,484,338
4959,35,2,341,238
4959,35,1,327,228
4959,7,1,108,75
4960,89,1,295,206
4960,65,2,359,251
4961,64,3,470,329
4962,41,2,390,273
4963,46,1,114,79
4963,33,1,144,100
4964,88,3,274,191
4965,79,3,226,158
4966,100,3,448,313
4966,6,3,236,165
4966,91,1,212,148
4966,92,1,379,265
4967,56,3,237,165
4967,56,1,99,69
4967,57,3,110,77
4968,19,2,296,207
4968,98,3,407,284
4968,55,1,281,196
4969,25,3,66,46
4970,56,3,299,209
4970,7,3,458,320
4970,92,3,252,176
4970,64,1,190,133
4970,97,3,418,292
4971,41,1,344,240
4971,58,1,446,312
4971,54,1,82,57
4971,28,2,152,106
4972,51,2,493,345
4972,84,3,315,220
4972,29,2,394,275
4972,43,1,147,102
4973,63,2,490,343
4973,61,3,352,246
4973,42,1,499,349
4973,51,3,390,273
4974,25,2,194,135
4975,20,2,350,244
4975,2,3,294,205
4976,47,2,402,281
4976,24,3,169,118
4976,30,2,114,79
4976,4,2,139,97
4977,37,3,338,236
4977,59,1,466,326
4977,46,2,468,327
4977,9,3,60,42
4978,88,1,189,132
4978,81,2,305,213
4978,78,1,309,216
4978,15,3,377,263
4979,20,3,201,140
4979,57,2,232,162
4980,61,3,87,60
4981,5,1,407,284
4981,10,1,189,132
4981,51,2,448,313
4981,51,3,75,52
4981,94,1,212,148
4982,43,1,260,182
4982,31,1,165,115
4983,75,1,496,347
4983,91,2,488,341
4983,6,2,468,327
4983,38,3,283,198
4984,16,2,291,203
4984,32,3,299,209
4984,76,3,170,118
4984,23,2,428,299
4984,35,2,471,329
4985,89,3,69,48
4986,83,3,395,276
4986,65,2,268,187
4986,38,3,427,298
4986,92,3,105,73
4986,10,1,169,118
4987,16,1,221,154
4987,93,3,182,127
4987,4,3,260,182
4988,88,2,70,49
4989,97,3,73,51
4990,40,1,135,94
4990,8,2,387,270
4990,98,2,84,58
4991,85,1,64,44
4991,47,3,208,145
4991,74,3,169,118
4991,47,3,352,246
4991,3,3,185,129
4992,22,2,178,124
4992,2,2,244,170
4993,96,1,91,63
4994,48,1,351,245
4994,82,2,295,206
4994,13,1,262,183
4994,72,1,274,191
4995,58,3,244,170
4995,92,3,328,229
4995,68,2,212,148
4995,7,3,255,178
4995,6,2,205,143
4996,33,2,69,48
4996,27,1,138,96
4996,84,3,453,317
4997,63,2,435,304
4998,5,1,416,291
4998,78,1,208,145
4998,37,3,412,288
4999,50,1,177,123
4999,40,3,85,59
4999,87,1,68,47
5000,28,2,345,241
5000,63,2,213,149
5000,39,1,103,72
5000,100,1,148,103
5000,10,3,246,172
5001,5,2,211,147
5001,88,2,196,137
5001,28,1,150,105
5001,57,2,417,291
5001,85,1,336,235
5002,56,1,242,169
5003,40,1,412,288
5003,97,1,189,132
5003,38,1,248,173
5003,86,3,469,328
5004,8,2,311,217
5004,1,2,270,189
5004,9,3,484,338
5004,85,1,72,50
5005,86,3,111,77
5005,14,2,439,307
5005,46,2,283,198
5005,84,2,163,114
5006,14,2,92,64
5006,11,2,261,182
5007,59,2,96,67
5007,67,3,386,270
5007,21,2,51,35
5007,53,1,395,276
5007,81,1,165,115
5008,7,1,436,305
5008,84,2,165,115
5008,21,3,242,169
5008,44,2,258,180
5009,82,2,159,111
5009,42,2,176,123
5009,80,1,171,119
5010,15,3,352,246
5010,4,1,248,173
5010,68,2,309,216
5010,26,3,391,273
5010,78,3,247,172
5011,93,3,321,224
5011,20,1,118,82
5011,7,2,409,286
5012,20,1,258,180
5012,18,2,233,163
5012,97,2,102,71
5012,36,3,97,67
5012,1,3,325,227
5013,10,3,389,272
5013,4,2,499,349
5013,53,3,91,63
5013,29,3,293,205
5013,50,1,407,284
5014,51,2,124,86
5014,77,1,170,118
5015,73,1,366,256
5016,21,3,409,286
5016,89,1,124,86
5017,15,3,119,83
5017,15,2,202,141
5017,38,3,376,263
5017,70,1,343,240
5018,80,3,208,145
5018,31,1,149,104
5019,14,2,410,287
5019,97,3,496,347
5019,27,1,365,255
5019,89,3,259,181
5019,99,3,367,256
5020,41,1,499,349
5020,57,2,271,189
5021,94,1,305,213
5021,54,3,77,53
5021,95,1,353,247
5021,78,1,138,96
5021,34,1,91,63
5022,84,1,84,58
5022,98,1,278,194
5022,98,1,214,149
5023,13,2,390,273
5023,76,3,244,170
5024,42,3,129,90
5025,46,2,390,273
5025,55,3,473,331
5025,89,1,397,277
5026,34,1,488,341
5026,59,1,363,254
5026,90,1,59,41
5026,49,3,207,144
5026,45,3,225,157
5027,98,2,236,165
5027,32,3,64,44
5028,61,3,261,182
5028,95,2,251,175
5029,7,3,183,128
5029,33,2,456,319
5029,97,1,270,189
5029,43,3,76,53
5029,75,2,433,303
5030,78,3,202,141
5030,45,3,464,324
5031,58,3,248,173
5031,77,3,344,240
5031,7,1,236,165
5031,36,1,370,259
5032,66,3,313,219
5032,91,1,485,339
5032,46,3,389,272
5032,18,1,435,304
5032,14,1,102,71
5033,44,2,100,70
5033,9,1,75,52
5033,33,1,456,319
5033,18,2,389,272
5033,73,3,129,90
5034,16,1,352,246
5034,61,3,269,188
5034,29,1,276,193
5034,9,1,414,289
5034,58,3,496,347
5035,47,2,296,207
5035,68,1,71,49
5035,74,3,255,178
5036,83,1,386,270
5036,6,2,178,124
5036,94,1,467,326
5036,81,3,234,163
5036,73,1,469,328
5037,20,1,181,126
5037,30,1,348,243
5037,60,2,198,138
5037,16,3,52,36
5037,81,3,139,97
5038,98,1,205,143
5038,53,2,161,112
5038,54,2,115,80
5038,47,1,139,97
5038,79,1,58,40
5039,47,1,402,281
5039,78,3,447,312
5039,48,1,182,127
5039,68,1,428,299
5039,44,1,433,303
5040,61,1,331,231
5040,93,1,329,230
5040,14,1,141,98
5040,14,3,148,103
5040,46,3,409,286
5041,78,3,94,65
5041,31,2,234,163
5042,3,2,196,137
5042,5,3,474,331
5042,36,1,236,165
5042,35,3,209,146
5042,87,3,388,271
5043,87,3,231,161
5043,91,2,472,330
5043,66,2,309,216
5043,75,3,101,70
5043,46,1,89,62
5044,81,3,191,133
5044,61,1,486,340
5044,26,2,212,148
5044,86,3,412,288
5045,3,2,287,200
5045,25,1,281,196
5045,15,1,373,261
5045,43,1,145,101
5046,57,2,301,210
5046,67,2,375,262
5046,60,1,366,256
5046,82,1,286,200
5046,21,3,113,79
5047,2,2,224,156
5047,76,1,443,310
5047,27,1,446,312
5047,58,2,354,247
5048,58,3,217,151
5048,18,3,203,142
5048,25,3,291,203
5049,38,3,242,169
5049,19,3,470,329
5049,71,2,494,345
5049,8,1,175,122
5049,50,1,420,294
5050,85,2,149,104
5051,95,3,463,324
5052,18,3,155,108
5052,76,2,127,88
5052,72,2,349,244
5053,56,1,86,60
5053,46,2,377,263
5053,88,3,219,153
5053,32,2,496,347
5054,32,3,107,74
5054,60,1,96,67
5054,59,3,103,72
5055,88,1,498,348
5056,91,3,211,147
5056,14,1,217,151
5056,3,3,278,194
5056,5,1,188,131
5056,93,1,201,140
5057,75,3,204,142
5057,64,3,230,161
5057,16,1,378,264
5058,65,2,309,216
5058,95,1,310,217
5058,40,2,137,95
5058,60,1,98,68
5059,7,2,358,250
5060,43,2,457,319
5061,62,1,289,202
5061,81,1,389,272
5061,67,3,178,124
5061,61,2,292,204
5062,51,2,232,162
5062,62,3,344,240
5062,25,2,360,251
5062,16,2,280,196
5063,69,1,147,102
5063,36,1,481,336
5063,24,2,85,59
5063,48,3,207,144
5063,3,2,299,209
5064,100,2,330,230
5064,70,2,483,338
5064,72,3,454,317
5065,44,3,311,217
5065,45,1,378,264
5065,13,2,96,67
5066,8,2,395,276
5066,32,3,290,203
5067,32,1,486,340
5067,58,3,124,86
5067,47,2,489,342
5068,80,3,483,338
5069,7,3,280,196
5070,71,3,79,55
5070,28,3,235,164
5071,92,1,352,246
5071,7,3,250,175
5072,58,3,104,72
5072,63,2,341,238
5072,31,2,445,311
5072,79,1,142,99
5072,82,2,116,81
5073,85,2,209,146
5073,81,2,71,49
5073,96,1,325,227
5073,40,3,259,181
5073,54,2,376,263
5074,95,3,163,114
5074,17,3,108,75
5075,8,3,372,260
5075,58,3,106,74
5075,59,1,139,97
5075,40,1,257,179
5075,55,2,222,155
5076,11,3,197,137
5076,31,2,439,307
5076,35,3,374,261
5076,97,2,78,54
5076,100,2,232,162
5077,25,2,456,319
5077,83,2,225,157
5077,38,3,442,309
5077,31,1,103,72
5077,76,3,416,291
5078,31,2,249,174
5078,29,2,132,92
5078,2,3,424,296
5078,60,1,429,300
5078,13,2,248,173
5079,96,1,446,312
5079,43,3,320,224
5079,84,3,358,250
5079,72,1,453,317
5080,61,2,54,37
5080,77,1,447,312
5080,66,2,327,228
5081,29,1,190,133
5081,75,1,316,221
5082,54,1,318,222
5082,17,1,398,278
5082,52,1,125,87
5082,39,3,179,125
5083,9,2,154,107
5083,36,1,176,123
5083,16,3,498,348
5084,44,3,192,134
5084,5,1,242,169
5085,44,3,182,127
5086,53,1,78,54
5086,97,3,444,310
5086,13,2,105,73
5087,50,3,296,207
5088,58,1,260,182
5088,66,3,125,87
5089,25,2,238,166
5089,76,3,431,301
5089,6,3,496,347
5089,26,2,244,170
5090,3,2,129,90
5091,4,3,443,310
5091,59,3,229,160
5091,21,1,332,232
5091,74,1,152,106
5091,92,1,345,241
5092,14,3,246,172
5092,93,3,171,119
5092,42,3,119,83
5093,24,1,169,118
5093,62,2,178,124
5093,77,1,169,118
5093,3,2,97,67
5094,38,3,199,139
5095,96,2,413,289
5095,74,1,340,237
5095,53,1,88,61
5096,23,3,121,84
5096,12,2,160,112
5096,68,1,52,36
5097,29,3,297,207
5097,21,1,154,107
5098,89,1,97,67
5098,56,2,198,138
5098,85,1,313,219
5099,2,3,351,245
5100,57,2,163,114
5100,91,2,489,342
5100,60,1,346,242
5101,25,1,129,90
5102,15,1,363,254
5102,87,1,189,132
5102,56,1,365,255
5102,42,2,329,230
5103,73,1,217,151
5104,76,1,131,91
5104,72,2,99,69
5104,5,3,384,268
5104,45,3,123,86
5104,85,2,66,46
5105,18,1,444,310
5105,43,3,435,304
5105,23,3,438,306
5105,49,2,354,247
5106,34,3,432,302
5106,45,2,326,228
5106,68,3,180,125
5106,19,2,121,84
5106,41,2,107,74
5107,18,2,235,164
5107,9,3,399,279
5107,92,3,456,319
5107,100,2,127,88
5108,48,2,490,343
5109,5,3,280,196
5109,27,3,443,310
5109,6,1,398,278
5110,85,3,133,93
5110,60,2,134,93
5110,30,1,204,142
5111,79,2,476,333
5111,31,3,378,264
5111,96,1,316,221
5111,2,3,461,322
5111,35,2,445,311
5112,97,1,423,296
5112,63,2,270,189
5112,66,1,297,207
5112,83,2,346,242
5112,66,2,390,273
5113,43,1,395,276
5113,99,3,135,94
5114,15,2,169,118
5114,6,1,466,326
5114,89,3,140,98
5114,15,1,269,188
5114,70,3,328,229
5115,28,1,200,140
5115,30,2,280,196
5115,100,2,168,117
5116,58,1,476,333
5116,76,1,400,280
5116,58,3,271,189
5116,63,3,151,105
5116,11,3,409,286
5117,10,2,499,349
5117,14,1,327,228
5118,17,2,350,244
5118,34,1,280,196
5118,73,3,377,263
5119,96,1,124,86
5119,84,2,329,230
5119,44,3,405,283
5120,3,1,491,343
5120,72,2,439,307
5120,83,1,440,308
5120,96,3,327,228
5121,97,2,294,205
5121,2,2,483,338
5121,18,2,382,267
5121,36,2,194,135
5121,12,3,478,334
5122,11,3,121,84
5123,96,1,399,279
5124,62,2,317,221
5124,22,3,355,248
5124,35,2,482,337
5124,52,2,148,103
5125,33,2,52,36
5125,37,3,276,193
5125,72,3,202,141
5125,34,3,303,212
5126,34,3,378,264
5126,1,3,211,147
5126,92,3,93,65
5126,16,2,227,158
5126,9,2,265,185
5127,57,1,486,340
5127,82,1,90,62
5127,56,3,347,242
5128,49,1,368,257
5128,37,2,328,229
5128,17,3,131,91
5128,81,2,221,154
5128,7,3,250,175
5129,21,2,112,78
5129,72,1,134,93
5129,12,1,353,247
5130,100,3,375,262
5130,94,2,324,226
5131,35,2,213,149
5131,99,3,218,152
5131,54,3,371,259
5131,93,3,101,70
5131,55,2,475,332
5132,100,3,471,329
5132,82,3,234,163
5132,42,1,179,125
5132,77,2,64,44
5132,61,2,313,219
5133,81,3,79,55
5133,78,2,274,191
5133,33,3,82,57
5134,50,3,381,266
5134,58,2,437,305
5134,59,2,256,179
5134,65,3,305,213
5135,93,1,200,140
5136,2,2,86,60
5137,92,2,444,310
5137,60,2,259,181
5137,48,2,72,50
5138,82,2,326,228
5138,83,1,234,163
5138,94,2,66,46
5139,28,1,310,217
5139,51,3,173,121
5139,60,3,389,272
5140,33,3,313,219
5140,65,3,284,198
5140,1,3,132,92
5141,15,3,332,232
5141,42,3,163,114
5141,11,3,102,71
5141,97,3,328,229
5142,26,1,466,326
5142,23,2,243,170
5142,18,1,464,324
5142,89,3,137,95
5142,77,1,169,118
5143,26,1,384,268
5143,19,2,266,186
5143,69,3,199,139
5143,42,2,245,171
5143,33,1,447,312
5144,46,3,230,161
5144,32,1,293,205
5144,9,3,456,319
5145,7,1,200,140
5145,36,3,423,296
5146,63,3,152,106
5146,53,2,284,198
5146,54,2,346,242
5147,96,3,490,343
5147,22,3,278,194
5148,35,1,424,296
5148,48,1,55,38
5148,100,1,380,266
5148,58,1,499,349
5149,92,2,366,256
5149,57,1,262,183
5149,87,1,228,159
5150,44,3,489,342
5150,14,3,451,315
5150,13,3,135,94
5150,6,2,276,193
5150,76,1,165,115
5151,70,2,259,181
5151,79,1,125,87
5152,13,2,454,317
5152,22,1,234,163
5152,1,2,274,191
5153,59,3,297,207
5153,58,3,471,329
5154,2,2,407,284
5154,40,2,464,324
5154,66,1,332,232
5154,13,3,443,310
5154,66,2,115,80
5155,1,2,220,154
5155,36,3,288,201
5155,44,3,296,207
5156,32,3,93,65
5156,76,3,419,293
5156,62,3,298,208
5156,49,2,194,135
5156,47,2,498,348
5157,42,2,424,296
5158,29,3,463,324
5158,58,2,224,156
5159,48,1,190,133
5159,94,3,228,159
5160,76,1,490,343
5160,69,3,322,225
5160,67,2,456,319
5161,50,3,158,110
5161,57,1,148,103
5161,37,2,434,303
5161,23,2,93,65
5161,12,3,324,226
5162,10,3,139,97
5162,48,2,487,340
5162,51,2,305,213
5163,40,1,375,262
5163,54,3,472,330
5163,81,2,436,305
5164,44,3,443,310
5165,94,2,446,312
5165,6,2,499,349
5165,19,3,130,91
5165,21,3,104,72
5166,1,1,82,57
5166,34,3,498,348
5166,34,1,207,144
5166,48,2,313,219
5166,43,2,106,74
5167,85,3,476,333
5167,25,2,446,312
5168,61,1,147,102
5168,98,3,426,298
5168,28,3,124,86
5168,70,3,373,261
5168,94,3,216,151
5169,31,1,316,221
5170,40,1,131,91
5170,81,1,461,322
5170,98,2,470,329
5171,81,2,435,304
5171,43,2,315,220
5172,24,1,140,98
5172,29,2,131,91
5172,29,1,72,50
5172,96,1,96,67
5173,82,2,268,187
5173,3,1,238,166
5174,52,2,451,315
5174,63,2,482,337
5175,97,3,361,252
5175,42,2,150,105
5175,17,3,377,263
5175,37,2,450,315
5175,15,1,85,59
5176,17,2,273,191
5177,66,3,470,329
5177,48,3,413,289
5177,34,1,354,247
5178,96,2,201,140
5178,10,2,408,285
5179,42,1,90,62
5179,13,2,100,70
5179,37,3,255,178
5179,79,1,301,210
5180,39,3,395,276
5180,20,3,485,339
5180,75,3,259,181
5181,11,1,482,337
5181,12,3,232,162
5181,18,2,56,39
5182,72,2,380,266
5182,55,3,136,95
5182,50,1,337,235
5182,82,2,231,161
5182,67,1,104,72
5183,34,1,366,256
5183,92,3,337,235
5183,88,1,223,156
5183,1,2,159,111
5184,25,3,411,287
5184,89,1,334,233
5185,3,2,259,181
5185,17,3,471,329
5185,46,2,310,217
5185,18,2,401,280
5185,87,3,110,77
5186,60,3,422,295
5186,94,2,330,230
5186,50,3,102,71
5186,33,2,179,125
5186,19,2,430,301
5187,49,3,164,114
5187,31,3,451,315
5188,31,2,394,275
5189,15,2,331,231
5189,86,3,391,273
5189,78,3,197,137
5189,55,3,137,95
5189,31,1,301,210
5190,83,3,56,39
5190,80,2,465,325
5191,45,2,58,40
5191,44,2,449,314
5191,88,1,440,308
5191,57,1,286,200
5192,68,1,446,312
5192,95,2,470,329
5192,75,2,313,219
5192,57,3,341,238
5193,73,1,159,111
5193,66,1,136,95
5193,82,1,293,205
5193,37,3,132,92
5194,80,3,419,293
5194,97,2,330,230
5195,5,1,465,325
5195,96,3,72,50
5195,23,3,115,80
5195,35,2,464,324
5195,91,2,83,58
5196,68,3,458,320
5196,32,1,306,214
5196,96,1,148,103
5197,22,3,305,213
5197,5,3,208,145
5197,57,2,85,59
5198,5,1,420,294
5198,38,1,499,349
5199,58,2,483,338
5199,14,2,59,41
5199,37,3,498,348
5199,75,2,140,98
5200,68,2,307,214
5201,3,2,74,51
5201,75,1,241,168
5201,46,2,298,208
5201,55,3,490,343
5202,96,2,269,188
5202,43,1,54,37
5202,7,2,210,147
5202,24,3,85,59
5203,74,1,489,342
5203,32,3,478,334
5204,40,1,137,95
5204,49,1,238,166
5204,68,3,250,175
5205,86,3,451,315
5205,5,3,64,44
5206,81,3,324,226
5207,5,1,122,85
5207,18,1,269,188
5207,77,1,224,156
5207,7,1,418,292
5208,97,1,370,259
5208,23,1,335,234
5209,33,2,403,282
5209,57,2,329,230
5209,27,2,253,177
5210,24,1,168,117
5210,100,2,275,192
5211,81,2,339,237
5212,36,1,245,171
5212,26,1,94,65
5212,26,2,194,135
5213,4,2,262,183
5213,30,1,362,253
5214,1,1,353,247
5214,53,3,90,62
5215,51,3,109,76
5215,5,2,142,99
5216,36,2,177,123
5217,29,2,176,123
5218,90,3,335,234
5218,24,3,347,242
5218,39,1,284,198
5218,96,2,91,63
5218,11,3,118,82
5219,66,2,253,177
5220,63,3,351,245
5220,76,2,433,303
5220,50,3,222,155
5220,32,2,360,251
5220,78,3,353,247
5221,19,1,387,270
5221,9,1,112,78
5221,81,3,221,154
5221,31,1,69,48
5221,69,2,224,156
5222,82,3,249,174
5222,76,1,404,282
5222,92,3,306,214
5222,16,2,163,114
5223,24,3,452,316
5223,89,3,334,233
5223,85,1,452,316
5223,98,3,446,312
5224,2,3,90,62
5224,38,1,52,36
5224,58,2,228,159
5224,17,3,300,210
5225,53,2,276,193
5226,85,1,197,137
5226,48,2,261,182
5226,2,3,129,90
5226,71,2,371,259
5227,38,2,265,185
5227,32,1,182,127
5227,48,1,343,240
5228,82,3,215,150
5228,75,2,433,303
5229,53,1,218,152
5230,72,3,228,159
5230,81,2,409,286
5230,58,1,319,223
5231,84,2,202,141
5231,42,1,66,46
5231,51,3,322,225
5232,49,3,141,98
5232,80,2,106,74
5233,52,2,214,149
5233,86,1,405,283
5233,38,3,414,289
5234,70,2,437,305
5234,50,3,313,219
5234,40,3,344,240
5235,39,1,223,156
5235,4,3,432,302
5235,7,3,426,298
5236,89,2,339,237
5236,44,3,395,276
5236,60,1,120,84
5236,99,1,221,154
5236,61,3,274,191
5237,83,2,163,114
5237,60,1,287,200
5237,80,3,342,239
5237,71,2,327,228
5237,5,3,246,172
5238,17,1,114,79
5238,75,1,440,308
5238,29,3,287,200
5238,78,2,462,323
5239,36,3,54,37
5240,43,2,291,203
5240,59,2,375,262
5240,65,2,493,345
5240,88,2,312,218
5240,77,1,104,72
5241,62,2,248,173
5241,81,2,318,222
5241,87,3,399,279
5242,16,2,385,269
5243,29,2,342,239
5243,69,3,498,348
5243,54,3,135,94
5243,29,3,331,231
5244,66,3,124,86
5244,54,3,430,301
5244,64,2,173,121
5244,26,1,144,100
5245,66,2,441,308
5246,72,2,338,236
5246,48,3,467,326
5247,88,3,248,173
5247,12,1,250,175
5247,3,3,402,281
5247,14,3,87,60
5247,77,2,291,203
5248,43,3,258,180
5248,11,2,110,77
5248,9,1,247,172
5248,72,3,73,51
5249,62,3,153,107
5249,2,1,384,268
5250,55,2,230,161
5250,94,2,478,334
5250,23,3,337,235
5250,28,2,310,217
5251,15,1,419,293
5252,8,2,466,326
5253,37,1,111,77
5253,18,2,180,125
5254,100,3,352,246
5254,65,3,204,142
5255,86,2,172,120
5255,27,1,85,59
5255,38,1,454,317
5255,36,3,287,200
5255,56,2,349,244
5256,50,1,84,58
5257,53,2,185,129
5257,57,3,268,187
5258,9,3,362,253
5258,52,2,179,125
5258,37,3,146,102
5258,8,1,294,205
5259,59,2,429,300
5259,69,3,197,137
5259,72,3,496,347
5259,14,1,488,341
5259,47,2,260,182
5260,93,3,182,127
5261,61,3,482,337
5261,55,2,463,324
5261,48,2,347,242
5261,14,1,101,70
5261,16,1,363,254
5262,99,2,363,254
5262,52,3,427,298
5262,66,2,179,125
5263,15,3,265,185
5264,21,3,221,154
5264,64,1,290,203
5264,26,2,229,160
5264,50,3,369,258
5265,25,2,410,287
5265,7,2,156,109
5265,55,1,398,278
5265,7,1,149,104
5266,52,2,156,109
5267,91,2,187,130
5267,73,1,75,52
5267,57,3,496,347
5267,33,3,455,318
5268,27,3,396,277
5268,71,3,347,242
5268,10,3,105,73
5268,78,2,357,249
5269,16,1,327,228
5269,22,2,257,179
5269,8,3,175,122
5270,14,2,105,73
5270,30,3,498,348
5271,44,3,382,267
5272,39,2,78,54
5272,25,2,229,160
5272,54,1,222,155
5273,47,3,340,237
5273,73,3,229,160
5273,1,1,333,233
5274,94,3,365,255
5274,61,3,455,318
5274,96,2,146,102
5275,96,2,326,228
5275,3,2,298,208
5276,13,3,76,53
5276,52,3,125,87
5276,61,1,219,153
5276,90,1,446,312
5277,1,1,372,260
5277,92,3,376,263
5277,28,3,160,112
5278,11,3,256,179
5278,43,3,315,220
5279,43,1,429,300
5279,38,3,117,81
5279,6,3,113,79
5279,32,1,441,308
5279,23,2,96,67
5280,59,1,224,156
5281,79,1,310,217
5281,86,3,429,300
5281,85,1,462,323
5281,7,3,87,60
5282,74,1,467,326
5282,31,2,146,102
5282,53,1,308,215
5283,97,3,69,48
5283,48,3,138,96
5284,65,3,474,331
5284,72,2,189,132
5284,77,1,90,62
5284,38,2,288,201
5284,94,3,446,312
5285,69,1,134,93
5285,30,2,429,300
5285,49,3,77,53
5285,1,2,158,110
5285,7,2,131,91
5286,81,2,354,247
5286,90,3,328,229
5286,92,3,245,171
5286,100,2,231,161
5286,93,1,484,338
5287,60,2,77,53
5287,89,3,316,221
5287,21,3,133,93
5288,30,3,276,193
5288,26,3,404,282
5288,27,1,150,105
5289,48,2,485,339
5289,60,3,307,214
5290,13,1,460,322
5290,24,3,122,85
5290,94,3,337,235
5290,71,2,339,237
5290,46,1,328,229
5291,84,3,459,321
5291,29,2,230,161
5291,27,1,71,49
5291,92,2,50,35
5291,4,3,375,262
5292,39,3,90,62
5293,94,3,80,56
5294,75,3,286,200
5294,59,3,368,257
5294,38,3,52,36
5295,33,2,293,205
5295,4,2,389,272
5295,1,3,301,210
5295,99,2,144,100
5296,84,2,489,342
5296,48,2,354,247
5296,17,3,265,185
5296,62,1,145,101
5296,35,3,298,208
5297,76,1,357,249
5297,96,1,499,349
5297,100,3,66,46
5298,41,3,158,110
5298,66,3,59,41
5298,68,3,157,109
5298,74,3,118,82
5298,40,2,75,52
5299,59,2,196,137
5300,52,3,171,119
5300,14,1,380,266
5300,72,1,295,206
5300,3,3,84,58
5300,15,1,383,268
5301,18,3,97,67
5302,73,1,485,339
5302,63,3,397,277
5302,77,3,385,269
5302,30,2,288,201
5302,95,1,247,172
5303,94,1,122,85
5303,31,3,143,100
5303,67,3,443,310
5304,32,2,117,81
5304,76,2,459,321
5304,97,2,339,237
5305,25,3,70,49
5305,100,2,347,242
5306,57,3,277,193
5306,30,2,286,200
5306,11,3,143,100
5307,53,3,263,184
5307,38,3,208,145
5307,1,1,174,121
5307,18,1,257,179
5308,32,1,460,322
5308,75,3,64,44
5308,13,2,403,282
5308,84,3,305,213
5309,99,1,285,199
5309,14,2,328,229
5309,10,3,467,326
5310,78,1,387,270
5310,4,2,199,139
5310,23,2,96,67
5310,34,3,325,227
5310,78,3,367,256
5311,77,2,213,149
5311,89,3,208,145
5311,62,2,214,149
5311,78,3,108,75
5312,72,3,56,39
5312,56,2,158,110
5312,55,1,299,209
5313,4,3,248,173
5314,82,1,228,159
5314,96,3,474,331
5315,93,1,55,38
5315,56,2,273,191
5315,49,3,184,128
5315,10,3,173,121
5316,83,3,422,295
5316,30,3,304,212
5316,53,3,283,198
5316,98,2,386,270
5317,47,2,498,348
5317,55,3,206,144
5317,97,3,417,291
5317,84,3,119,83
5317,26,2,317,221
5318,92,2,467,326
5318,88,2,217,151
5318,23,2,206,144
5318,11,2,424,296
5318,64,2,294,205
5319,98,2,484,338
5319,95,2,335,234
5319,74,3,250,175
5320,11,1,210,147
5321,80,3,277,193
5321,99,3,228,159
5322,8,1,321,224
5322,48,2,86,60
5322,28,3,400,280
5323,30,3,248,173
5323,75,2,315,220
5323,46,1,377,263
5323,82,3,492,344
5323,94,1,373,261
5324,8,3,341,238
5325,57,1,496,347
5325,79,1,259,181
5325,78,3,102,71
5325,51,1,345,241
5325,85,3,53,37
5326,55,2,193,135
5326,73,3,285,199
5327,32,1,57,39
5327,77,1,357,249
5327,40,3,351,245
5327,65,1,91,63
5328,10,1,105,73
5328,29,1,180,125
5329,92,3,157,109
5329,26,3,361,252
5329,5,1,483,338
5330,17,3,353,247
5330,55,3,56,39
5330,90,2,207,144
5330,51,1,395,276
5331,57,1,215,150
5331,2,3,54,37
5331,65,3,206,144
5331,24,3,125,87
5331,60,2,293,205
5332,2,1,464,324
5332,77,2,83,58
5333,12,2,143,100
5333,30,3,399,279
5333,81,3,402,281
5334,3,3,450,315
5334,33,3,69,48
5334,43,2,382,267
5335,12,2,141,98
5336,18,1,173,121
5337,74,2,289,202
5337,40,1,171,119
5337,76,3,304,212
5337,42,2,233,163
5338,41,2,201,140
5338,71,3,301,210
5338,42,1,399,279
5339,42,3,272,190
5339,42,3,159,111
5339,81,1,69,48
5340,42,3,56,39
5340,36,2,324,226
5340,87,2,270,189
5341,81,1,426,298
5341,14,3,368,257
5341,53,2,243,170
5342,16,1,497,347
5342,72,2,373,261
5343,43,1,172,120
5343,91,2,405,283
5343,20,3,199,139
5343,60,1,161,112
5343,77,3,498,348
5344,97,2,304,212
5344,25,2,200,140
5344,64,2,391,273
5344,69,1,116,81
5344,61,1,464,324
5345,28,1,228,159
5345,36,3,294,205
5345,40,2,468,327
5345,77,2,152,106
5345,88,2,457,319
5346,38,1,241,168
5346,89,3,250,175
5346,15,2,347,242
5346,47,2,291,203
5347,24,1,124,86
5347,99,2,158,110
5347,82,1,100,70
5347,61,2,336,235
5347,66,1,204,142
5348,16,1,439,307
5348,65,3,434,303
5349,63,2,280,196
5349,74,3,235,164
5350,33,1,229,160
5350,41,3,262,183
5351,24,1,177,123
5351,34,1,217,151
5351,72,1,306,214
5351,4,2,196,137
5351,45,3,298,208
5352,64,2,347,242
5352,77,3,213,149
5352,87,1,271,189
5352,78,2,119,83
5353,21,3,471,329
5353,66,1,317,221
5353,65,1,441,308
5353,51,1,342,239
5354,76,2,143,100
5354,90,2,329,230
5354,88,2,403,282
5355,57,3,58,40
5355,90,3,404,282
5355,19,3,67,46
5356,94,1,110,77
5356,68,3,325,227
5356,66,1,489,342
5356,71,1,451,315
5357,88,3,239,167
5357,79,2,135,94
5357,45,1,492,344
5358,28,3,189,132
5358,78,2,278,194
5358,70,1,334,233
5358,93,1,126,88
5359,70,3,461,322
5359,69,3,107,74
5359,63,1,92,64
5360,31,1,499,349
5360,12,2,452,316
5360,70,3,175,122
5361,20,2,349,244
5361,15,2,234,163
5361,80,3,247,172
5361,78,1,462,323
5362,80,1,419,293
5362,40,3,197,137
5362,7,1,204,142
5363,76,3,159,111
5363,77,3,245,171
5364,4,3,429,300
5364,88,3,457,319
5364,86,3,180,125
5364,22,3,257,179
5364,50,1,489,342
5365,97,1,499,349
5365,72,3,87,60
5365,51,1,209,146
5366,68,2,166,116
5366,86,3,438,306
5366,23,2,347,242
5366,15,3,301,210
5367,33,3,142,99
5367,59,1,441,308
5367,42,1,239,167
5368,90,2,381,266
5368,39,3,466,326
5368,54,1,123,86
5368,79,2,499,349
5368,27,1,466,326
5369,30,2,330,230
5369,55,3,181,126
5369,19,1,308,215
5369,71,1,112,78
5370,38,2,207,144
5370,18,1,172,120
5370,21,2,211,147
5370,38,1,123,86
5370,83,2,268,187
5371,91,2,284,198
5371,42,2,242,169
5372,79,1,431,301
5372,82,1,324,226
5373,30,3,340,237
5373,64,2,227,158
5373,32,3,366,256
5374,58,2,407,284
5374,85,1,409,286
5374,30,1,115,80
5374,98,2,343,240
5375,79,3,174,121
5375,44,1,169,118
5375,99,2,347,242
5375,84,2,221,154
5376,36,3,219,153
5376,20,2,179,125
5377,17,3,403,282
5377,50,1,457,319
5378,39,1,413,289
5378,66,3,157,109
5378,86,1,158,110
5379,76,1,445,311
5379,35,3,500,350
5379,96,3,391,273
5379,77,1,332,232
5379,36,3,174,121
5380,88,2,407,284
5381,20,1,489,342
5381,4,1,227,158
5382,44,2,113,79
5382,10,3,157,109
5382,43,2,133,93
5383,31,2,340,237
5383,84,1,150,105
5383,13,2,74,51
5384,80,3,326,228
5385,21,2,140,98
5386,6,2,397,277
5387,49,3,297,207
5387,40,1,250,175
5387,52,3,76,53
5388,29,1,188,131
5388,67,2,410,287
5389,48,3,68,47
5389,72,2,213,149
5389,63,2,175,122
5390,99,2,121,84
5390,98,2,135,94
5390,71,3,390,273
5390,21,1,493,345
5390,11,3,93,65
5391,8,3,65,45
5391,95,3,336,235
5391,8,2,108,75
5392,12,1,105,73
5392,15,1,208,145
5392,52,3,312,218
5392,17,1,404,282
5392,65,2,216,151
5393,4,1,171,119
5393,2,3,419,293
5393,94,2,325,227
5393,76,2,373,261
5394,66,1,162,113
5394,6,2,359,251
5394,51,3,156,109
5394,34,1,154,107
5395,94,3,140,98
5395,69,3,66,46
5396,5,2,280,196
5396,5,3,188,131
5397,94,3,108,75
5398,57,2,419,293
5398,76,3,67,46
5398,96,2,421,294
5398,59,1,467,326
5398,16,1,112,78
5399,44,1,471,329
5399,49,1,440,308
5399,65,2,105,73
5399,18,1,205,143
5399,44,1,81,56
5400,40,2,88,61
5400,76,2,265,185
5401,71,2,197,137
5401,58,3,296,207
5402,25,1,92,64
5402,66,2,117,81
5402,83,1,94,65
5403,46,1,487,340
5403,62,1,359,251
5403,63,3,378,264
5404,49,3,444,310
5404,19,1,227,158
5405,7,2,90,62
5405,21,1,203,142
5405,61,3,140,98
5405,2,2,323,226
5406,55,2,228,159
5406,75,1,483,338
5406,18,1,235,164
5406,86,3,486,340
5406,7,1,473,331
5407,1,2,360,251
5407,81,1,324,226
5407,77,3,169,118
5407,99,2,329,230
5408,64,1,235,164
5408,44,2,449,314
5408,62,2,321,224
5409,91,1,215,150
5409,96,1,81,56
5410,15,2,449,314
5410,12,1,496,347
5410,47,2,217,151
5411,43,3,265,185
5411,56,3,488,341
5411,6,2,295,206
5411,30,3,69,48
5411,33,1,315,220
5412,5,1,312,218
5412,91,3,178,124
5412,75,3,420,294
5412,62,3,343,240
5412,6,2,380,266
5413,21,2,340,237
5414,60,3,335,234
5414,43,3,175,122
5414,18,3,115,80
5414,75,2,254,177
5415,19,2,70,49
5416,71,3,353,247
5416,43,2,133,93
5417,9,1,251,175
5417,93,1,463,324
5417,63,1,103,72
5418,84,1,397,277
5419,72,1,426,298
5419,80,1,397,277
5420,41,3,284,198
5421,26,3,368,257
5421,30,2,498,348
5421,31,2,160,112
5421,58,3,395,276
5421,56,3,98,68
5422,33,2,299,209
5422,92,3,466,326
5423,78,3,53,37
5423,97,1,424,296
5423,82,2,424,296
5424,21,2,476,333
5424,76,2,499,349
5424,97,2,489,342
5424,83,1,216,151
5425,27,2,349,244
5425,73,3,415,290
5425,18,1,158,110
5425,16,2,204,142
5425,94,1,284,198
5426,77,3,493,345
5426,43,1,214,149
5426,97,3,261,182
5427,20,2,103,72
5427,13,2,232,162
5428,45,1,217,151
5428,49,2,118,82
5428,88,3,94,65
5428,96,2,284,198
5429,39,1,414,289
5429,67,2,458,320
5429,15,1,317,221
5429,75,2,192,134
5429,11,1,352,246
5430,4,3,169,118
5431,69,1,132,92
5432,4,1,206,144
5433,59,2,206,144
5433,34,1,250,175
5433,33,2,486,340
5433,59,3,129,90
5434,16,1,252,176
5434,8,1,289,202
5434,45,2,274,191
5435,78,1,491,343
5435,48,3,239,167
5435,11,1,426,298
5435,38,3,486,340
5435,48,3,299,209
5436,14,3,383,268
5436,72,3,344,240
5436,53,1,411,287
5436,70,3,427,298
5436,63,3,387,270
5437,46,1,486,340
5437,13,3,452,316
5437,47,1,71,49
5438,80,1,69,48
5438,43,3,449,314
5439,9,2,403,282
5439,10,2,246,172
5439,38,3,204,142
5440,99,1,482,337
5440,14,1,165,115
5440,71,3,304,212
5441,28,3,326,228
5441,66,1,87,60
5441,31,1,351,245
5442,69,3,439,307
5442,20,1,319,223
5443,58,3,138,96
5443,42,1,370,259
5443,23,3,195,136
5443,18,2,271,189
5443,65,1,63,44
5444,89,2,381,266
5444,85,3,275,192
5444,83,2,296,207
5444,18,3,248,173
5444,8,1,239,167
5445,36,2,467,326
5446,65,2,436,305
5446,31,2,363,254
5446,99,2,168,117
5446,99,3,154,107
5446,18,2,378,264
5447,82,2,459,321
5448,90,3,343,240
5448,54,2,269,188
5448,15,3,340,237
5449,43,2,403,282
5449,27,1,330,230
5449,29,3,262,183
5450,95,1,233,163
5451,77,1,264,184
5452,33,3,287,200
5452,98,3,459,321
5452,65,3,70,49
5452,76,1,469,328
5453,33,3,54,37
5453,13,2,412,288
5453,38,2,233,163
5454,62,1,167,116
5454,35,3,438,306
5454,6,3,438,306
5454,96,2,334,233
5455,20,2,94,65
5455,73,2,381,266
5455,3,3,412,288
5455,7,1,141,98
5455,48,1,68,47
5456,13,2,159,111
5456,65,1,197,137
5457,88,2,310,217
5457,100,2,346,242
5457,15,3,285,199
5457,79,3,423,296
5457,32,1,201,140
5458,43,2,233,163
5458,68,1,402,281
5459,97,3,100,70
5459,6,2,186,130
5459,59,3,240,168
5459,45,3,79,55
5459,32,1,496,347
5460,14,2,80,56
5461,6,2,181,126
5461,70,1,335,234
5461,6,3,468,327
5461,54,3,346,242
5462,3,1,453,317
5462,93,3,168,117
5463,71,1,219,153
5463,99,1,315,220
5463,55,3,102,71
5464,32,3,206,144
5464,21,2,297,207
5465,46,1,500,350
5466,57,3,372,260
5466,96,3,77,53
5466,11,3,157,109
5466,61,1,122,85
5466,15,3,393,275
5467,66,2,464,324
5467,42,1,116,81
5467,95,2,106,74
5468,9,2,496,347
5468,83,1,425,297
5468,43,3,243,170
5468,94,3,223,156
5468,100,2,87,60
5469,65,3,468,327
5469,72,3,397,277
5469,99,3,399,279
5469,17,2,434,303
5469,31,2,165,115
5470,3,3,235,164
5471,57,2,383,268
5471,27,1,282,197
5471,61,2,285,199
5471,63,1,62,43
5472,72,2,189,132
5473,96,3,388,271
5474,48,1,225,157
5474,78,1,133,93
5475,48,1,235,164
5475,44,2,136,95
5475,9,2,256,179
5476,44,2,156,109
5476,17,1,270,189
5476,15,3,451,315
5476,65,1,455,318
5476,3,3,171,119
5477,80,3,220,154
5477,24,3,291,203
5477,7,2,164,114
5478,96,3,314,219
5479,93,2,374,261
5479,35,2,258,180
5479,23,1,450,315
5479,34,3,241,168
5479,45,1,227,158
5480,48,1,439,307
5480,8,1,216,151
5480,2,3,157,109
5481,13,3,317,221
5481,72,1,496,347
5481,6,1,303,212
5481,93,3,147,102
5482,15,1,136,95
5482,23,3,220,154
5482,90,2,77,53
5483,25,3,306,214
5484,28,3,151,105
5484,59,3,52,36
5484,50,1,119,83
5485,26,2,266,186
5486,54,1,377,263
5486,92,1,101,70
5486,12,3,399,279
5487,23,2,418,292
5487,67,3,316,221
5487,8,3,136,95
5487,44,2,147,102
5487,78,1,442,309
5488,54,1,70,49
5488,30,1,487,340
5489,77,1,246,172
5489,25,2,166,116
5489,66,3,64,44
5489,71,1,380,266
5489,83,2,320,224
5490,48,2,147,102
5490,79,3,132,92
5490,18,3,160,112
5491,75,3,57,39
5491,77,1,491,343
5491,47,3,252,176
5491,33,2,477,333
5492,61,2,140,98
5492,35,2,251,175
5492,28,2,185,129
5493,76,1,406,284
5493,6,3,398,278
5493,87,2,455,318
5493,18,1,301,210
5494,34,1,213,149
5494,98,2,65,45
5494,93,1,451,315
5494,68,1,239,167
5495,87,1,222,155
5495,59,2,481,336
5495,9,2,215,150
5496,55,1,482,337
5496,55,1,77,53
5496,99,3,455,318
5496,17,3,186,130
5496,4,2,136,95
5497,25,3,389,272
5497,9,3,411,287
5498,70,1,440,308
5498,50,1,333,233
5499,67,3,304,212
5499,64,1,149,104
5500,20,2,81,56
5500,65,2,470,329
5500,28,3,300,210
5500,95,3,376,263
5500,15,3,464,324
5501,51,2,207,144
5501,97,3,351,245
5502,50,1,192,134
5502,57,2,314,219
5502,55,2,85,59
5502,65,2,312,218
5502,72,3,380,266
5503,82,3,201,140
5504,97,3,458,320
5504,49,1,308,215
5504,14,3,130,91
5504,6,2,473,331
5504,66,3,180,125
5505,44,1,52,36
5505,50,3,124,86
5505,82,1,484,338
5506,86,3,318,222
5507,3,3,441,308
5508,56,1,249,174
5508,97,2,424,296
5508,83,2,136,95
5508,59,3,331,231
