order_id,customer_id,city_id,order_date,order_status,delivery_time,discount,delivery_fee
1,1,2,2026-07-29,Delivered,17,6,15
2,1,2,2026-08-21,Delivered,30,14,30
3,1,2,2026-05-28,Delivered,25,11,0
4,1,2,2026-04-20,Delivered,23,35,15
5,2,3,2026-06-29,Delivered,28,14,15
6,2,3,2026-08-15,Delivered,23,28,30
7,2,3,2026-05-18,Delivered,15,21,0
8,2,3,2026-03-30,Delivered,26,20,0
9,2,3,2026-08-06,Delivered,27,23,15
10,2,3,2026-03-06,Delivered,26,7,0
11,2,3,2026-08-17,Delivered,20,20,15
12,2,3,2026-08-09,Delivered,30,8,15
13,3,3,2026-04-17,Delivered,30,13,15
14,3,3,2026-06-23,Delivered,15,3,30
15,3,3,2026-06-21,Delivered,27,42,30
16,3,3,2026-05-16,Delivered,28,14,30
17,3,3,2026-08-05,Delivered,30,19,30
18,3,3,2026-04-08,Delivered,23,12,30
19,3,3,2026-05-16,Delivered,26,15,30
20,3,3,2026-04-05,Delivered,10,4,15
21,4,5,2026-06-24,Delivered,28,39,30
22,4,5,2026-04-07,Delivered,24,49,30
23,4,5,2026-02-27,Delivered,29,39,15
24,4,5,2026-04-05,Delivered,22,1,15
25,5,2,2026-06-18,Delivered,16,32,0
26,5,2,2026-06-22,Delivered,24,14,15
27,5,2,2026-03-08,Delivered,13,32,15
28,5,2,2026-03-24,Delivered,13,38,0
29,6,2,2026-04-04,Delivered,30,27,0
30,6,2,2026-07-24,Delivered,20,28,30
31,6,2,2026-08-15,Delivered,11,39,0
32,6,2,2026-07-17,Delivered,24,17,30
33,7,2,2026-06-06,Delivered,10,35,30
34,8,4,2026-03-05,Delivered,17,22,0
35,8,4,2026-05-14,Delivered,17,31,30
36,8,4,2026-03-01,Delivered,30,23,15
37,9,2,2026-04-17,Delivered,28,7,15
38,9,2,2026-06-21,Delivered,23,33,30
39,9,2,2026-06-27,Delivered,29,12,15
40,9,2,2026-03-25,Delivered,12,35,30
41,10,4,2026-04-06,Delivered,26,50,15
42,10,4,2026-08-20,Delivered,14,2,30
43,10,4,2026-06-11,Delivered,12,28,30
44,10,4,2026-05-03,Delivered,13,5,0
45,10,4,2026-06-05,Delivered,21,7,30
46,11,2,2026-05-01,Delivered,29,28,15
47,11,2,2026-04-03,Delivered,20,8,15
48,12,5,2026-05-06,Delivered,17,14,0
49,12,5,2026-03-01,Delivered,18,47,30
50,12,5,2026-08-22,Delivered,24,9,0
51,12,5,2026-04-18,Delivered,25,27,0
52,12,5,2026-04-29,Delivered,23,12,15
53,12,5,2026-05-04,Delivered,22,33,15
54,13,2,2026-05-29,Delivered,12,22,15
55,13,2,2026-03-13,Delivered,18,13,30
56,13,2,2026-05-25,Delivered,12,11,30
57,13,2,2026-04-14,Delivered,29,10,15
58,13,2,2026-06-16,Delivered,30,27,30
59,14,5,2026-05-16,Delivered,10,21,0
60,14,5,2026-08-21,Delivered,17,9,0
61,14,5,2026-04-07,Delivered,22,34,15
62,14,5,2026-05-24,Delivered,12,19,0
63,14,5,2026-07-24,Delivered,13,27,30
64,14,5,2026-02-26,Delivered,13,8,15
65,14,5,2026-04-01,Delivered,16,40,15
66,14,5,2026-03-23,Delivered,22,34,30
67,14,5,2026-03-24,Delivered,23,9,0
68,15,4,2026-07-14,Delivered,29,33,30
69,15,4,2026-06-04,Delivered,13,13,30
70,15,4,2026-04-02,Delivered,23,21,30
71,15,4,2026-04-29,Delivered,20,4,0
72,15,4,2026-08-23,Delivered,27,12,15
73,15,4,2026-04-20,Delivered,19,30,15
74,16,2,2026-07-16,Delivered,16,18,30
75,17,5,2026-07-02,Delivered,23,24,30
76,17,5,2026-06-28,Delivered,27,33,15
77,17,5,2026-05-29,Delivered,29,36,30
78,17,5,2026-08-16,Delivered,17,13,30
79,18,2,2026-08-14,Delivered,25,38,30
80,18,2,2026-04-04,Delivered,16,37,15
81,18,2,2026-06-22,Delivered,14,48,15
82,18,2,2026-06-27,Delivered,16,33,0
83,18,2,2026-06-26,Delivered,17,20,0
84,18,2,2026-08-18,Delivered,23,42,0
85,18,2,2026-03-19,Delivered,14,49,15
86,18,2,2026-05-31,Delivered,29,23,15
87,19,5,2026-04-27,Delivered,29,25,15
88,19,5,2026-08-13,Delivered,30,10,30
89,19,5,2026-08-03,Delivered,23,41,30
90,19,5,2026-05-24,Delivered,29,14,15
91,19,5,2026-05-01,Delivered,30,0,0
92,19,5,2026-07-09,Delivered,28,37,0
93,20,4,2026-02-26,Delivered,16,9,30
94,20,4,2026-08-05,Delivered,19,29,0
95,20,4,2026-07-10,Delivered,29,43,30
96,20,4,2026-07-18,Delivered,15,2,30
97,20,4,2026-04-24,Delivered,21,38,0
98,20,4,2026-03-14,Delivered,15,42,30
99,21,4,2026-04-28,Delivered,14,26,30
100,21,4,2026-07-01,Delivered,19,13,30
101,22,1,2026-06-13,Delivered,25,26,30
102,23,1,2026-07-02,Delivered,10,43,15
103,23,1,2026-04-17,Delivered,28,26,0
104,23,1,2026-06-23,Delivered,18,48,0
105,23,1,2026-07-23,Delivered,28,27,30
106,23,1,2026-08-11,Delivered,10,28,0
107,23,1,2026-07-02,Delivered,27,12,15
108,23,1,2026-04-09,Delivered,25,7,0
109,24,3,2026-02-27,Delivered,19,11,0
110,24,3,2026-05-26,Delivered,26,2,15
111,25,1,2026-08-22,Delivered,27,40,0
112,25,1,2026-02-28,Delivered,23,33,0
113,25,1,2026-06-01,Delivered,24,7,0
114,25,1,2026-07-20,Delivered,17,9,15
115,26,4,2026-03-02,Delivered,21,50,0
116,27,5,2026-07-20,Delivered,20,23,0
117,27,5,2026-03-08,Delivered,10,34,0
118,27,5,2026-06-27,Delivered,11,13,15
119,27,5,2026-06-04,Delivered,26,39,15
120,27,5,2026-06-18,Delivered,25,1,30
121,28,2,2026-04-29,Delivered,26,12,0
122,28,2,2026-05-18,Delivered,22,46,0
123,28,2,2026-08-04,Delivered,30,35,0
124,28,2,2026-03-13,Delivered,11,32,30
125,28,2,2026-03-26,Delivered,24,22,0
126,28,2,2026-02-26,Delivered,21,46,30
127,29,4,2026-03-13,Delivered,18,24,0
128,29,4,2026-07-02,Delivered,18,30,15
129,29,4,2026-04-19,Delivered,26,12,0
130,30,2,2026-06-24,Delivered,24,38,15
131,31,2,2026-05-25,Delivered,16,13,15
132,31,2,2026-03-05,Delivered,24,47,15
133,31,2,2026-03-03,Delivered,24,34,30
134,31,2,2026-07-03,Delivered,10,15,15
135,31,2,2026-07-22,Delivered,18,39,0
136,31,2,2026-08-01,Delivered,14,28,0
137,32,4,2026-04-25,Delivered,16,10,30
138,32,4,2026-04-21,Delivered,15,33,30
139,33,2,2026-07-22,Delivered,18,30,30
140,33,2,2026-06-24,Delivered,18,38,0
141,33,2,2026-07-03,Delivered,11,26,0
142,33,2,2026-07-20,Delivered,30,9,0
143,33,2,2026-08-15,Delivered,26,29,0
144,33,2,2026-05-26,Delivered,19,44,0
145,33,2,2026-07-24,Delivered,24,36,30
146,33,2,2026-05-06,Delivered,24,15,0
147,33,2,2026-05-04,Delivered,20,12,0
148,33,2,2026-07-23,Delivered,26,37,0
149,34,2,2026-08-21,Delivered,27,33,30
150,34,2,2026-05-03,Delivered,28,24,0
151,34,2,2026-06-19,Delivered,11,31,15
152,34,2,2026-04-20,Delivered,19,46,15
153,34,2,2026-05-24,Delivered,23,34,0
154,34,2,2026-08-21,Delivered,29,41,30
155,34,2,2026-07-19,Delivered,15,35,15
156,34,2,2026-04-23,Delivered,12,35,0
157,35,4,2026-06-29,Delivered,12,47,15
158,35,4,2026-06-09,Delivered,20,22,15
159,35,4,2026-05-30,Delivered,20,31,0
160,35,4,2026-03-09,Delivered,18,6,0
161,35,4,2026-06-01,Delivered,25,23,15
162,35,4,2026-06-27,Delivered,28,30,30
163,35,4,2026-07-30,Delivered,22,14,15
164,36,1,2026-04-18,Delivered,28,12,0
165,36,1,2026-04-25,Delivered,22,10,30
166,37,4,2026-07-13,Delivered,20,44,30
167,37,4,2026-07-21,Delivered,22,34,30
168,37,4,2026-03-10,Delivered,14,5,0
169,37,4,2026-05-01,Delivered,26,11,30
170,37,4,2026-05-01,Delivered,10,3,15
171,37,4,2026-03-04,Delivered,29,4,0
172,37,4,2026-03-24,Delivered,30,35,30
173,37,4,2026-08-16,Delivered,24,34,15
174,37,4,2026-04-04,Delivered,23,5,15
175,37,4,2026-07-20,Delivered,14,2,30
176,38,4,2026-05-01,Delivered,30,6,30
177,38,4,2026-04-05,Delivered,24,0,30
178,38,4,2026-05-30,Delivered,24,20,0
179,38,4,2026-07-22,Delivered,16,42,15
180,38,4,2026-03-04,Delivered,15,28,30
181,38,4,2026-07-02,Delivered,13,50,0
182,39,1,2026-06-30,Delivered,17,17,30
183,39,1,2026-06-02,Delivered,20,8,0
184,40,4,2026-03-24,Delivered,26,38,0
185,40,4,2026-07-04,Delivered,25,1,30
186,41,3,2026-03-05,Delivered,11,49,15
187,41,3,2026-06-08,Delivered,11,25,15
188,41,3,2026-06-10,Delivered,11,49,15
189,42,5,2026-04-06,Delivered,29,1,15
190,42,5,2026-03-28,Delivered,21,42,30
191,42,5,2026-08-12,Delivered,11,10,15
192,42,5,2026-03-08,Delivered,17,2,0
193,42,5,2026-05-26,Delivered,24,17,30
194,42,5,2026-07-03,Delivered,19,36,15
195,42,5,2026-06-14,Delivered,21,46,15
196,42,5,2026-07-13,Delivered,13,50,15
197,43,3,2026-03-09,Delivered,23,7,15
198,43,3,2026-07-25,Delivered,29,31,30
199,43,3,2026-04-13,Delivered,28,5,0
200,44,2,2026-04-10,Delivered,13,29,15
201,44,2,2026-06-08,Delivered,17,49,15
202,44,2,2026-06-30,Delivered,27,40,0
203,44,2,2026-07-16,Delivered,20,7,0
204,44,2,2026-04-21,Delivered,22,18,0
205,44,2,2026-03-29,Delivered,10,22,0
206,44,2,2026-07-04,Delivered,23,8,0
207,45,4,2026-06-10,Delivered,20,42,0
208,45,4,2026-03-31,Delivered,26,19,0
209,45,4,2026-02-25,Delivered,26,20,0
210,45,4,2026-06-16,Delivered,24,9,0
211,45,4,2026-08-09,Delivered,11,1,30
212,45,4,2026-03-15,Delivered,21,2,15
213,45,4,2026-08-01,Delivered,16,16,30
214,46,4,2026-08-15,Delivered,27,19,0
215,46,4,2026-04-30,Delivered,13,5,0
216,47,1,2026-05-10,Delivered,28,17,30
217,47,1,2026-06-10,Delivered,17,37,0
218,48,1,2026-06-25,Delivered,22,45,30
219,48,1,2026-07-22,Delivered,27,38,0
220,48,1,2026-08-07,Delivered,27,3,30
221,48,1,2026-06-19,Delivered,12,9,15
222,49,2,2026-06-04,Delivered,20,38,15
223,49,2,2026-07-16,Delivered,26,6,0
224,49,2,2026-03-09,Delivered,28,41,15
225,49,2,2026-04-09,Delivered,13,13,30
226,49,2,2026-08-18,Delivered,15,14,30
227,50,4,2026-04-08,Delivered,24,49,30
228,50,4,2026-06-14,Delivered,10,41,30
229,50,4,2026-06-06,Delivered,21,46,30
230,50,4,2026-07-21,Delivered,21,36,15
231,50,4,2026-08-08,Delivered,17,3,15
232,50,4,2026-03-20,Delivered,14,29,0
233,50,4,2026-06-07,Delivered,26,8,15
234,50,4,2026-06-20,Delivered,26,9,15
235,50,4,2026-04-10,Delivered,17,5,30
236,51,3,2026-04-06,Delivered,12,16,15
237,51,3,2026-04-25,Delivered,27,20,30
238,51,3,2026-03-17,Delivered,10,20,30
239,52,1,2026-08-16,Delivered,23,29,15
240,52,1,2026-03-19,Delivered,29,37,0
241,52,1,2026-08-03,Delivered,16,45,15
242,53,4,2026-08-08,Delivered,25,28,0
243,53,4,2026-03-09,Delivered,27,5,15
244,54,1,2026-03-21,Delivered,25,4,15
245,54,1,2026-07-01,Delivered,14,23,0
246,54,1,2026-07-08,Delivered,28,31,0
247,55,3,2026-03-15,Delivered,12,29,15
248,55,3,2026-03-19,Delivered,14,28,0
249,55,3,2026-06-01,Delivered,16,15,0
250,55,3,2026-04-13,Delivered,15,48,15
251,55,3,2026-07-19,Delivered,13,6,30
252,55,3,2026-08-12,Delivered,14,18,0
253,55,3,2026-08-08,Delivered,15,13,30
254,56,5,2026-06-29,Delivered,16,41,30
255,56,5,2026-05-29,Delivered,12,28,30
256,56,5,2026-06-06,Delivered,25,37,15
257,57,2,2026-04-05,Delivered,16,9,0
258,57,2,2026-06-13,Delivered,19,44,0
259,57,2,2026-06-03,Delivered,16,14,0
260,57,2,2026-07-27,Delivered,22,40,15
261,57,2,2026-05-28,Delivered,28,34,30
262,57,2,2026-06-22,Delivered,21,11,0
263,57,2,2026-08-23,Delivered,13,25,15
264,57,2,2026-07-06,Delivered,29,13,30
265,57,2,2026-04-11,Delivered,20,12,0
266,57,2,2026-07-21,Delivered,14,31,30
267,58,1,2026-06-20,Delivered,14,2,15
268,58,1,2026-07-11,Delivered,16,5,30
269,58,1,2026-06-10,Delivered,16,32,30
270,58,1,2026-05-05,Delivered,11,15,0
271,58,1,2026-06-09,Delivered,18,29,15
272,59,1,2026-06-22,Delivered,13,13,0
273,59,1,2026-03-18,Delivered,16,40,0
274,59,1,2026-08-14,Delivered,21,20,30
275,59,1,2026-06-24,Delivered,14,49,30
276,59,1,2026-03-14,Delivered,25,20,30
277,59,1,2026-05-25,Delivered,25,47,15
278,60,3,2026-04-30,Delivered,20,25,0
279,60,3,2026-04-11,Delivered,24,0,15
280,60,3,2026-04-25,Delivered,15,12,30
281,60,3,2026-06-20,Delivered,10,9,15
282,61,5,2026-03-24,Delivered,24,32,0
283,61,5,2026-06-07,Delivered,19,22,15
284,61,5,2026-03-09,Delivered,19,16,0
285,61,5,2026-06-24,Delivered,20,42,30
286,61,5,2026-08-20,Delivered,18,33,30
287,62,2,2026-04-23,Delivered,11,40,15
288,62,2,2026-08-15,Delivered,13,37,30
289,62,2,2026-02-25,Delivered,13,42,30
290,62,2,2026-07-04,Delivered,28,40,30
291,62,2,2026-03-04,Delivered,20,9,30
292,62,2,2026-04-04,Delivered,23,17,15
293,62,2,2026-05-27,Delivered,20,26,30
294,62,2,2026-08-21,Delivered,13,26,15
295,62,2,2026-05-19,Delivered,12,29,30
296,63,4,2026-05-14,Delivered,19,34,0
297,63,4,2026-07-17,Delivered,14,1,0
298,63,4,2026-05-24,Delivered,13,25,15
299,63,4,2026-05-10,Delivered,13,4,0
300,63,4,2026-06-15,Delivered,27,23,15
301,63,4,2026-08-19,Delivered,23,9,0
302,63,4,2026-05-15,Delivered,29,39,15
303,64,5,2026-03-16,Delivered,28,23,0
304,65,5,2026-06-07,Delivered,10,49,30
305,65,5,2026-08-02,Delivered,19,35,30
306,65,5,2026-05-24,Delivered,19,15,0
307,65,5,2026-04-14,Delivered,22,25,15
308,65,5,2026-08-02,Delivered,21,3,0
309,65,5,2026-05-16,Delivered,23,40,15
310,65,5,2026-02-28,Delivered,30,9,0
311,65,5,2026-07-12,Delivered,26,18,30
312,65,5,2026-06-07,Delivered,22,13,15
313,66,2,2026-07-16,Delivered,26,11,30
314,66,2,2026-05-01,Delivered,25,43,30
315,66,2,2026-07-15,Delivered,14,3,30
316,67,5,2026-06-04,Delivered,18,42,15
317,67,5,2026-07-10,Delivered,14,43,15
318,68,2,2026-04-30,Delivered,25,48,0
319,68,2,2026-07-20,Delivered,30,5,0
320,69,2,2026-05-28,Delivered,14,17,30
321,69,2,2026-08-01,Delivered,20,15,15
322,69,2,2026-04-25,Delivered,21,24,30
323,69,2,2026-03-14,Delivered,28,3,30
324,69,2,2026-07-31,Delivered,12,29,30
325,69,2,2026-06-18,Delivered,19,6,15
326,70,2,2026-06-23,Delivered,19,38,15
327,71,2,2026-06-22,Delivered,28,21,15
328,71,2,2026-05-21,Delivered,19,38,0
329,71,2,2026-08-09,Delivered,21,50,15
330,71,2,2026-07-24,Delivered,16,0,0
331,71,2,2026-04-06,Delivered,23,26,30
332,71,2,2026-03-29,Delivered,21,4,0
333,72,5,2026-06-03,Delivered,29,44,30
334,72,5,2026-05-23,Delivered,29,8,30
335,72,5,2026-05-23,Delivered,17,19,30
336,72,5,2026-05-20,Delivered,12,18,0
337,73,2,2026-03-07,Delivered,30,38,0
338,73,2,2026-03-02,Delivered,10,39,0
339,73,2,2026-04-28,Delivered,15,6,30
340,73,2,2026-05-14,Delivered,11,16,30
341,73,2,2026-05-10,Delivered,29,25,0
342,73,2,2026-07-21,Delivered,21,8,15
343,74,2,2026-04-15,Delivered,27,42,15
344,74,2,2026-08-14,Delivered,13,43,15
345,74,2,2026-05-18,Delivered,14,31,0
346,74,2,2026-08-18,Delivered,27,32,0
347,74,2,2026-07-29,Delivered,21,24,30
348,74,2,2026-02-27,Delivered,25,33,30
349,74,2,2026-07-08,Delivered,15,46,30
350,74,2,2026-04-15,Delivered,11,9,30
351,75,5,2026-04-23,Delivered,12,46,0
352,75,5,2026-07-14,Delivered,18,10,0
353,75,5,2026-04-20,Delivered,27,35,30
354,75,5,2026-05-21,Delivered,16,14,15
355,75,5,2026-08-08,Delivered,26,2,0
356,75,5,2026-06-03,Delivered,12,36,15
357,76,2,2026-07-15,Delivered,24,23,0
358,76,2,2026-07-15,Delivered,30,32,30
359,76,2,2026-06-11,Delivered,22,25,0
360,76,2,2026-07-14,Delivered,23,31,30
361,76,2,2026-04-15,Delivered,29,25,15
362,76,2,2026-03-26,Delivered,15,34,30
363,77,2,2026-08-03,Delivered,25,38,30
364,78,4,2026-03-15,Delivered,21,22,30
365,78,4,2026-04-19,Delivered,22,26,15
366,78,4,2026-06-12,Delivered,14,13,0
367,79,4,2026-07-05,Delivered,30,14,15
368,79,4,2026-03-12,Delivered,24,27,0
369,79,4,2026-04-06,Delivered,24,42,0
370,79,4,2026-03-04,Delivered,25,49,15
371,79,4,2026-03-23,Delivered,17,33,30
372,80,2,2026-07-16,Delivered,20,2,30
373,80,2,2026-07-28,Delivered,26,22,30
374,81,5,2026-07-28,Delivered,23,33,0
375,81,5,2026-05-27,Delivered,24,4,30
376,81,5,2026-08-04,Delivered,27,2,0
377,82,3,2026-04-25,Delivered,25,34,0
378,82,3,2026-06-01,Delivered,16,43,30
379,82,3,2026-03-06,Delivered,27,50,0
380,82,3,2026-07-19,Delivered,14,1,30
381,82,3,2026-06-27,Delivered,26,1,15
382,82,3,2026-02-28,Delivered,29,1,15
383,82,3,2026-02-28,Delivered,18,28,0
384,82,3,2026-07-15,Delivered,22,15,30
385,82,3,2026-08-23,Delivered,26,34,0
386,82,3,2026-07-20,Delivered,21,45,0
387,83,2,2026-05-21,Delivered,26,27,30
388,83,2,2026-03-22,Delivered,22,49,30
389,83,2,2026-07-20,Delivered,15,38,0
390,83,2,2026-05-02,Delivered,25,16,15
391,83,2,2026-04-23,Delivered,12,31,30
392,83,2,2026-04-07,Delivered,13,30,15
393,83,2,2026-03-31,Delivered,25,45,15
394,83,2,2026-04-29,Delivered,28,34,15
395,83,2,2026-07-06,Delivered,26,34,15
396,84,2,2026-03-11,Delivered,28,33,0
397,84,2,2026-03-05,Delivered,26,4,0
398,84,2,2026-03-02,Delivered,24,9,30
399,84,2,2026-03-18,Delivered,14,9,15
400,84,2,2026-08-11,Delivered,12,24,0
401,84,2,2026-06-22,Delivered,18,20,0
402,84,2,2026-06-06,Delivered,22,38,15
403,85,2,2026-08-11,Delivered,20,37,30
404,85,2,2026-06-20,Delivered,15,1,0
405,86,5,2026-03-29,Delivered,24,27,15
406,87,2,2026-03-11,Delivered,15,4,30
407,87,2,2026-04-03,Delivered,12,32,30
408,87,2,2026-03-31,Delivered,14,5,15
409,87,2,2026-03-23,Delivered,16,17,30
410,87,2,2026-05-18,Delivered,16,39,0
411,87,2,2026-08-13,Delivered,25,11,0
412,87,2,2026-07-31,Delivered,19,38,0
413,88,1,2026-03-12,Delivered,14,47,30
414,88,1,2026-04-08,Delivered,10,23,15
415,88,1,2026-02-27,Delivered,28,44,15
416,88,1,2026-08-07,Delivered,14,40,0
417,89,3,2026-06-02,Delivered,22,23,0
418,90,5,2026-06-26,Delivered,24,17,15
419,91,4,2026-03-19,Delivered,26,28,0
420,91,4,2026-03-21,Delivered,11,28,0
421,92,3,2026-08-01,Delivered,25,11,30
422,92,3,2026-03-07,Delivered,25,42,0
423,92,3,2026-07-26,Delivered,24,36,30
424,92,3,2026-06-17,Delivered,20,46,30
425,92,3,2026-03-15,Delivered,17,30,15
426,92,3,2026-03-30,Delivered,21,21,30
427,92,3,2026-06-01,Delivered,18,20,30
428,92,3,2026-05-06,Delivered,19,45,0
429,92,3,2026-07-29,Delivered,10,4,15
430,93,1,2026-02-28,Delivered,15,39,0
431,93,1,2026-08-02,Delivered,10,9,0
432,93,1,2026-03-24,Delivered,28,33,0
433,93,1,2026-06-28,Delivered,23,9,30
434,93,1,2026-07-09,Delivered,24,7,30
435,93,1,2026-03-28,Delivered,17,50,0
436,93,1,2026-06-28,Delivered,17,24,30
437,93,1,2026-04-25,Delivered,19,25,15
438,94,2,2026-03-30,Delivered,30,43,15
439,94,2,2026-06-17,Delivered,30,21,15
440,94,2,2026-08-21,Delivered,18,6,0
441,94,2,2026-06-06,Delivered,20,32,0
442,94,2,2026-07-28,Delivered,12,13,0
443,94,2,2026-08-17,Delivered,30,4,0
444,94,2,2026-05-02,Delivered,18,31,15
445,94,2,2026-08-01,Delivered,27,30,15
446,95,3,2026-06-30,Delivered,20,44,15
447,95,3,2026-07-31,Delivered,23,47,0
448,95,3,2026-07-25,Delivered,15,34,0
449,95,3,2026-05-14,Delivered,17,3,0
450,95,3,2026-05-31,Delivered,11,30,0
451,95,3,2026-03-08,Delivered,25,4,30
452,95,3,2026-05-08,Delivered,10,4,30
453,95,3,2026-04-04,Delivered,29,17,15
454,95,3,2026-06-08,Delivered,12,34,15
455,96,1,2026-05-16,Delivered,22,46,30
456,97,2,2026-03-13,Delivered,15,10,0
457,97,2,2026-06-03,Delivered,23,34,0
458,98,4,2026-05-18,Delivered,20,16,15
459,98,4,2026-04-10,Delivered,10,27,30
460,98,4,2026-03-21,Delivered,29,45,0
461,98,4,2026-06-17,Delivered,28,37,30
462,99,3,2026-05-19,Delivered,10,39,0
463,99,3,2026-06-29,Delivered,26,9,0
464,99,3,2026-08-14,Delivered,19,48,30
465,99,3,2026-04-04,Delivered,13,18,15
466,99,3,2026-04-15,Delivered,30,3,0
467,99,3,2026-08-16,Delivered,17,35,30
468,99,3,2026-07-07,Delivered,26,50,15
469,99,3,2026-07-17,Delivered,27,28,0
470,99,3,2026-05-02,Delivered,28,49,15
471,100,3,2026-07-29,Delivered,26,5,15
472,100,3,2026-04-25,Delivered,12,25,30
473,100,3,2026-07-08,Delivered,24,33,0
474,101,5,2026-06-29,Delivered,24,7,0
475,101,5,2026-05-20,Delivered,25,13,15
476,101,5,2026-06-11,Delivered,17,5,15
477,101,5,2026-05-18,Delivered,14,41,0
478,101,5,2026-04-10,Delivered,28,50,0
479,102,3,2026-03-30,Delivered,15,25,30
480,102,3,2026-04-05,Delivered,23,7,15
481,102,3,2026-06-05,Delivered,13,44,0
482,102,3,2026-07-10,Delivered,11,24,15
483,102,3,2026-08-15,Delivered,21,39,15
484,102,3,2026-06-28,Delivered,26,48,30
485,102,3,2026-06-27,Delivered,29,48,0
486,102,3,2026-08-11,Delivered,11,32,15
487,103,5,2026-03-19,Delivered,12,15,0
488,103,5,2026-08-21,Delivered,24,48,0
489,103,5,2026-07-09,Delivered,15,24,0
490,103,5,2026-04-20,Delivered,20,3,30
491,103,5,2026-06-22,Delivered,23,13,0
492,103,5,2026-06-05,Delivered,21,29,30
493,103,5,2026-05-30,Delivered,19,47,15
494,103,5,2026-05-12,Delivered,12,46,15
495,103,5,2026-07-27,Delivered,19,31,0
496,103,5,2026-03-28,Delivered,21,14,15
497,104,4,2026-07-16,Delivered,10,7,30
498,104,4,2026-06-22,Delivered,14,30,15
499,104,4,2026-08-20,Delivered,19,27,0
500,105,2,2026-02-26,Delivered,18,5,0
501,105,2,2026-07-02,Delivered,16,12,30
502,105,2,2026-06-26,Delivered,27,12,30
503,105,2,2026-04-22,Delivered,16,41,15
504,105,2,2026-03-19,Delivered,11,8,30
505,105,2,2026-03-12,Delivered,23,13,30
506,105,2,2026-07-10,Delivered,27,35,15
507,105,2,2026-03-03,Delivered,23,12,0
508,106,1,2026-05-07,Delivered,27,49,30
509,106,1,2026-08-01,Delivered,16,48,0
510,106,1,2026-04-25,Delivered,10,42,30
511,106,1,2026-05-17,Delivered,18,49,30
512,106,1,2026-08-18,Delivered,17,31,30
513,106,1,2026-06-02,Delivered,23,31,15
514,106,1,2026-08-20,Delivered,14,37,30
515,107,5,2026-07-01,Delivered,29,40,0
516,107,5,2026-08-05,Delivered,27,33,0
517,107,5,2026-07-30,Delivered,15,15,0
518,107,5,2026-04-25,Delivered,24,40,0
519,107,5,2026-03-07,Delivered,10,33,30
520,107,5,2026-05-25,Delivered,22,18,15
521,107,5,2026-04-02,Delivered,22,26,30
522,108,4,2026-06-01,Delivered,19,38,15
523,108,4,2026-04-09,Delivered,15,48,15
524,108,4,2026-04-04,Delivered,12,25,0
525,108,4,2026-03-18,Delivered,21,32,30
526,109,1,2026-04-27,Delivered,30,15,30
527,109,1,2026-08-14,Delivered,15,31,0
528,109,1,2026-04-30,Delivered,27,9,15
529,110,2,2026-06-08,Delivered,14,49,0
530,111,3,2026-04-14,Delivered,30,42,30
531,111,3,2026-06-20,Delivered,27,22,0
532,111,3,2026-07-13,Delivered,19,38,15
533,111,3,2026-05-27,Delivered,22,40,30
534,111,3,2026-05-15,Delivered,25,50,30
535,111,3,2026-03-09,Delivered,30,9,30
536,112,3,2026-03-24,Delivered,16,44,0
537,112,3,2026-04-06,Delivered,24,9,0
538,112,3,2026-07-14,Delivered,28,23,15
539,112,3,2026-05-16,Delivered,26,37,15
540,112,3,2026-07-09,Delivered,25,22,0
541,112,3,2026-06-12,Delivered,25,28,30
542,112,3,2026-07-28,Delivered,25,36,15
543,112,3,2026-06-21,Delivered,11,11,30
544,112,3,2026-03-29,Delivered,16,15,30
545,112,3,2026-03-04,Delivered,19,8,15
546,113,1,2026-06-16,Delivered,10,20,0
547,113,1,2026-08-08,Delivered,21,28,15
548,113,1,2026-08-09,Delivered,10,27,30
549,113,1,2026-04-01,Delivered,13,7,0
550,113,1,2026-06-16,Delivered,10,6,15
551,113,1,2026-05-10,Delivered,26,9,30
552,113,1,2026-06-10,Delivered,13,16,0
553,114,5,2026-08-07,Delivered,13,49,0
554,114,5,2026-08-14,Delivered,28,18,0
555,114,5,2026-06-21,Delivered,29,7,15
556,115,3,2026-05-23,Delivered,18,39,30
557,115,3,2026-06-02,Delivered,26,3,15
558,115,3,2026-06-21,Delivered,25,16,0
559,115,3,2026-04-13,Delivered,13,12,0
560,116,2,2026-06-08,Delivered,24,27,15
561,116,2,2026-08-04,Delivered,15,24,0
562,116,2,2026-04-16,Delivered,19,25,15
563,117,3,2026-04-15,Delivered,17,35,15
564,117,3,2026-03-14,Delivered,21,37,0
565,117,3,2026-07-20,Delivered,17,47,30
566,117,3,2026-05-07,Delivered,21,45,0
567,117,3,2026-07-24,Delivered,18,0,0
568,117,3,2026-07-21,Delivered,10,22,0
569,117,3,2026-05-12,Delivered,23,48,15
570,117,3,2026-04-30,Delivered,13,41,30
571,118,5,2026-07-12,Delivered,26,37,0
572,118,5,2026-04-16,Delivered,11,11,0
573,118,5,2026-05-01,Delivered,27,10,15
574,118,5,2026-03-01,Delivered,24,28,30
575,119,5,2026-03-24,Delivered,26,6,30
576,119,5,2026-07-29,Delivered,26,1,0
577,119,5,2026-06-04,Delivered,21,4,15
578,119,5,2026-04-09,Delivered,11,9,15
579,119,5,2026-03-03,Delivered,11,17,0
580,119,5,2026-05-25,Delivered,24,21,15
581,119,5,2026-07-15,Delivered,12,33,30
582,119,5,2026-08-05,Delivered,11,16,30
583,119,5,2026-03-20,Delivered,10,39,30
584,120,1,2026-03-24,Delivered,18,11,30
585,120,1,2026-06-12,Delivered,27,4,15
586,120,1,2026-07-09,Delivered,19,2,0
587,120,1,2026-05-26,Delivered,24,28,15
588,120,1,2026-08-20,Delivered,18,25,15
589,120,1,2026-05-04,Delivered,26,26,0
590,120,1,2026-05-01,Delivered,22,47,15
591,120,1,2026-08-03,Delivered,25,18,0
592,121,4,2026-06-08,Delivered,21,30,0
593,121,4,2026-02-25,Delivered,26,32,30
594,121,4,2026-02-27,Delivered,11,44,30
595,121,4,2026-03-11,Delivered,18,15,0
596,121,4,2026-04-13,Delivered,29,50,0
597,121,4,2026-08-10,Delivered,23,1,30
598,121,4,2026-05-09,Delivered,18,25,0
599,121,4,2026-03-17,Delivered,13,50,30
600,121,4,2026-04-24,Delivered,19,11,15
601,122,1,2026-07-16,Delivered,26,7,0
602,122,1,2026-04-26,Delivered,26,17,0
603,122,1,2026-03-13,Delivered,19,24,30
604,123,2,2026-03-11,Delivered,15,47,15
605,123,2,2026-02-28,Delivered,30,46,30
606,123,2,2026-07-26,Delivered,26,37,30
607,123,2,2026-06-05,Delivered,20,9,0
608,123,2,2026-05-05,Delivered,22,49,0
609,123,2,2026-04-30,Delivered,14,6,0
610,123,2,2026-06-09,Delivered,28,33,0
611,123,2,2026-04-05,Delivered,20,46,15
612,123,2,2026-08-13,Delivered,15,38,15
613,123,2,2026-07-05,Delivered,10,36,0
614,124,2,2026-06-21,Delivered,28,19,15
615,124,2,2026-04-27,Delivered,21,11,15
616,124,2,2026-05-10,Delivered,29,6,0
617,124,2,2026-05-02,Delivered,27,43,30
618,124,2,2026-05-07,Delivered,23,47,30
619,124,2,2026-04-07,Delivered,10,5,30
620,124,2,2026-03-07,Delivered,29,38,30
621,124,2,2026-04-14,Delivered,30,35,30
622,124,2,2026-04-05,Delivered,19,5,15
623,125,1,2026-05-11,Delivered,13,0,0
624,126,2,2026-05-26,Delivered,23,48,15
625,127,5,2026-06-04,Delivered,21,2,30
626,127,5,2026-07-03,Delivered,14,50,15
627,127,5,2026-04-23,Delivered,28,44,15
628,127,5,2026-05-22,Delivered,11,4,0
629,127,5,2026-07-28,Delivered,19,4,30
630,127,5,2026-05-11,Delivered,13,45,15
631,127,5,2026-03-04,Delivered,25,39,30
632,128,5,2026-08-04,Delivered,18,6,30
633,128,5,2026-08-02,Delivered,24,43,15
634,128,5,2026-07-03,Delivered,13,35,0
635,129,1,2026-07-24,Delivered,16,0,0
636,129,1,2026-05-21,Delivered,18,32,30
637,129,1,2026-06-14,Delivered,26,7,15
638,129,1,2026-05-09,Delivered,29,10,0
639,129,1,2026-08-09,Delivered,26,37,30
640,129,1,2026-07-21,Delivered,20,27,30
641,129,1,2026-04-27,Delivered,23,45,30
642,130,3,2026-05-30,Delivered,19,16,15
643,130,3,2026-05-21,Delivered,11,1,30
644,130,3,2026-04-28,Delivered,28,2,0
645,130,3,2026-03-16,Delivered,15,9,30
646,130,3,2026-08-19,Delivered,18,49,0
647,130,3,2026-05-19,Delivered,27,32,0
648,130,3,2026-07-29,Delivered,22,4,15
649,130,3,2026-06-28,Delivered,30,47,30
650,130,3,2026-05-15,Delivered,12,28,15
651,131,4,2026-07-12,Delivered,14,31,0
652,131,4,2026-08-18,Delivered,22,24,0
653,131,4,2026-04-20,Delivered,20,38,15
654,131,4,2026-03-25,Delivered,19,43,30
655,131,4,2026-07-28,Delivered,28,1,30
656,131,4,2026-07-21,Delivered,21,29,0
657,131,4,2026-07-21,Delivered,17,19,0
658,132,5,2026-02-28,Delivered,18,27,30
659,132,5,2026-05-29,Delivered,24,11,0
660,132,5,2026-04-19,Delivered,30,11,15
661,132,5,2026-04-07,Delivered,19,14,0
662,132,5,2026-03-20,Delivered,26,23,0
663,132,5,2026-03-05,Delivered,26,5,0
664,133,4,2026-03-21,Delivered,16,39,0
665,133,4,2026-04-02,Delivered,30,15,0
666,133,4,2026-07-15,Delivered,17,26,30
667,133,4,2026-08-12,Delivered,23,1,15
668,133,4,2026-08-13,Delivered,13,41,0
669,133,4,2026-05-30,Delivered,13,32,30
670,134,4,2026-05-13,Delivered,19,41,0
671,134,4,2026-07-28,Delivered,18,18,0
672,134,4,2026-08-22,Delivered,14,50,15
673,134,4,2026-06-05,Delivered,25,18,15
674,134,4,2026-06-29,Delivered,11,20,30
675,134,4,2026-03-04,Delivered,18,41,0
676,134,4,2026-05-18,Delivered,12,7,30
677,135,3,2026-07-01,Delivered,27,20,0
678,135,3,2026-07-28,Delivered,12,48,30
679,135,3,2026-08-23,Delivered,10,19,0
680,135,3,2026-04-26,Delivered,28,46,30
681,135,3,2026-03-09,Delivered,26,15,15
682,135,3,2026-04-15,Delivered,21,47,30
683,135,3,2026-02-25,Delivered,12,14,15
684,135,3,2026-04-12,Delivered,17,30,15
685,136,5,2026-03-20,Delivered,17,23,0
686,136,5,2026-03-01,Delivered,13,21,30
687,136,5,2026-06-12,Delivered,16,20,15
688,136,5,2026-07-18,Delivered,13,6,30
689,136,5,2026-03-07,Delivered,25,40,15
690,136,5,2026-07-25,Delivered,20,46,30
691,136,5,2026-06-30,Delivered,28,12,0
692,136,5,2026-02-27,Delivered,18,2,0
693,136,5,2026-05-03,Delivered,21,35,15
694,137,5,2026-05-28,Delivered,18,41,0
695,137,5,2026-08-23,Delivered,23,21,15
696,137,5,2026-03-19,Delivered,14,31,0
697,137,5,2026-05-17,Delivered,30,46,0
698,137,5,2026-05-29,Delivered,10,35,0
699,138,4,2026-05-08,Delivered,14,14,30
700,138,4,2026-06-17,Delivered,22,36,15
701,138,4,2026-05-03,Delivered,13,12,15
702,138,4,2026-07-27,Delivered,10,38,0
703,138,4,2026-04-24,Delivered,23,22,0
704,139,4,2026-05-25,Delivered,10,45,30
705,139,4,2026-08-22,Delivered,21,40,30
706,139,4,2026-03-20,Delivered,28,22,30
707,139,4,2026-03-23,Delivered,25,49,15
708,139,4,2026-03-25,Delivered,27,18,15
709,139,4,2026-08-01,Delivered,23,7,0
710,139,4,2026-06-25,Delivered,13,34,15
711,139,4,2026-03-09,Delivered,26,8,15
712,140,3,2026-08-05,Delivered,17,3,0
713,140,3,2026-02-27,Delivered,26,20,30
714,141,2,2026-03-24,Delivered,15,12,30
715,141,2,2026-08-10,Delivered,11,0,0
716,141,2,2026-07-25,Delivered,11,12,0
717,141,2,2026-08-22,Delivered,21,40,30
718,141,2,2026-06-29,Delivered,15,15,30
719,142,3,2026-05-28,Delivered,10,44,15
720,142,3,2026-07-20,Delivered,19,23,0
721,142,3,2026-05-25,Delivered,16,26,15
722,142,3,2026-07-18,Delivered,17,21,0
723,142,3,2026-06-12,Delivered,24,31,15
724,143,4,2026-06-25,Delivered,22,32,0
725,143,4,2026-04-14,Delivered,20,6,30
726,143,4,2026-03-17,Delivered,26,29,30
727,144,2,2026-04-08,Delivered,13,33,0
728,144,2,2026-04-22,Delivered,10,4,0
729,144,2,2026-05-04,Delivered,30,33,15
730,144,2,2026-06-23,Delivered,15,16,0
731,144,2,2026-04-07,Delivered,23,45,30
732,144,2,2026-05-10,Delivered,30,20,30
733,144,2,2026-04-30,Delivered,11,48,30
734,144,2,2026-06-06,Delivered,28,41,0
735,144,2,2026-04-05,Delivered,28,15,0
736,144,2,2026-03-14,Delivered,11,1,15
737,145,3,2026-06-24,Delivered,20,18,15
738,145,3,2026-05-25,Delivered,28,5,0
739,145,3,2026-04-06,Delivered,10,46,0
740,145,3,2026-05-08,Delivered,27,27,30
741,145,3,2026-05-11,Delivered,12,23,0
742,145,3,2026-08-12,Delivered,18,44,15
743,146,5,2026-06-16,Delivered,24,44,30
744,146,5,2026-05-29,Delivered,11,24,15
745,146,5,2026-08-23,Delivered,20,19,15
746,146,5,2026-02-28,Delivered,12,26,15
747,146,5,2026-08-06,Delivered,13,40,0
748,146,5,2026-03-30,Delivered,20,40,15
749,146,5,2026-03-26,Delivered,23,29,0
750,146,5,2026-07-08,Delivered,15,43,0
751,147,3,2026-07-28,Delivered,11,46,30
752,147,3,2026-04-16,Delivered,25,9,0
753,147,3,2026-05-06,Delivered,23,49,15
754,147,3,2026-05-31,Delivered,16,30,30
755,147,3,2026-07-07,Delivered,20,4,30
756,147,3,2026-03-14,Delivered,30,29,0
757,147,3,2026-08-20,Delivered,18,22,0
758,147,3,2026-05-28,Delivered,26,30,30
759,147,3,2026-06-05,Delivered,11,29,0
760,147,3,2026-03-26,Delivered,23,22,0
761,148,3,2026-04-05,Delivered,26,45,15
762,148,3,2026-08-19,Delivered,25,12,15
763,148,3,2026-05-20,Delivered,11,33,15
764,149,3,2026-08-01,Delivered,30,48,30
765,149,3,2026-07-28,Delivered,15,50,30
766,149,3,2026-07-17,Delivered,11,7,30
767,149,3,2026-05-18,Delivered,30,46,0
768,149,3,2026-05-19,Delivered,22,13,15
769,149,3,2026-06-14,Delivered,10,2,30
770,150,5,2026-03-25,Delivered,10,17,30
771,150,5,2026-06-05,Delivered,20,44,15
772,150,5,2026-04-13,Delivered,16,25,30
773,150,5,2026-07-29,Delivered,19,25,0
774,150,5,2026-07-24,Delivered,19,32,30
775,150,5,2026-05-07,Delivered,18,32,30
776,151,2,2026-05-05,Delivered,17,48,30
777,151,2,2026-04-10,Delivered,16,47,0
778,151,2,2026-07-04,Delivered,10,23,30
779,152,2,2026-07-06,Delivered,29,33,0
780,152,2,2026-05-26,Delivered,30,47,0
781,152,2,2026-08-16,Delivered,25,40,30
782,152,2,2026-03-31,Delivered,14,2,30
783,152,2,2026-07-24,Delivered,22,3,30
784,152,2,2026-08-14,Delivered,21,20,0
785,152,2,2026-07-15,Delivered,14,36,30
786,152,2,2026-07-14,Delivered,10,11,30
787,152,2,2026-06-20,Delivered,25,49,15
788,152,2,2026-03-28,Delivered,15,39,15
789,153,2,2026-03-21,Delivered,26,45,30
790,153,2,2026-05-17,Delivered,28,31,0
791,153,2,2026-06-21,Delivered,18,26,0
792,153,2,2026-07-07,Delivered,15,14,15
793,153,2,2026-06-15,Delivered,25,1,30
794,153,2,2026-05-13,Delivered,28,40,0
795,153,2,2026-06-21,Delivered,14,11,0
796,153,2,2026-03-14,Delivered,11,33,15
797,153,2,2026-03-27,Delivered,27,36,15
798,154,4,2026-05-19,Delivered,26,26,0
799,154,4,2026-06-25,Delivered,26,50,0
800,154,4,2026-08-10,Delivered,29,38,30
801,155,5,2026-03-15,Delivered,16,8,15
802,155,5,2026-07-21,Delivered,11,31,30
803,155,5,2026-05-25,Delivered,26,36,0
804,155,5,2026-08-01,Delivered,25,50,15
805,155,5,2026-06-03,Delivered,17,2,0
806,155,5,2026-03-09,Delivered,29,19,15
807,156,1,2026-05-31,Delivered,11,19,0
808,156,1,2026-04-27,Delivered,10,17,0
809,156,1,2026-07-02,Delivered,19,22,30
810,157,5,2026-08-20,Delivered,11,35,0
811,157,5,2026-04-20,Delivered,12,30,30
812,157,5,2026-08-12,Delivered,12,41,30
813,157,5,2026-04-21,Delivered,17,47,0
814,157,5,2026-03-08,Delivered,11,26,0
815,157,5,2026-03-24,Delivered,29,0,15
816,157,5,2026-02-26,Delivered,20,12,15
817,157,5,2026-08-06,Delivered,12,24,0
818,157,5,2026-05-24,Delivered,29,9,30
819,157,5,2026-06-21,Delivered,25,25,0
820,158,1,2026-07-14,Delivered,11,9,15
821,158,1,2026-04-20,Delivered,20,33,15
822,158,1,2026-08-20,Delivered,20,39,15
823,158,1,2026-04-25,Delivered,29,29,15
824,158,1,2026-03-23,Delivered,13,10,15
825,159,4,2026-05-07,Delivered,28,22,0
826,159,4,2026-07-21,Delivered,10,6,15
827,159,4,2026-05-01,Delivered,16,48,30
828,159,4,2026-04-22,Delivered,18,8,30
829,159,4,2026-05-16,Delivered,27,30,30
830,159,4,2026-04-05,Delivered,12,36,15
831,160,5,2026-02-25,Delivered,16,49,30
832,160,5,2026-04-09,Delivered,18,15,30
833,160,5,2026-06-22,Delivered,26,11,30
834,160,5,2026-08-15,Delivered,21,21,30
835,160,5,2026-08-16,Delivered,22,13,0
836,160,5,2026-05-28,Delivered,13,22,0
837,160,5,2026-05-15,Delivered,16,49,30
838,161,1,2026-04-07,Delivered,24,21,15
839,162,5,2026-07-18,Delivered,24,24,0
840,162,5,2026-06-28,Delivered,29,39,30
841,162,5,2026-05-17,Delivered,26,29,0
842,162,5,2026-03-11,Delivered,27,46,30
843,162,5,2026-07-09,Delivered,20,8,15
844,162,5,2026-08-12,Delivered,12,19,0
845,162,5,2026-08-21,Delivered,16,16,15
846,162,5,2026-08-06,Delivered,11,41,30
847,163,3,2026-07-05,Delivered,14,39,30
848,163,3,2026-03-01,Delivered,22,6,0
849,163,3,2026-07-18,Delivered,30,26,0
850,163,3,2026-05-27,Delivered,15,21,30
851,163,3,2026-04-10,Delivered,17,46,0
852,163,3,2026-05-13,Delivered,13,43,30
853,164,1,2026-03-18,Delivered,11,25,0
854,164,1,2026-05-16,Delivered,19,30,0
855,164,1,2026-04-26,Delivered,15,2,15
856,164,1,2026-08-01,Delivered,14,45,15
857,164,1,2026-04-10,Delivered,29,24,15
858,164,1,2026-06-16,Delivered,14,28,30
859,164,1,2026-05-01,Delivered,29,25,0
860,164,1,2026-03-03,Delivered,26,7,0
861,165,2,2026-05-14,Delivered,10,24,30
862,165,2,2026-05-14,Delivered,12,43,0
863,165,2,2026-08-04,Delivered,21,44,15
864,166,5,2026-06-04,Delivered,11,47,30
865,166,5,2026-06-23,Delivered,16,37,15
866,166,5,2026-06-02,Delivered,14,14,15
867,166,5,2026-05-05,Delivered,20,3,15
868,166,5,2026-08-22,Delivered,24,11,0
869,166,5,2026-04-22,Delivered,18,30,0
870,166,5,2026-06-30,Delivered,16,15,30
871,166,5,2026-06-22,Delivered,30,15,0
872,166,5,2026-03-28,Delivered,28,24,15
873,167,3,2026-04-02,Delivered,27,42,15
874,167,3,2026-06-27,Delivered,14,50,0
875,167,3,2026-06-11,Delivered,27,28,0
876,167,3,2026-02-26,Delivered,19,1,0
877,168,5,2026-07-04,Delivered,12,13,0
878,168,5,2026-03-25,Delivered,19,13,15
879,168,5,2026-03-18,Delivered,14,36,30
880,168,5,2026-04-18,Delivered,30,33,0
881,168,5,2026-08-19,Delivered,12,12,15
882,168,5,2026-05-14,Delivered,18,31,30
883,168,5,2026-07-26,Delivered,13,5,0
884,168,5,2026-05-13,Delivered,29,10,15
885,168,5,2026-05-06,Delivered,13,7,0
886,169,3,2026-07-28,Delivered,18,48,0
887,169,3,2026-07-22,Delivered,14,18,15
888,169,3,2026-07-06,Delivered,12,25,15
889,169,3,2026-03-08,Delivered,13,35,15
890,169,3,2026-07-16,Delivered,20,47,0
891,169,3,2026-08-07,Delivered,25,29,0
892,169,3,2026-02-27,Delivered,23,7,15
893,169,3,2026-06-13,Delivered,28,29,30
894,170,3,2026-05-25,Delivered,13,44,30
895,170,3,2026-06-30,Delivered,25,34,15
896,170,3,2026-08-01,Delivered,16,20,30
897,170,3,2026-06-21,Delivered,26,28,15
898,170,3,2026-02-27,Delivered,13,2,30
899,170,3,2026-07-12,Delivered,22,6,30
900,170,3,2026-04-17,Delivered,27,17,15
901,170,3,2026-05-15,Delivered,12,34,15
902,170,3,2026-08-22,Delivered,29,46,15
903,170,3,2026-03-05,Delivered,24,20,0
904,171,5,2026-05-27,Delivered,17,32,15
905,171,5,2026-08-17,Delivered,27,36,30
906,171,5,2026-07-23,Delivered,21,4,30
907,171,5,2026-08-01,Delivered,22,11,0
908,171,5,2026-08-09,Delivered,21,6,0
909,171,5,2026-07-26,Delivered,28,25,30
910,171,5,2026-04-13,Delivered,28,38,30
911,172,3,2026-05-16,Delivered,18,30,30
912,172,3,2026-07-17,Delivered,30,49,15
913,172,3,2026-06-30,Delivered,23,40,0
914,172,3,2026-04-18,Delivered,27,30,0
915,172,3,2026-04-05,Delivered,28,10,15
916,172,3,2026-04-04,Delivered,14,17,15
917,172,3,2026-04-07,Delivered,13,36,30
918,173,2,2026-06-25,Delivered,13,27,0
919,173,2,2026-03-28,Delivered,22,26,0
920,173,2,2026-05-26,Delivered,24,48,15
921,173,2,2026-07-24,Delivered,26,23,15
922,173,2,2026-03-09,Delivered,26,30,30
923,174,2,2026-05-06,Delivered,27,7,0
924,175,4,2026-03-02,Delivered,29,1,15
925,175,4,2026-03-17,Delivered,30,29,0
926,175,4,2026-07-28,Delivered,30,47,0
927,176,2,2026-05-17,Delivered,15,23,30
928,176,2,2026-03-15,Delivered,14,27,0
929,176,2,2026-05-29,Delivered,18,44,30
930,176,2,2026-07-06,Delivered,12,2,0
931,176,2,2026-05-16,Delivered,21,24,15
932,176,2,2026-04-05,Delivered,24,3,0
933,177,5,2026-04-11,Delivered,22,43,30
934,177,5,2026-08-22,Delivered,17,17,30
935,177,5,2026-07-21,Delivered,11,20,0
936,178,2,2026-03-13,Delivered,17,23,15
937,178,2,2026-06-12,Delivered,13,23,30
938,178,2,2026-05-26,Delivered,20,37,15
939,178,2,2026-06-22,Delivered,23,29,15
940,178,2,2026-07-27,Delivered,15,17,15
941,179,5,2026-04-03,Delivered,29,40,0
942,179,5,2026-06-17,Delivered,23,9,15
943,179,5,2026-03-09,Delivered,13,31,15
944,179,5,2026-03-04,Delivered,23,49,30
945,179,5,2026-08-08,Delivered,20,25,30
946,179,5,2026-07-28,Delivered,11,15,30
947,179,5,2026-07-04,Delivered,21,48,15
948,180,1,2026-03-29,Delivered,19,19,30
949,180,1,2026-04-02,Delivered,26,35,15
950,181,2,2026-04-10,Delivered,17,8,15
951,181,2,2026-07-26,Delivered,20,5,30
952,181,2,2026-04-02,Delivered,16,48,0
953,181,2,2026-06-15,Delivered,12,30,30
954,182,4,2026-03-16,Delivered,24,27,15
955,182,4,2026-04-13,Delivered,27,6,0
956,182,4,2026-08-06,Delivered,12,48,0
957,182,4,2026-06-07,Delivered,16,8,15
958,182,4,2026-06-18,Delivered,11,22,15
959,183,4,2026-03-03,Delivered,24,15,15
960,183,4,2026-08-20,Delivered,25,13,15
961,183,4,2026-03-15,Delivered,23,21,15
962,183,4,2026-04-26,Delivered,27,43,30
963,183,4,2026-04-29,Delivered,12,33,30
964,183,4,2026-07-19,Delivered,23,33,15
965,183,4,2026-07-29,Delivered,30,27,15
966,183,4,2026-08-23,Delivered,19,27,30
967,184,5,2026-08-17,Delivered,28,1,15
968,184,5,2026-02-27,Delivered,24,18,0
969,184,5,2026-07-09,Delivered,14,25,0
970,184,5,2026-04-24,Delivered,16,11,15
971,184,5,2026-05-30,Delivered,17,14,15
972,184,5,2026-04-16,Delivered,27,15,15
973,184,5,2026-06-18,Delivered,25,22,0
974,184,5,2026-08-09,Delivered,24,34,0
975,184,5,2026-06-22,Delivered,11,33,15
976,185,2,2026-05-22,Delivered,29,20,30
977,185,2,2026-06-26,Delivered,25,2,15
978,185,2,2026-04-03,Delivered,25,28,0
979,185,2,2026-07-07,Delivered,30,33,30
980,185,2,2026-07-23,Delivered,21,49,0
981,185,2,2026-06-24,Delivered,29,41,0
982,185,2,2026-07-22,Delivered,15,32,0
983,185,2,2026-08-05,Delivered,28,38,0
984,185,2,2026-02-28,Delivered,27,45,15
985,186,5,2026-08-19,Delivered,18,43,30
986,186,5,2026-06-08,Delivered,18,34,30
987,186,5,2026-03-07,Delivered,29,0,15
988,186,5,2026-08-08,Delivered,26,37,0
989,186,5,2026-05-21,Delivered,28,49,0
990,186,5,2026-03-07,Delivered,10,38,15
991,186,5,2026-07-02,Delivered,23,29,15
992,187,5,2026-06-04,Delivered,13,44,0
993,187,5,2026-06-06,Delivered,15,33,0
994,187,5,2026-06-18,Delivered,25,15,0
995,188,4,2026-03-30,Delivered,10,15,0
996,188,4,2026-03-28,Delivered,12,49,30
997,188,4,2026-06-14,Delivered,16,25,0
998,188,4,2026-04-26,Delivered,30,2,30
999,189,3,2026-05-25,Delivered,25,35,15
1000,189,3,2026-04-29,Delivered,21,26,0
1001,189,3,2026-03-28,Delivered,30,36,30
1002,190,5,2026-05-09,Delivered,10,30,15
1003,190,5,2026-05-13,Delivered,29,6,15
1004,190,5,2026-06-27,Delivered,11,7,0
1005,190,5,2026-07-05,Delivered,20,46,15
1006,190,5,2026-07-22,Delivered,30,11,0
1007,190,5,2026-06-18,Delivered,23,18,15
1008,190,5,2026-05-14,Delivered,19,31,0
1009,190,5,2026-03-14,Delivered,25,1,15
1010,190,5,2026-04-13,Delivered,10,40,15
1011,190,5,2026-04-03,Delivered,21,39,15
1012,191,2,2026-03-24,Delivered,28,24,15
1013,191,2,2026-08-18,Delivered,28,35,0
1014,191,2,2026-07-31,Delivered,27,11,30
1015,191,2,2026-08-04,Delivered,10,34,30
1016,191,2,2026-07-15,Delivered,28,33,15
1017,191,2,2026-07-07,Delivered,28,14,15
1018,191,2,2026-04-13,Delivered,26,24,30
1019,192,1,2026-03-24,Delivered,28,44,30
1020,192,1,2026-03-14,Delivered,24,10,0
1021,192,1,2026-03-17,Delivered,14,7,0
1022,192,1,2026-08-16,Delivered,20,24,0
1023,192,1,2026-07-24,Delivered,10,29,30
1024,192,1,2026-04-11,Delivered,15,27,0
1025,192,1,2026-02-26,Delivered,29,29,0
1026,193,5,2026-04-24,Delivered,18,22,0
1027,194,2,2026-04-07,Delivered,17,43,30
1028,194,2,2026-03-21,Delivered,25,49,15
1029,194,2,2026-07-30,Delivered,23,48,30
1030,194,2,2026-03-07,Delivered,22,26,30
1031,194,2,2026-08-07,Delivered,23,32,30
1032,194,2,2026-05-12,Delivered,17,34,30
1033,194,2,2026-05-12,Delivered,30,29,15
1034,194,2,2026-07-16,Delivered,18,18,0
1035,194,2,2026-03-08,Delivered,15,22,0
1036,195,2,2026-02-26,Delivered,26,18,0
1037,195,2,2026-05-03,Delivered,28,28,0
1038,195,2,2026-07-25,Delivered,17,30,30
1039,195,2,2026-04-09,Delivered,28,7,15
1040,195,2,2026-07-02,Delivered,12,31,30
1041,195,2,2026-05-17,Delivered,23,24,0
1042,196,1,2026-03-23,Delivered,18,12,30
1043,197,2,2026-06-28,Delivered,20,12,15
1044,197,2,2026-02-25,Delivered,15,24,0
1045,197,2,2026-03-16,Delivered,21,17,0
1046,197,2,2026-05-26,Delivered,16,6,15
1047,197,2,2026-08-01,Delivered,30,43,15
1048,197,2,2026-03-20,Delivered,18,44,15
1049,197,2,2026-03-12,Delivered,15,14,0
1050,197,2,2026-06-07,Delivered,21,24,15
1051,198,2,2026-04-27,Delivered,26,23,30
1052,198,2,2026-06-29,Delivered,19,11,15
1053,198,2,2026-07-25,Delivered,18,10,15
1054,198,2,2026-04-07,Delivered,14,2,0
1055,198,2,2026-07-07,Delivered,23,10,15
1056,198,2,2026-05-20,Delivered,14,35,0
1057,198,2,2026-08-14,Delivered,21,3,0
1058,198,2,2026-07-05,Delivered,24,25,15
1059,198,2,2026-06-04,Delivered,23,46,15
1060,199,4,2026-03-05,Delivered,21,28,15
1061,199,4,2026-02-27,Delivered,20,42,15
1062,200,3,2026-03-16,Delivered,17,3,15
1063,200,3,2026-07-23,Delivered,17,27,15
1064,200,3,2026-06-07,Delivered,29,40,0
1065,200,3,2026-05-14,Delivered,11,3,0
1066,200,3,2026-08-12,Delivered,18,33,0
1067,200,3,2026-08-16,Delivered,12,33,0
1068,201,4,2026-06-17,Delivered,27,12,30
1069,201,4,2026-05-30,Delivered,21,3,0
1070,202,1,2026-05-25,Delivered,17,27,0
1071,202,1,2026-05-28,Delivered,16,41,15
1072,202,1,2026-07-20,Delivered,22,45,15
1073,202,1,2026-06-29,Delivered,27,46,30
1074,202,1,2026-07-26,Delivered,12,30,30
1075,202,1,2026-06-16,Delivered,28,4,30
1076,202,1,2026-06-26,Delivered,20,8,30
1077,202,1,2026-07-02,Delivered,16,50,15
1078,203,1,2026-03-09,Delivered,18,34,30
1079,203,1,2026-05-08,Delivered,23,5,0
1080,203,1,2026-03-16,Delivered,17,9,30
1081,203,1,2026-05-24,Delivered,26,31,15
1082,203,1,2026-03-25,Delivered,29,32,30
1083,204,5,2026-08-23,Delivered,15,40,15
1084,204,5,2026-05-03,Delivered,10,41,15
1085,204,5,2026-04-25,Delivered,25,50,30
1086,204,5,2026-05-27,Delivered,23,12,15
1087,205,1,2026-06-28,Delivered,30,37,30
1088,205,1,2026-08-14,Delivered,17,19,0
1089,205,1,2026-07-18,Delivered,25,9,15
1090,206,2,2026-04-22,Delivered,15,37,0
1091,206,2,2026-03-23,Delivered,15,18,0
1092,206,2,2026-06-08,Delivered,17,49,30
1093,206,2,2026-05-30,Delivered,30,35,30
1094,206,2,2026-03-14,Delivered,10,48,15
1095,206,2,2026-06-05,Delivered,23,43,30
1096,206,2,2026-05-19,Delivered,11,50,30
1097,206,2,2026-07-18,Delivered,23,3,0
1098,207,2,2026-07-21,Delivered,25,34,30
1099,207,2,2026-02-28,Delivered,14,20,0
1100,207,2,2026-06-27,Delivered,19,38,15
1101,207,2,2026-06-08,Delivered,18,13,0
1102,207,2,2026-07-15,Delivered,22,6,30
1103,208,4,2026-08-04,Delivered,12,34,15
1104,208,4,2026-05-22,Delivered,22,1,30
1105,209,4,2026-03-18,Delivered,20,48,0
1106,209,4,2026-06-12,Delivered,23,45,15
1107,210,4,2026-03-10,Delivered,13,27,15
1108,210,4,2026-05-08,Delivered,14,7,15
1109,211,1,2026-06-17,Delivered,28,2,0
1110,211,1,2026-05-07,Delivered,29,4,0
1111,211,1,2026-03-14,Delivered,10,41,0
1112,211,1,2026-07-18,Delivered,11,18,30
1113,212,5,2026-04-13,Delivered,24,18,0
1114,212,5,2026-07-26,Delivered,17,39,15
1115,212,5,2026-07-15,Delivered,23,5,0
1116,212,5,2026-04-02,Delivered,28,4,0
1117,212,5,2026-06-09,Delivered,25,16,15
1118,212,5,2026-06-16,Delivered,24,9,30
1119,212,5,2026-05-15,Delivered,25,1,0
1120,212,5,2026-05-24,Delivered,17,27,15
1121,212,5,2026-04-21,Delivered,21,13,30
1122,212,5,2026-05-14,Delivered,15,34,15
1123,213,5,2026-05-24,Delivered,19,34,15
1124,213,5,2026-03-05,Delivered,17,14,30
1125,213,5,2026-04-08,Delivered,12,11,30
1126,213,5,2026-08-22,Delivered,25,24,0
1127,213,5,2026-08-12,Delivered,29,48,0
1128,214,5,2026-05-23,Delivered,26,18,0
1129,215,1,2026-08-03,Delivered,27,3,15
1130,215,1,2026-07-17,Delivered,26,1,15
1131,215,1,2026-03-26,Delivered,28,48,15
1132,215,1,2026-02-28,Delivered,12,49,0
1133,215,1,2026-07-29,Delivered,17,7,15
1134,215,1,2026-04-17,Delivered,15,11,30
1135,215,1,2026-04-23,Delivered,18,16,0
1136,215,1,2026-06-29,Delivered,11,31,30
1137,216,1,2026-03-07,Delivered,28,11,15
1138,216,1,2026-03-04,Delivered,24,49,30
1139,216,1,2026-08-01,Delivered,22,6,15
1140,216,1,2026-06-06,Delivered,25,2,0
1141,216,1,2026-07-24,Delivered,23,33,15
1142,216,1,2026-03-04,Delivered,11,1,0
1143,216,1,2026-07-21,Delivered,27,39,15
1144,216,1,2026-04-25,Delivered,10,19,15
1145,216,1,2026-05-25,Delivered,12,14,15
1146,216,1,2026-06-03,Delivered,29,22,30
1147,217,2,2026-08-10,Delivered,20,20,0
1148,217,2,2026-03-07,Delivered,27,39,15
1149,217,2,2026-06-15,Delivered,19,40,0
1150,217,2,2026-05-07,Delivered,24,22,15
1151,217,2,2026-06-21,Delivered,10,50,0
1152,217,2,2026-08-09,Delivered,29,7,30
1153,217,2,2026-05-17,Delivered,23,40,0
1154,217,2,2026-05-28,Delivered,29,5,15
1155,217,2,2026-05-06,Delivered,21,20,15
1156,217,2,2026-05-26,Delivered,28,25,30
1157,218,3,2026-03-26,Delivered,13,31,15
1158,218,3,2026-07-03,Delivered,17,26,15
1159,218,3,2026-04-05,Delivered,12,42,0
1160,218,3,2026-04-29,Delivered,28,15,15
1161,218,3,2026-06-06,Delivered,13,6,15
1162,218,3,2026-08-22,Delivered,21,24,0
1163,218,3,2026-08-09,Delivered,26,3,30
1164,218,3,2026-08-12,Delivered,23,38,15
1165,218,3,2026-04-19,Delivered,11,35,15
1166,219,5,2026-07-21,Delivered,27,34,30
1167,219,5,2026-06-29,Delivered,30,23,15
1168,220,5,2026-04-27,Delivered,28,21,0
1169,220,5,2026-06-18,Delivered,30,10,15
1170,220,5,2026-06-05,Delivered,11,14,15
1171,220,5,2026-05-05,Delivered,25,0,30
1172,220,5,2026-06-16,Delivered,14,47,15
1173,220,5,2026-07-27,Delivered,30,5,15
1174,220,5,2026-06-19,Delivered,19,3,15
1175,221,4,2026-06-24,Delivered,19,20,15
1176,221,4,2026-05-04,Delivered,25,15,15
1177,221,4,2026-06-22,Delivered,26,13,0
1178,221,4,2026-07-18,Delivered,10,44,0
1179,221,4,2026-04-25,Delivered,20,15,15
1180,221,4,2026-03-08,Delivered,17,45,0
1181,221,4,2026-06-06,Delivered,13,41,0
1182,221,4,2026-03-15,Delivered,24,48,30
1183,221,4,2026-06-18,Delivered,17,47,0
1184,222,1,2026-05-15,Delivered,23,28,0
1185,222,1,2026-03-22,Delivered,20,29,15
1186,222,1,2026-07-27,Delivered,17,50,15
1187,222,1,2026-06-26,Delivered,22,38,15
1188,222,1,2026-08-11,Delivered,17,24,30
1189,223,4,2026-05-23,Delivered,13,3,0
1190,223,4,2026-07-02,Delivered,23,48,0
1191,223,4,2026-08-17,Delivered,23,50,30
1192,223,4,2026-06-19,Delivered,30,4,15
1193,223,4,2026-03-29,Delivered,29,0,0
1194,223,4,2026-03-07,Delivered,15,47,30
1195,223,4,2026-05-05,Delivered,23,41,30
1196,223,4,2026-04-12,Delivered,29,3,0
1197,224,4,2026-07-01,Delivered,24,22,15
1198,224,4,2026-07-29,Delivered,15,49,0
1199,224,4,2026-04-20,Delivered,24,35,0
1200,224,4,2026-05-19,Delivered,30,28,15
1201,224,4,2026-06-30,Delivered,25,35,15
1202,224,4,2026-07-12,Delivered,13,16,30
1203,224,4,2026-07-22,Delivered,11,10,0
1204,224,4,2026-05-26,Delivered,12,33,0
1205,224,4,2026-07-19,Delivered,28,24,15
1206,224,4,2026-04-30,Delivered,26,32,15
1207,225,5,2026-08-19,Delivered,28,14,0
1208,225,5,2026-07-17,Delivered,21,8,30
1209,225,5,2026-04-19,Delivered,26,9,15
1210,225,5,2026-08-17,Delivered,21,39,0
1211,226,5,2026-03-02,Delivered,11,15,30
1212,226,5,2026-08-09,Delivered,23,14,30
1213,227,3,2026-06-22,Delivered,12,18,0
1214,227,3,2026-06-18,Delivered,24,32,30
1215,227,3,2026-03-13,Delivered,19,35,30
1216,227,3,2026-04-22,Delivered,13,28,15
1217,227,3,2026-06-29,Delivered,30,39,15
1218,227,3,2026-02-28,Delivered,21,32,0
1219,227,3,2026-07-12,Delivered,11,6,0
1220,227,3,2026-07-20,Delivered,18,48,0
1221,227,3,2026-05-28,Delivered,18,4,30
1222,228,3,2026-06-02,Delivered,15,3,0
1223,228,3,2026-06-07,Delivered,26,28,0
1224,228,3,2026-04-30,Delivered,27,20,30
1225,228,3,2026-05-13,Delivered,13,26,15
1226,228,3,2026-07-31,Delivered,14,2,15
1227,228,3,2026-02-27,Delivered,24,28,15
1228,228,3,2026-05-20,Delivered,17,1,0
1229,229,4,2026-06-03,Delivered,29,4,30
1230,229,4,2026-06-24,Delivered,23,3,30
1231,229,4,2026-07-31,Delivered,10,38,15
1232,229,4,2026-05-24,Delivered,17,37,15
1233,229,4,2026-04-17,Delivered,24,8,0
1234,229,4,2026-06-28,Delivered,18,36,30
1235,230,1,2026-03-19,Delivered,30,28,0
1236,230,1,2026-06-07,Delivered,25,48,30
1237,230,1,2026-06-30,Delivered,20,36,15
1238,230,1,2026-07-12,Delivered,23,3,15
1239,230,1,2026-05-30,Delivered,23,50,0
1240,230,1,2026-08-19,Delivered,17,9,15
1241,230,1,2026-07-29,Delivered,20,41,0
1242,230,1,2026-08-09,Delivered,15,10,30
1243,231,2,2026-03-09,Delivered,23,11,30
1244,231,2,2026-08-14,Delivered,26,50,15
1245,231,2,2026-02-25,Delivered,14,16,30
1246,231,2,2026-06-30,Delivered,20,16,30
1247,232,4,2026-04-15,Delivered,25,15,30
1248,232,4,2026-07-27,Delivered,29,23,0
1249,232,4,2026-07-12,Delivered,22,43,30
1250,232,4,2026-03-31,Delivered,16,8,15
1251,233,1,2026-05-12,Delivered,18,30,30
1252,233,1,2026-04-02,Delivered,16,47,15
1253,233,1,2026-02-25,Delivered,20,24,15
1254,233,1,2026-05-17,Delivered,16,35,15
1255,233,1,2026-02-26,Delivered,21,43,30
1256,233,1,2026-03-04,Delivered,18,27,30
1257,233,1,2026-06-08,Delivered,22,17,15
1258,233,1,2026-04-23,Delivered,13,34,15
1259,234,3,2026-06-05,Delivered,26,40,30
1260,234,3,2026-08-09,Delivered,17,42,0
1261,234,3,2026-03-29,Delivered,19,15,0
1262,234,3,2026-04-03,Delivered,30,41,30
1263,234,3,2026-03-24,Delivered,20,19,0
1264,234,3,2026-04-02,Delivered,28,30,0
1265,235,4,2026-08-10,Delivered,30,23,30
1266,235,4,2026-06-02,Delivered,19,44,30
1267,235,4,2026-05-30,Delivered,12,21,0
1268,235,4,2026-08-21,Delivered,29,31,0
1269,235,4,2026-05-03,Delivered,15,19,15
1270,235,4,2026-07-01,Delivered,11,47,15
1271,235,4,2026-06-19,Delivered,22,46,30
1272,235,4,2026-07-02,Delivered,23,32,30
1273,235,4,2026-05-16,Delivered,25,13,0
1274,235,4,2026-07-27,Delivered,15,46,30
1275,236,4,2026-04-16,Delivered,17,33,0
1276,236,4,2026-06-13,Delivered,10,26,30
1277,236,4,2026-08-14,Delivered,14,29,30
1278,236,4,2026-05-31,Delivered,29,40,0
1279,236,4,2026-07-21,Delivered,19,22,15
1280,236,4,2026-02-28,Delivered,21,4,0
1281,236,4,2026-08-01,Delivered,18,17,0
1282,236,4,2026-07-09,Delivered,30,26,30
1283,236,4,2026-03-13,Delivered,14,29,15
1284,236,4,2026-04-06,Delivered,16,30,30
1285,237,2,2026-06-25,Delivered,10,28,15
1286,238,4,2026-08-23,Delivered,28,6,30
1287,238,4,2026-05-25,Delivered,10,26,30
1288,238,4,2026-07-02,Delivered,29,8,15
1289,238,4,2026-04-16,Delivered,17,12,15
1290,238,4,2026-05-13,Delivered,27,49,15
1291,238,4,2026-03-21,Delivered,24,40,30
1292,238,4,2026-06-09,Delivered,22,31,15
1293,238,4,2026-06-01,Delivered,30,17,0
1294,238,4,2026-06-21,Delivered,21,37,0
1295,238,4,2026-07-16,Delivered,28,8,0
1296,239,2,2026-05-25,Delivered,30,34,30
1297,239,2,2026-08-15,Delivered,25,4,15
1298,240,5,2026-03-16,Delivered,17,50,15
1299,240,5,2026-04-05,Delivered,26,40,15
1300,240,5,2026-03-16,Delivered,21,28,30
1301,240,5,2026-05-03,Delivered,24,8,15
1302,240,5,2026-04-01,Delivered,18,8,30
1303,240,5,2026-06-16,Delivered,10,46,15
1304,241,4,2026-05-07,Delivered,21,7,0
1305,242,3,2026-05-26,Delivered,13,10,15
1306,243,1,2026-04-13,Delivered,24,15,0
1307,243,1,2026-04-27,Delivered,22,31,30
1308,243,1,2026-04-11,Delivered,27,18,15
1309,243,1,2026-03-14,Delivered,29,43,15
1310,243,1,2026-06-19,Delivered,24,39,30
1311,243,1,2026-06-12,Delivered,12,15,0
1312,243,1,2026-03-17,Delivered,18,33,0
1313,244,4,2026-07-23,Delivered,28,20,30
1314,244,4,2026-03-26,Delivered,21,6,0
1315,244,4,2026-04-12,Delivered,25,29,30
1316,244,4,2026-03-16,Delivered,11,7,30
1317,244,4,2026-03-06,Delivered,11,8,0
1318,244,4,2026-03-20,Delivered,29,3,15
1319,244,4,2026-08-19,Delivered,20,21,30
1320,245,4,2026-03-17,Delivered,18,30,30
1321,245,4,2026-06-15,Delivered,11,12,30
1322,245,4,2026-07-10,Delivered,16,32,0
1323,245,4,2026-04-29,Delivered,10,38,30
1324,246,2,2026-04-15,Delivered,29,44,30
1325,246,2,2026-03-24,Delivered,10,27,30
1326,246,2,2026-05-08,Delivered,12,8,30
1327,246,2,2026-04-16,Delivered,18,29,30
1328,246,2,2026-05-10,Delivered,16,1,15
1329,246,2,2026-05-16,Delivered,24,31,30
1330,246,2,2026-05-14,Delivered,26,3,15
1331,246,2,2026-06-26,Delivered,30,12,0
1332,246,2,2026-04-12,Delivered,23,48,0
1333,246,2,2026-05-11,Delivered,10,8,30
1334,247,1,2026-06-20,Delivered,13,27,15
1335,248,2,2026-04-07,Delivered,20,30,30
1336,248,2,2026-07-20,Delivered,14,41,30
1337,249,2,2026-03-31,Delivered,25,20,15
1338,249,2,2026-08-10,Delivered,15,27,15
1339,250,2,2026-05-04,Delivered,29,4,15
1340,250,2,2026-07-21,Delivered,17,6,0
1341,250,2,2026-05-20,Delivered,10,15,15
1342,250,2,2026-05-29,Delivered,12,38,0
1343,250,2,2026-04-13,Delivered,16,39,15
1344,250,2,2026-08-02,Delivered,25,44,0
1345,250,2,2026-05-24,Delivered,27,9,30
1346,250,2,2026-06-14,Delivered,13,34,15
1347,251,4,2026-07-06,Delivered,28,31,0
1348,251,4,2026-08-23,Delivered,29,30,30
1349,251,4,2026-06-26,Delivered,28,1,30
1350,252,3,2026-04-15,Delivered,24,44,30
1351,253,4,2026-02-28,Delivered,28,46,0
1352,253,4,2026-03-03,Delivered,29,49,0
1353,253,4,2026-07-20,Delivered,14,32,0
1354,254,2,2026-05-14,Delivered,19,10,30
1355,254,2,2026-07-23,Delivered,28,41,0
1356,254,2,2026-06-16,Delivered,27,24,0
1357,255,4,2026-04-16,Delivered,19,44,0
1358,255,4,2026-03-27,Delivered,23,26,0
1359,255,4,2026-08-18,Delivered,20,16,15
1360,255,4,2026-07-11,Delivered,24,41,15
1361,255,4,2026-03-18,Delivered,30,37,15
1362,255,4,2026-08-05,Delivered,17,32,0
1363,255,4,2026-02-25,Delivered,29,35,0
1364,255,4,2026-04-16,Delivered,26,7,15
1365,256,1,2026-05-19,Delivered,22,12,30
1366,256,1,2026-03-13,Delivered,16,27,0
1367,257,4,2026-08-12,Delivered,24,20,30
1368,257,4,2026-05-05,Delivered,30,20,15
1369,257,4,2026-06-07,Delivered,25,7,30
1370,257,4,2026-02-25,Delivered,10,10,30
1371,257,4,2026-08-01,Delivered,15,32,15
1372,257,4,2026-07-11,Delivered,27,43,0
1373,257,4,2026-06-21,Delivered,23,44,0
1374,258,2,2026-07-08,Delivered,26,32,30
1375,258,2,2026-05-21,Delivered,30,11,30
1376,258,2,2026-08-01,Delivered,19,38,30
1377,259,2,2026-03-06,Delivered,21,22,15
1378,259,2,2026-05-08,Delivered,16,13,15
1379,259,2,2026-07-13,Delivered,16,26,15
1380,259,2,2026-08-03,Delivered,19,2,0
1381,259,2,2026-05-26,Delivered,24,24,15
1382,259,2,2026-06-10,Delivered,25,1,0
1383,259,2,2026-05-20,Delivered,29,20,30
1384,259,2,2026-06-26,Delivered,20,30,15
1385,259,2,2026-04-25,Delivered,13,1,30
1386,259,2,2026-06-13,Delivered,28,4,15
1387,260,3,2026-04-20,Delivered,18,22,30
1388,260,3,2026-07-10,Delivered,28,20,30
1389,261,5,2026-07-22,Delivered,27,30,15
1390,261,5,2026-05-10,Delivered,12,8,0
1391,261,5,2026-05-20,Delivered,10,6,30
1392,261,5,2026-05-16,Delivered,21,26,15
1393,261,5,2026-08-11,Delivered,16,1,15
1394,261,5,2026-05-18,Delivered,18,3,30
1395,261,5,2026-06-10,Delivered,20,44,0
1396,261,5,2026-07-19,Delivered,20,26,30
1397,262,3,2026-07-07,Delivered,13,44,30
1398,262,3,2026-03-09,Delivered,30,19,0
1399,262,3,2026-04-08,Delivered,12,7,15
1400,262,3,2026-07-05,Delivered,30,40,15
1401,262,3,2026-05-13,Delivered,12,19,30
1402,262,3,2026-08-23,Delivered,26,42,15
1403,263,3,2026-08-19,Delivered,25,28,15
1404,263,3,2026-05-02,Delivered,17,13,15
1405,263,3,2026-06-13,Delivered,21,25,0
1406,263,3,2026-03-29,Delivered,29,19,30
1407,263,3,2026-04-28,Delivered,27,33,30
1408,263,3,2026-05-24,Delivered,12,27,0
1409,263,3,2026-07-23,Delivered,10,22,0
1410,263,3,2026-08-02,Delivered,28,10,15
1411,264,3,2026-07-22,Delivered,18,23,0
1412,264,3,2026-04-26,Delivered,28,39,0
1413,264,3,2026-07-11,Delivered,10,37,30
1414,265,5,2026-06-30,Delivered,18,42,30
1415,265,5,2026-07-08,Delivered,17,27,0
1416,265,5,2026-02-25,Delivered,20,26,0
1417,265,5,2026-08-02,Delivered,13,23,30
1418,265,5,2026-03-08,Delivered,30,30,0
1419,266,5,2026-03-05,Delivered,18,29,15
1420,266,5,2026-06-25,Delivered,11,33,30
1421,266,5,2026-05-13,Delivered,16,0,0
1422,266,5,2026-04-30,Delivered,26,9,30
1423,266,5,2026-04-09,Delivered,23,24,30
1424,266,5,2026-07-25,Delivered,20,20,0
1425,266,5,2026-04-25,Delivered,14,10,0
1426,266,5,2026-07-21,Delivered,13,48,15
1427,267,4,2026-03-04,Delivered,14,45,0
1428,267,4,2026-06-28,Delivered,27,14,30
1429,267,4,2026-06-22,Delivered,12,25,15
1430,267,4,2026-05-08,Delivered,11,50,15
1431,267,4,2026-05-04,Delivered,22,22,30
1432,267,4,2026-05-26,Delivered,28,24,0
1433,267,4,2026-05-22,Delivered,20,45,15
1434,267,4,2026-07-18,Delivered,23,34,30
1435,267,4,2026-08-16,Delivered,20,42,0
1436,268,3,2026-03-02,Delivered,19,3,0
1437,268,3,2026-08-22,Delivered,27,36,30
1438,268,3,2026-04-17,Delivered,25,12,15
1439,268,3,2026-08-13,Delivered,11,41,30
1440,269,4,2026-05-01,Delivered,17,35,0
1441,269,4,2026-03-31,Delivered,22,14,30
1442,269,4,2026-03-11,Delivered,19,46,30
1443,269,4,2026-05-19,Delivered,21,14,30
1444,269,4,2026-04-21,Delivered,29,41,0
1445,269,4,2026-05-01,Delivered,25,11,15
1446,269,4,2026-03-04,Delivered,20,47,15
1447,269,4,2026-04-26,Delivered,11,33,15
1448,269,4,2026-08-09,Delivered,27,4,30
1449,269,4,2026-05-02,Delivered,18,13,15
1450,270,5,2026-07-28,Delivered,27,21,30
1451,270,5,2026-08-06,Delivered,15,47,0
1452,270,5,2026-07-03,Delivered,23,12,15
1453,270,5,2026-05-16,Delivered,19,18,15
1454,270,5,2026-07-12,Delivered,22,4,30
1455,270,5,2026-08-01,Delivered,22,26,15
1456,270,5,2026-04-06,Delivered,26,33,30
1457,270,5,2026-03-28,Delivered,20,33,0
1458,270,5,2026-08-01,Delivered,21,13,30
1459,271,2,2026-08-07,Delivered,19,22,30
1460,271,2,2026-03-10,Delivered,14,39,15
1461,271,2,2026-03-30,Delivered,12,9,15
1462,271,2,2026-06-26,Delivered,26,1,0
1463,271,2,2026-07-20,Delivered,22,27,15
1464,271,2,2026-04-14,Delivered,21,7,30
1465,272,4,2026-07-09,Delivered,14,18,15
1466,272,4,2026-02-27,Delivered,22,4,0
1467,272,4,2026-08-16,Delivered,19,48,30
1468,272,4,2026-06-05,Delivered,28,46,0
1469,273,2,2026-07-12,Delivered,23,13,15
1470,273,2,2026-07-30,Delivered,20,22,30
1471,273,2,2026-06-25,Delivered,25,4,30
1472,273,2,2026-05-11,Delivered,10,29,0
1473,273,2,2026-08-15,Delivered,17,2,30
1474,273,2,2026-07-13,Delivered,22,9,0
1475,273,2,2026-06-10,Delivered,16,12,0
1476,273,2,2026-06-09,Delivered,26,24,0
1477,274,3,2026-06-01,Delivered,13,38,30
1478,274,3,2026-05-17,Delivered,26,19,30
1479,274,3,2026-04-12,Delivered,29,21,0
1480,274,3,2026-03-06,Delivered,27,33,15
1481,275,2,2026-05-28,Delivered,28,6,15
1482,275,2,2026-08-18,Delivered,30,10,0
1483,275,2,2026-05-28,Delivered,20,32,30
1484,275,2,2026-03-17,Delivered,15,39,0
1485,276,1,2026-08-20,Delivered,17,12,30
1486,276,1,2026-08-02,Delivered,12,4,15
1487,276,1,2026-05-10,Delivered,11,23,30
1488,276,1,2026-06-16,Delivered,28,11,30
1489,277,5,2026-07-24,Delivered,19,22,15
1490,277,5,2026-04-03,Delivered,22,17,30
1491,277,5,2026-03-08,Delivered,27,38,15
1492,277,5,2026-03-14,Delivered,26,38,15
1493,277,5,2026-05-10,Delivered,10,17,15
1494,278,4,2026-05-20,Delivered,20,25,30
1495,278,4,2026-02-25,Delivered,25,46,30
1496,278,4,2026-05-19,Delivered,17,16,15
1497,279,1,2026-02-25,Delivered,20,25,15
1498,279,1,2026-03-25,Delivered,27,0,15
1499,279,1,2026-08-08,Delivered,15,5,15
1500,279,1,2026-03-20,Delivered,14,31,15
1501,279,1,2026-08-10,Delivered,20,21,30
1502,279,1,2026-07-14,Delivered,19,31,0
1503,280,3,2026-06-17,Delivered,29,38,0
1504,280,3,2026-04-16,Delivered,20,12,0
1505,281,4,2026-02-26,Delivered,14,19,30
1506,281,4,2026-04-25,Delivered,13,25,30
1507,281,4,2026-08-16,Delivered,16,10,0
1508,281,4,2026-05-04,Delivered,22,32,30
1509,281,4,2026-03-29,Delivered,14,16,30
1510,281,4,2026-03-21,Delivered,21,18,0
1511,282,4,2026-06-20,Delivered,11,48,15
1512,282,4,2026-04-14,Delivered,25,45,15
1513,282,4,2026-06-06,Delivered,12,26,0
1514,282,4,2026-07-26,Delivered,23,25,30
1515,282,4,2026-08-22,Delivered,19,39,0
1516,282,4,2026-08-05,Delivered,17,7,30
1517,282,4,2026-04-03,Delivered,14,29,30
1518,282,4,2026-03-25,Delivered,24,8,30
1519,283,2,2026-06-08,Delivered,21,28,0
1520,283,2,2026-03-05,Delivered,12,27,30
1521,283,2,2026-06-13,Delivered,26,27,15
1522,283,2,2026-07-25,Delivered,21,49,30
1523,283,2,2026-06-06,Delivered,12,20,15
1524,283,2,2026-03-17,Delivered,19,50,15
1525,283,2,2026-04-16,Delivered,10,48,0
1526,283,2,2026-07-02,Delivered,25,30,15
1527,284,3,2026-04-22,Delivered,26,28,30
1528,284,3,2026-05-01,Delivered,29,0,15
1529,285,2,2026-06-21,Delivered,21,17,0
1530,285,2,2026-07-07,Delivered,21,11,15
1531,285,2,2026-03-10,Delivered,26,35,0
1532,285,2,2026-04-01,Delivered,12,15,15
1533,285,2,2026-06-26,Delivered,10,50,15
1534,285,2,2026-07-06,Delivered,16,10,0
1535,286,5,2026-05-11,Delivered,18,1,30
1536,286,5,2026-07-26,Delivered,10,1,15
1537,287,4,2026-03-14,Delivered,18,16,15
1538,287,4,2026-05-17,Delivered,22,1,0
1539,287,4,2026-03-08,Delivered,28,37,30
1540,287,4,2026-03-16,Delivered,18,30,30
1541,287,4,2026-05-23,Delivered,14,1,30
1542,287,4,2026-05-19,Delivered,22,48,30
1543,287,4,2026-08-12,Delivered,13,17,0
1544,287,4,2026-08-22,Delivered,22,12,0
1545,287,4,2026-07-14,Delivered,13,5,15
1546,287,4,2026-06-06,Delivered,15,17,30
1547,288,5,2026-05-11,Delivered,22,5,0
1548,289,2,2026-04-09,Delivered,24,41,15
1549,289,2,2026-04-14,Delivered,29,27,15
1550,289,2,2026-08-13,Delivered,20,9,30
1551,289,2,2026-03-19,Delivered,12,36,30
1552,289,2,2026-05-20,Delivered,12,10,0
1553,289,2,2026-03-22,Delivered,24,50,30
1554,289,2,2026-07-22,Delivered,23,2,15
1555,289,2,2026-08-08,Delivered,19,7,30
1556,290,3,2026-04-17,Delivered,21,1,30
1557,290,3,2026-08-17,Delivered,28,42,30
1558,290,3,2026-03-04,Delivered,18,47,0
1559,290,3,2026-03-02,Delivered,27,4,0
1560,290,3,2026-07-09,Delivered,27,48,15
1561,291,3,2026-04-19,Delivered,17,8,30
1562,291,3,2026-06-28,Delivered,27,22,30
1563,292,1,2026-07-01,Delivered,25,39,0
1564,292,1,2026-02-25,Delivered,24,8,15
1565,292,1,2026-03-30,Delivered,25,3,30
1566,292,1,2026-08-05,Delivered,13,44,0
1567,292,1,2026-04-13,Delivered,26,5,30
1568,292,1,2026-06-08,Delivered,20,47,15
1569,292,1,2026-04-06,Delivered,13,15,0
1570,293,1,2026-06-30,Delivered,10,10,0
1571,293,1,2026-08-06,Delivered,24,38,15
1572,293,1,2026-03-31,Delivered,27,2,0
1573,293,1,2026-07-21,Delivered,10,20,15
1574,293,1,2026-04-29,Delivered,13,13,0
1575,293,1,2026-03-13,Delivered,11,10,15
1576,294,2,2026-06-18,Delivered,30,8,0
1577,294,2,2026-07-16,Delivered,12,33,0
1578,294,2,2026-03-17,Delivered,19,33,15
1579,294,2,2026-04-06,Delivered,21,26,30
1580,294,2,2026-04-13,Delivered,23,38,30
1581,294,2,2026-03-21,Delivered,25,48,15
1582,294,2,2026-06-05,Delivered,13,5,15
1583,294,2,2026-03-31,Delivered,21,13,0
1584,294,2,2026-07-15,Delivered,15,17,30
1585,295,5,2026-03-26,Delivered,21,35,0
1586,295,5,2026-04-20,Delivered,27,33,0
1587,295,5,2026-03-22,Delivered,14,30,0
1588,295,5,2026-06-08,Delivered,16,24,15
1589,295,5,2026-06-29,Delivered,24,50,30
1590,295,5,2026-07-01,Delivered,24,46,30
1591,295,5,2026-06-14,Delivered,25,18,30
1592,295,5,2026-07-17,Delivered,16,9,0
1593,295,5,2026-04-07,Delivered,29,47,0
1594,296,4,2026-04-01,Delivered,24,5,0
1595,296,4,2026-03-27,Delivered,22,48,0
1596,296,4,2026-08-01,Delivered,22,19,0
1597,296,4,2026-08-23,Delivered,15,40,30
1598,296,4,2026-06-04,Delivered,17,36,15
1599,297,5,2026-05-03,Delivered,23,50,0
1600,297,5,2026-04-08,Delivered,22,9,15
1601,297,5,2026-02-27,Delivered,16,5,15
1602,297,5,2026-05-03,Delivered,12,28,15
1603,297,5,2026-03-19,Delivered,13,10,0
1604,297,5,2026-06-01,Delivered,27,46,0
1605,298,4,2026-07-20,Delivered,18,5,15
1606,299,4,2026-07-01,Delivered,27,40,15
1607,300,3,2026-08-20,Delivered,24,6,30
1608,300,3,2026-06-04,Delivered,12,27,30
1609,300,3,2026-08-18,Delivered,12,15,30
1610,300,3,2026-03-09,Delivered,20,36,15
1611,300,3,2026-03-15,Delivered,12,5,15
1612,300,3,2026-07-16,Delivered,17,32,0
1613,300,3,2026-05-31,Delivered,17,3,0
1614,301,1,2026-05-05,Delivered,11,25,0
1615,301,1,2026-03-06,Delivered,14,35,30
1616,301,1,2026-05-02,Delivered,25,33,15
1617,301,1,2026-04-21,Delivered,12,49,30
1618,301,1,2026-06-19,Delivered,23,8,30
1619,301,1,2026-04-01,Delivered,25,14,0
1620,301,1,2026-05-19,Delivered,16,6,30
1621,301,1,2026-03-08,Delivered,19,40,0
1622,301,1,2026-06-25,Delivered,15,9,0
1623,302,5,2026-08-10,Delivered,14,44,30
1624,303,3,2026-06-26,Delivered,19,40,0
1625,303,3,2026-03-23,Delivered,20,26,0
1626,303,3,2026-05-26,Delivered,13,50,15
1627,303,3,2026-05-26,Delivered,25,20,0
1628,304,3,2026-07-18,Delivered,26,20,15
1629,305,2,2026-04-28,Delivered,27,21,30
1630,306,4,2026-04-17,Delivered,30,45,30
1631,306,4,2026-05-22,Delivered,12,35,0
1632,306,4,2026-05-15,Delivered,22,37,15
1633,306,4,2026-04-13,Delivered,18,6,30
1634,306,4,2026-06-14,Delivered,26,12,15
1635,306,4,2026-06-26,Delivered,10,16,0
1636,306,4,2026-03-27,Delivered,12,37,30
1637,306,4,2026-08-09,Delivered,28,3,0
1638,306,4,2026-07-27,Delivered,29,46,15
1639,306,4,2026-04-14,Delivered,30,0,15
1640,307,4,2026-05-13,Delivered,24,24,15
1641,308,5,2026-03-02,Delivered,26,2,0
1642,308,5,2026-07-06,Delivered,28,8,30
1643,308,5,2026-03-10,Delivered,26,7,0
1644,308,5,2026-04-27,Delivered,11,1,15
1645,308,5,2026-04-10,Delivered,13,42,30
1646,308,5,2026-07-01,Delivered,10,19,15
1647,309,5,2026-05-31,Delivered,17,11,30
1648,310,4,2026-07-04,Delivered,19,25,0
1649,310,4,2026-05-12,Delivered,11,22,30
1650,311,4,2026-03-12,Delivered,29,38,30
1651,311,4,2026-03-21,Delivered,25,27,15
1652,311,4,2026-03-30,Delivered,14,45,0
1653,311,4,2026-04-25,Delivered,15,30,0
1654,311,4,2026-05-20,Delivered,12,39,30
1655,312,4,2026-08-12,Delivered,21,8,0
1656,312,4,2026-05-10,Delivered,18,42,15
1657,312,4,2026-05-23,Delivered,17,4,30
1658,312,4,2026-07-28,Delivered,14,33,15
1659,312,4,2026-05-10,Delivered,15,44,0
1660,312,4,2026-07-17,Delivered,27,36,15
1661,312,4,2026-02-27,Delivered,17,14,0
1662,313,1,2026-06-19,Delivered,19,14,30
1663,313,1,2026-07-20,Delivered,16,2,0
1664,314,1,2026-05-04,Delivered,24,24,15
1665,314,1,2026-05-22,Delivered,23,39,0
1666,314,1,2026-07-04,Delivered,14,20,0
1667,314,1,2026-07-30,Delivered,16,22,15
1668,314,1,2026-04-18,Delivered,10,1,0
1669,314,1,2026-02-27,Delivered,24,34,30
1670,314,1,2026-07-15,Delivered,18,41,0
1671,314,1,2026-05-31,Delivered,15,24,15
1672,315,5,2026-04-27,Delivered,14,31,0
1673,315,5,2026-05-20,Delivered,28,35,15
1674,316,1,2026-06-28,Delivered,20,17,15
1675,316,1,2026-08-15,Delivered,15,9,30
1676,317,1,2026-04-14,Delivered,23,1,0
1677,317,1,2026-05-05,Delivered,13,45,15
1678,317,1,2026-05-17,Delivered,26,16,15
1679,317,1,2026-06-08,Delivered,14,14,0
1680,317,1,2026-05-24,Delivered,28,38,30
1681,317,1,2026-08-03,Delivered,13,32,30
1682,317,1,2026-06-11,Delivered,14,50,15
1683,317,1,2026-05-10,Delivered,26,42,15
1684,317,1,2026-08-15,Delivered,22,40,0
1685,318,1,2026-06-13,Delivered,29,24,30
1686,318,1,2026-08-23,Delivered,22,9,30
1687,318,1,2026-08-05,Delivered,27,15,0
1688,318,1,2026-04-19,Delivered,21,21,0
1689,318,1,2026-04-08,Delivered,18,40,0
1690,318,1,2026-07-09,Delivered,23,27,30
1691,318,1,2026-06-08,Delivered,26,45,15
1692,319,5,2026-04-06,Delivered,29,41,30
1693,319,5,2026-07-02,Delivered,23,26,0
1694,319,5,2026-05-18,Delivered,15,48,15
1695,319,5,2026-07-24,Delivered,26,15,15
1696,319,5,2026-03-22,Delivered,24,36,30
1697,320,2,2026-08-13,Delivered,13,0,15
1698,320,2,2026-06-07,Delivered,28,2,0
1699,320,2,2026-08-06,Delivered,26,2,0
1700,320,2,2026-05-13,Delivered,27,43,30
1701,320,2,2026-03-25,Delivered,28,25,0
1702,321,1,2026-03-02,Delivered,14,19,30
1703,321,1,2026-04-22,Delivered,11,13,0
1704,321,1,2026-06-27,Delivered,17,28,30
1705,321,1,2026-08-20,Delivered,13,37,30
1706,321,1,2026-07-20,Delivered,14,13,30
1707,321,1,2026-04-07,Delivered,19,25,30
1708,321,1,2026-06-25,Delivered,13,31,30
1709,321,1,2026-08-17,Delivered,14,22,0
1710,321,1,2026-08-23,Delivered,29,11,15
1711,321,1,2026-06-14,Delivered,20,30,0
1712,322,1,2026-07-06,Delivered,10,31,15
1713,322,1,2026-07-20,Delivered,11,13,15
1714,322,1,2026-06-14,Delivered,20,38,15
1715,322,1,2026-03-15,Delivered,11,2,15
1716,322,1,2026-04-17,Delivered,29,1,0
1717,322,1,2026-07-31,Delivered,20,34,0
1718,323,5,2026-05-24,Delivered,18,47,15
1719,323,5,2026-08-09,Delivered,23,43,15
1720,323,5,2026-03-26,Delivered,13,50,0
1721,323,5,2026-03-14,Delivered,20,39,30
1722,323,5,2026-06-15,Delivered,22,32,0
1723,323,5,2026-06-01,Delivered,13,46,0
1724,323,5,2026-08-12,Delivered,22,0,30
1725,323,5,2026-05-09,Delivered,27,17,0
1726,323,5,2026-04-24,Delivered,21,2,15
1727,323,5,2026-03-14,Delivered,24,14,15
1728,324,4,2026-03-10,Delivered,26,3,0
1729,324,4,2026-07-03,Delivered,18,8,0
1730,324,4,2026-03-31,Delivered,17,4,0
1731,324,4,2026-08-01,Delivered,13,12,15
1732,325,1,2026-07-11,Delivered,26,19,15
1733,326,2,2026-08-15,Delivered,18,8,30
1734,326,2,2026-06-15,Delivered,24,39,0
1735,326,2,2026-03-16,Delivered,22,5,0
1736,327,5,2026-04-18,Delivered,10,30,30
1737,327,5,2026-06-04,Delivered,27,50,15
1738,327,5,2026-04-28,Delivered,24,0,15
1739,327,5,2026-04-28,Delivered,30,7,15
1740,327,5,2026-05-02,Delivered,24,4,30
1741,327,5,2026-06-27,Delivered,16,17,0
1742,327,5,2026-05-09,Delivered,28,12,0
1743,327,5,2026-03-22,Delivered,14,36,15
1744,327,5,2026-05-25,Delivered,27,46,30
1745,327,5,2026-07-21,Delivered,30,13,30
1746,328,5,2026-05-18,Delivered,27,17,15
1747,328,5,2026-05-30,Delivered,15,33,0
1748,328,5,2026-05-18,Delivered,17,45,0
1749,328,5,2026-08-14,Delivered,25,19,15
1750,328,5,2026-05-20,Delivered,23,25,0
1751,328,5,2026-02-26,Delivered,14,14,30
1752,328,5,2026-07-06,Delivered,22,2,30
1753,329,2,2026-06-11,Delivered,27,13,15
1754,329,2,2026-04-28,Delivered,17,31,15
1755,329,2,2026-03-09,Delivered,29,48,30
1756,330,1,2026-07-11,Delivered,27,14,0
1757,330,1,2026-06-06,Delivered,11,14,0
1758,331,5,2026-08-23,Delivered,24,4,15
1759,331,5,2026-04-12,Delivered,30,2,15
1760,331,5,2026-04-09,Delivered,30,3,30
1761,331,5,2026-04-21,Delivered,22,26,0
1762,331,5,2026-08-08,Delivered,22,36,15
1763,331,5,2026-06-30,Delivered,11,7,15
1764,332,1,2026-04-06,Delivered,24,7,15
1765,332,1,2026-04-17,Delivered,22,41,0
1766,332,1,2026-03-30,Delivered,24,33,15
1767,333,1,2026-08-02,Delivered,29,4,30
1768,333,1,2026-03-03,Delivered,26,33,15
1769,333,1,2026-06-23,Delivered,17,31,30
1770,333,1,2026-07-13,Delivered,14,22,15
1771,333,1,2026-03-24,Delivered,12,38,30
1772,333,1,2026-04-10,Delivered,24,37,30
1773,333,1,2026-07-18,Delivered,15,46,15
1774,333,1,2026-05-20,Delivered,23,50,30
1775,334,3,2026-07-03,Delivered,16,30,15
1776,334,3,2026-04-14,Delivered,27,4,30
1777,334,3,2026-03-08,Delivered,22,21,15
1778,334,3,2026-03-24,Delivered,10,39,0
1779,334,3,2026-03-12,Delivered,24,9,15
1780,334,3,2026-04-19,Delivered,25,21,30
1781,334,3,2026-06-06,Delivered,13,47,30
1782,335,5,2026-06-19,Delivered,25,12,0
1783,335,5,2026-06-25,Delivered,22,35,30
1784,335,5,2026-08-14,Delivered,10,19,15
1785,335,5,2026-04-06,Delivered,14,30,30
1786,335,5,2026-03-01,Delivered,20,18,0
1787,335,5,2026-07-18,Delivered,12,8,15
1788,335,5,2026-04-25,Delivered,21,17,15
1789,335,5,2026-08-03,Delivered,20,31,15
1790,335,5,2026-05-11,Delivered,10,1,0
1791,335,5,2026-06-16,Delivered,27,35,30
1792,336,4,2026-05-14,Delivered,29,10,15
1793,336,4,2026-04-27,Delivered,18,23,0
1794,336,4,2026-07-18,Delivered,20,12,0
1795,336,4,2026-05-01,Delivered,11,49,0
1796,336,4,2026-03-19,Delivered,10,4,15
1797,336,4,2026-04-14,Delivered,27,26,0
1798,336,4,2026-05-14,Delivered,16,20,30
1799,336,4,2026-06-24,Delivered,22,19,15
1800,336,4,2026-08-17,Delivered,11,4,30
1801,336,4,2026-04-11,Delivered,17,42,0
1802,337,5,2026-05-31,Delivered,15,8,15
1803,337,5,2026-04-04,Delivered,20,36,30
1804,337,5,2026-04-22,Delivered,22,19,0
1805,337,5,2026-02-25,Delivered,17,28,15
1806,337,5,2026-06-18,Delivered,30,5,30
1807,337,5,2026-03-18,Delivered,24,45,30
1808,337,5,2026-05-06,Delivered,16,32,15
1809,337,5,2026-07-03,Delivered,23,28,15
1810,338,4,2026-03-08,Delivered,19,21,30
1811,338,4,2026-05-01,Delivered,15,18,0
1812,338,4,2026-04-03,Delivered,23,34,0
1813,339,5,2026-04-27,Delivered,13,36,30
1814,339,5,2026-06-20,Delivered,28,35,15
1815,339,5,2026-07-17,Delivered,26,27,0
1816,339,5,2026-04-27,Delivered,27,3,0
1817,339,5,2026-04-24,Delivered,15,49,0
1818,339,5,2026-03-13,Delivered,13,28,30
1819,339,5,2026-08-16,Delivered,11,10,30
1820,339,5,2026-07-31,Delivered,25,13,30
1821,340,3,2026-03-27,Delivered,17,23,0
1822,340,3,2026-04-12,Delivered,20,44,15
1823,340,3,2026-05-24,Delivered,15,46,30
1824,340,3,2026-05-27,Delivered,30,47,30
1825,340,3,2026-06-15,Delivered,24,38,30
1826,340,3,2026-04-21,Delivered,22,28,0
1827,340,3,2026-02-27,Delivered,18,1,0
1828,340,3,2026-05-07,Delivered,27,37,15
1829,341,5,2026-03-30,Delivered,10,22,15
1830,341,5,2026-06-04,Delivered,25,9,0
1831,341,5,2026-06-23,Delivered,11,1,15
1832,341,5,2026-05-20,Delivered,24,31,15
1833,341,5,2026-06-22,Delivered,29,24,30
1834,342,3,2026-03-07,Delivered,10,26,30
1835,343,5,2026-05-07,Delivered,16,4,15
1836,343,5,2026-05-11,Delivered,30,48,30
1837,343,5,2026-05-07,Delivered,17,36,15
1838,343,5,2026-08-02,Delivered,16,0,15
1839,343,5,2026-07-26,Delivered,17,1,0
1840,343,5,2026-04-19,Delivered,10,36,30
1841,343,5,2026-06-16,Delivered,21,44,15
1842,343,5,2026-05-25,Delivered,24,21,15
1843,343,5,2026-04-04,Delivered,18,46,0
1844,344,5,2026-07-13,Delivered,13,40,0
1845,344,5,2026-06-01,Delivered,14,45,15
1846,344,5,2026-07-01,Delivered,15,46,0
1847,344,5,2026-08-19,Delivered,24,39,30
1848,344,5,2026-04-02,Delivered,13,33,30
1849,344,5,2026-05-02,Delivered,17,46,30
1850,344,5,2026-06-20,Delivered,26,21,30
1851,344,5,2026-03-25,Delivered,15,28,0
1852,344,5,2026-05-20,Delivered,14,22,30
1853,344,5,2026-08-11,Delivered,10,39,30
1854,345,1,2026-05-01,Delivered,22,10,30
1855,345,1,2026-03-08,Delivered,22,44,0
1856,346,3,2026-07-16,Delivered,29,10,15
1857,346,3,2026-05-31,Delivered,22,10,15
1858,346,3,2026-04-27,Delivered,18,34,0
1859,346,3,2026-05-21,Delivered,21,29,15
1860,347,2,2026-03-11,Delivered,16,41,15
1861,347,2,2026-06-04,Delivered,30,31,0
1862,347,2,2026-04-10,Delivered,27,39,30
1863,347,2,2026-02-28,Delivered,15,46,0
1864,347,2,2026-03-29,Delivered,26,10,0
1865,347,2,2026-03-10,Delivered,20,26,30
1866,347,2,2026-06-07,Delivered,10,35,0
1867,347,2,2026-05-18,Delivered,13,38,30
1868,347,2,2026-06-13,Delivered,18,49,15
1869,348,2,2026-05-24,Delivered,10,13,30
1870,348,2,2026-08-23,Delivered,19,38,15
1871,348,2,2026-04-13,Delivered,26,15,0
1872,348,2,2026-03-21,Delivered,14,31,15
1873,348,2,2026-07-28,Delivered,21,7,15
1874,348,2,2026-05-11,Delivered,25,34,0
1875,348,2,2026-07-04,Delivered,12,9,0
1876,349,3,2026-03-14,Delivered,22,3,15
1877,349,3,2026-05-22,Delivered,22,29,15
1878,349,3,2026-07-20,Delivered,18,5,0
1879,349,3,2026-07-03,Delivered,24,28,30
1880,349,3,2026-08-02,Delivered,15,10,0
1881,350,2,2026-04-23,Delivered,24,6,15
1882,350,2,2026-04-03,Delivered,24,24,30
1883,350,2,2026-04-02,Delivered,19,7,30
1884,350,2,2026-03-10,Delivered,13,48,15
1885,350,2,2026-05-30,Delivered,11,0,15
1886,351,5,2026-06-18,Delivered,12,3,30
1887,352,3,2026-03-04,Delivered,29,41,30
1888,352,3,2026-03-28,Delivered,11,38,15
1889,352,3,2026-04-14,Delivered,20,5,15
1890,352,3,2026-07-10,Delivered,20,19,30
1891,352,3,2026-05-11,Delivered,15,0,0
1892,352,3,2026-06-30,Delivered,18,49,30
1893,352,3,2026-07-30,Delivered,11,44,0
1894,352,3,2026-06-12,Delivered,27,21,30
1895,353,5,2026-08-13,Delivered,10,12,30
1896,353,5,2026-04-07,Delivered,24,42,0
1897,353,5,2026-07-13,Delivered,19,19,15
1898,353,5,2026-05-20,Delivered,23,26,30
1899,353,5,2026-04-11,Delivered,25,25,0
1900,353,5,2026-07-31,Delivered,18,17,0
1901,353,5,2026-04-02,Delivered,21,0,15
1902,353,5,2026-08-04,Delivered,17,41,15
1903,353,5,2026-05-22,Delivered,12,28,15
1904,353,5,2026-06-27,Delivered,10,11,0
1905,354,2,2026-03-22,Delivered,17,17,30
1906,354,2,2026-07-29,Delivered,12,18,30
1907,354,2,2026-06-05,Delivered,29,14,15
1908,354,2,2026-07-01,Delivered,11,40,15
1909,354,2,2026-08-16,Delivered,21,21,30
1910,354,2,2026-04-02,Delivered,10,28,15
1911,354,2,2026-07-04,Delivered,22,37,30
1912,354,2,2026-04-20,Delivered,27,14,0
1913,355,3,2026-04-23,Delivered,29,0,0
1914,355,3,2026-08-17,Delivered,21,7,0
1915,355,3,2026-08-11,Delivered,28,4,30
1916,356,2,2026-08-20,Delivered,20,10,15
1917,356,2,2026-08-08,Delivered,28,1,0
1918,356,2,2026-06-11,Delivered,17,36,0
1919,356,2,2026-05-23,Delivered,23,46,15
1920,356,2,2026-08-15,Delivered,13,41,0
1921,356,2,2026-05-25,Delivered,18,1,0
1922,356,2,2026-03-17,Delivered,11,5,0
1923,356,2,2026-04-16,Delivered,22,40,15
1924,356,2,2026-07-04,Delivered,15,3,30
1925,356,2,2026-04-03,Delivered,18,41,0
1926,357,3,2026-06-24,Delivered,12,34,0
1927,357,3,2026-03-20,Delivered,14,15,0
1928,358,4,2026-08-01,Delivered,14,13,0
1929,359,2,2026-07-29,Delivered,30,4,0
1930,359,2,2026-04-15,Delivered,26,18,30
1931,359,2,2026-07-14,Delivered,13,15,30
1932,359,2,2026-04-20,Delivered,11,26,0
1933,359,2,2026-08-19,Delivered,20,18,15
1934,359,2,2026-06-15,Delivered,11,17,30
1935,360,5,2026-03-02,Delivered,19,1,15
1936,360,5,2026-03-04,Delivered,24,40,30
1937,361,3,2026-03-09,Delivered,25,9,30
1938,361,3,2026-04-23,Delivered,16,27,15
1939,361,3,2026-06-09,Delivered,20,5,15
1940,361,3,2026-04-14,Delivered,26,3,30
1941,361,3,2026-08-10,Delivered,20,7,0
1942,361,3,2026-04-25,Delivered,15,11,15
1943,361,3,2026-03-01,Delivered,24,11,30
1944,361,3,2026-05-30,Delivered,12,50,15
1945,361,3,2026-03-16,Delivered,21,40,0
1946,361,3,2026-04-10,Delivered,24,42,0
1947,362,3,2026-05-06,Delivered,30,7,15
1948,362,3,2026-03-03,Delivered,17,29,30
1949,362,3,2026-03-25,Delivered,27,18,0
1950,363,1,2026-04-15,Delivered,25,4,15
1951,363,1,2026-05-31,Delivered,27,42,0
1952,363,1,2026-07-19,Delivered,25,11,0
1953,363,1,2026-06-16,Delivered,17,24,0
1954,363,1,2026-05-01,Delivered,13,43,30
1955,363,1,2026-03-05,Delivered,27,35,15
1956,363,1,2026-08-14,Delivered,28,13,15
1957,363,1,2026-03-28,Delivered,10,41,30
1958,363,1,2026-07-16,Delivered,28,9,15
1959,364,5,2026-08-16,Delivered,26,47,0
1960,364,5,2026-08-20,Delivered,16,3,15
1961,364,5,2026-05-17,Delivered,16,45,15
1962,364,5,2026-04-27,Delivered,24,22,15
1963,364,5,2026-08-13,Delivered,22,38,15
1964,364,5,2026-04-23,Delivered,28,13,0
1965,364,5,2026-06-16,Delivered,30,44,30
1966,364,5,2026-04-21,Delivered,14,17,15
1967,364,5,2026-06-11,Delivered,23,20,30
1968,365,5,2026-04-19,Delivered,10,21,0
1969,365,5,2026-07-12,Delivered,13,14,30
1970,365,5,2026-06-22,Delivered,21,10,0
1971,365,5,2026-05-06,Delivered,26,4,15
1972,365,5,2026-07-20,Delivered,27,12,30
1973,365,5,2026-05-13,Delivered,15,13,30
1974,365,5,2026-07-04,Delivered,12,50,15
1975,365,5,2026-05-13,Delivered,28,34,15
1976,365,5,2026-07-05,Delivered,19,49,15
1977,365,5,2026-06-17,Delivered,27,49,30
1978,366,2,2026-04-30,Delivered,15,24,15
1979,366,2,2026-03-19,Delivered,25,40,0
1980,367,4,2026-08-23,Delivered,27,44,0
1981,367,4,2026-07-21,Delivered,30,4,15
1982,367,4,2026-08-22,Delivered,30,45,30
1983,367,4,2026-06-18,Delivered,21,37,30
1984,368,5,2026-05-22,Delivered,15,4,0
1985,368,5,2026-03-08,Delivered,17,38,0
1986,368,5,2026-04-04,Delivered,28,29,30
1987,368,5,2026-06-14,Delivered,30,48,15
1988,368,5,2026-05-04,Delivered,11,25,0
1989,368,5,2026-03-10,Delivered,17,6,0
1990,368,5,2026-05-24,Delivered,20,25,15
1991,368,5,2026-03-31,Delivered,14,42,30
1992,368,5,2026-03-25,Delivered,27,48,15
1993,368,5,2026-07-22,Delivered,25,33,30
1994,369,3,2026-03-12,Delivered,24,33,0
1995,369,3,2026-03-09,Delivered,18,14,30
1996,369,3,2026-04-26,Delivered,19,44,30
1997,369,3,2026-06-24,Delivered,27,22,30
1998,370,2,2026-07-13,Delivered,15,30,0
1999,370,2,2026-04-27,Delivered,15,16,15
2000,370,2,2026-08-21,Delivered,19,42,15
2001,370,2,2026-06-25,Delivered,12,38,15
2002,370,2,2026-07-20,Delivered,19,36,0
2003,370,2,2026-03-11,Delivered,18,37,30
2004,370,2,2026-04-27,Delivered,15,40,0
2005,370,2,2026-05-26,Delivered,19,37,15
2006,370,2,2026-07-07,Delivered,13,45,15
2007,370,2,2026-04-20,Delivered,10,47,30
2008,371,1,2026-07-17,Delivered,22,42,0
2009,371,1,2026-04-28,Delivered,19,23,0
2010,371,1,2026-05-04,Delivered,14,0,15
2011,371,1,2026-07-21,Delivered,17,50,30
2012,372,2,2026-05-01,Delivered,28,3,0
2013,372,2,2026-07-13,Delivered,29,7,0
2014,372,2,2026-08-12,Delivered,16,26,30
2015,373,4,2026-06-11,Delivered,14,37,30
2016,373,4,2026-03-04,Delivered,13,34,30
2017,373,4,2026-06-20,Delivered,23,27,30
2018,373,4,2026-03-02,Delivered,26,44,30
2019,373,4,2026-04-20,Delivered,19,18,15
2020,373,4,2026-06-08,Delivered,21,16,30
2021,373,4,2026-07-28,Delivered,30,8,15
2022,373,4,2026-06-28,Delivered,11,39,30
2023,374,4,2026-02-28,Delivered,16,30,15
2024,374,4,2026-08-15,Delivered,23,49,0
2025,375,5,2026-03-24,Delivered,14,21,15
2026,375,5,2026-04-07,Delivered,30,24,15
2027,375,5,2026-05-13,Delivered,21,32,30
2028,375,5,2026-07-20,Delivered,26,49,0
2029,376,2,2026-07-30,Delivered,17,47,0
2030,376,2,2026-07-30,Delivered,13,2,30
2031,376,2,2026-03-15,Delivered,19,14,15
2032,377,3,2026-03-27,Delivered,27,28,30
2033,377,3,2026-07-23,Delivered,16,47,15
2034,377,3,2026-06-01,Delivered,16,18,15
2035,378,2,2026-07-27,Delivered,19,0,30
2036,378,2,2026-05-07,Delivered,23,49,30
2037,378,2,2026-06-04,Delivered,25,19,0
2038,378,2,2026-05-28,Delivered,27,18,15
2039,378,2,2026-08-13,Delivered,21,20,30
2040,378,2,2026-03-04,Delivered,26,17,15
2041,379,1,2026-08-17,Delivered,16,23,0
2042,379,1,2026-08-08,Delivered,10,30,15
2043,379,1,2026-04-20,Delivered,20,6,15
2044,379,1,2026-04-04,Delivered,30,45,0
2045,379,1,2026-08-20,Delivered,16,43,0
2046,379,1,2026-07-22,Delivered,24,9,30
2047,379,1,2026-06-16,Delivered,21,8,0
2048,379,1,2026-06-10,Delivered,26,27,30
2049,379,1,2026-04-03,Delivered,27,22,0
2050,379,1,2026-03-21,Delivered,26,33,15
2051,380,4,2026-05-24,Delivered,27,46,30
2052,380,4,2026-06-27,Delivered,23,8,15
2053,380,4,2026-07-21,Delivered,23,12,15
2054,380,4,2026-05-09,Delivered,29,38,0
2055,381,4,2026-04-10,Delivered,14,35,15
2056,381,4,2026-05-16,Delivered,28,18,15
2057,381,4,2026-08-05,Delivered,28,26,30
2058,381,4,2026-06-11,Delivered,16,48,0
2059,382,3,2026-05-17,Delivered,22,45,30
2060,382,3,2026-02-25,Delivered,30,14,0
2061,382,3,2026-06-30,Delivered,11,38,15
2062,382,3,2026-03-30,Delivered,11,46,15
2063,383,5,2026-06-01,Delivered,25,6,0
2064,384,1,2026-05-27,Delivered,16,28,0
2065,384,1,2026-06-13,Delivered,10,4,15
2066,384,1,2026-03-05,Delivered,10,33,15
2067,385,2,2026-03-13,Delivered,10,19,30
2068,386,5,2026-07-09,Delivered,18,1,30
2069,386,5,2026-08-09,Delivered,11,50,30
2070,387,1,2026-04-20,Delivered,12,41,15
2071,387,1,2026-03-20,Delivered,29,35,15
2072,387,1,2026-07-04,Delivered,12,41,15
2073,387,1,2026-04-22,Delivered,14,6,0
2074,387,1,2026-08-08,Delivered,22,44,0
2075,388,4,2026-07-03,Delivered,28,2,15
2076,388,4,2026-03-28,Delivered,12,42,15
2077,388,4,2026-03-30,Delivered,15,29,0
2078,388,4,2026-07-21,Delivered,18,26,0
2079,388,4,2026-03-07,Delivered,28,37,0
2080,388,4,2026-05-16,Delivered,17,32,30
2081,389,5,2026-08-17,Delivered,25,15,15
2082,389,5,2026-06-27,Delivered,13,3,30
2083,389,5,2026-07-06,Delivered,17,37,15
2084,389,5,2026-06-30,Delivered,18,16,0
2085,389,5,2026-06-30,Delivered,12,0,30
2086,390,5,2026-08-02,Delivered,10,6,30
2087,390,5,2026-03-27,Delivered,13,31,15
2088,390,5,2026-05-22,Delivered,21,44,30
2089,390,5,2026-07-09,Delivered,24,39,30
2090,390,5,2026-07-22,Delivered,10,3,0
2091,390,5,2026-08-06,Delivered,21,6,15
2092,390,5,2026-08-22,Delivered,28,4,30
2093,391,2,2026-05-08,Delivered,19,42,0
2094,391,2,2026-07-25,Delivered,26,23,30
2095,391,2,2026-05-16,Delivered,28,9,0
2096,391,2,2026-04-18,Delivered,27,23,30
2097,391,2,2026-05-04,Delivered,19,40,0
2098,391,2,2026-03-11,Delivered,21,16,0
2099,391,2,2026-06-05,Delivered,28,14,0
2100,392,5,2026-04-24,Delivered,21,32,30
2101,392,5,2026-06-27,Delivered,17,0,0
2102,392,5,2026-08-01,Delivered,16,43,0
2103,392,5,2026-03-14,Delivered,25,33,30
2104,393,3,2026-06-08,Delivered,13,26,0
2105,393,3,2026-06-30,Delivered,11,16,0
2106,393,3,2026-04-12,Delivered,24,13,15
2107,393,3,2026-05-22,Delivered,18,48,30
2108,393,3,2026-08-17,Delivered,30,19,30
2109,393,3,2026-05-18,Delivered,29,11,30
2110,393,3,2026-05-30,Delivered,30,2,0
2111,393,3,2026-08-08,Delivered,15,38,15
2112,393,3,2026-03-02,Delivered,29,7,15
2113,394,3,2026-07-30,Delivered,16,50,30
2114,394,3,2026-03-17,Delivered,11,24,30
2115,394,3,2026-06-14,Delivered,20,31,30
2116,395,4,2026-08-19,Delivered,19,13,0
2117,396,4,2026-04-30,Delivered,29,38,0
2118,396,4,2026-06-17,Delivered,10,22,30
2119,396,4,2026-05-07,Delivered,20,33,30
2120,397,4,2026-05-24,Delivered,28,35,0
2121,397,4,2026-05-22,Delivered,19,23,15
2122,397,4,2026-04-30,Delivered,14,19,15
2123,397,4,2026-03-03,Delivered,14,49,15
2124,397,4,2026-06-13,Delivered,18,12,0
2125,397,4,2026-06-30,Delivered,13,29,15
2126,397,4,2026-05-25,Delivered,15,22,0
2127,398,3,2026-04-04,Delivered,18,41,30
2128,398,3,2026-05-01,Delivered,28,37,30
2129,398,3,2026-04-07,Delivered,30,25,15
2130,399,3,2026-04-24,Delivered,16,38,30
2131,399,3,2026-07-30,Delivered,26,8,15
2132,399,3,2026-08-13,Delivered,28,43,30
2133,399,3,2026-03-03,Delivered,26,42,0
2134,399,3,2026-07-02,Delivered,13,17,0
2135,400,4,2026-04-13,Delivered,12,45,15
2136,400,4,2026-06-28,Delivered,15,44,30
2137,400,4,2026-08-13,Delivered,13,30,15
2138,400,4,2026-05-20,Delivered,19,31,0
2139,400,4,2026-03-09,Delivered,30,4,30
2140,401,4,2026-05-07,Delivered,10,27,0
2141,401,4,2026-03-27,Delivered,28,30,0
2142,401,4,2026-03-02,Delivered,15,21,0
2143,402,5,2026-06-30,Delivered,29,43,30
2144,402,5,2026-02-26,Delivered,15,3,0
2145,403,3,2026-05-15,Delivered,12,44,15
2146,404,2,2026-03-11,Delivered,27,32,15
2147,404,2,2026-08-07,Delivered,25,21,15
2148,404,2,2026-05-30,Delivered,29,40,0
2149,404,2,2026-04-27,Delivered,25,4,30
2150,404,2,2026-07-02,Delivered,25,20,15
2151,404,2,2026-03-09,Delivered,23,23,30
2152,404,2,2026-03-01,Delivered,16,1,15
2153,404,2,2026-03-23,Delivered,30,47,0
2154,404,2,2026-06-06,Delivered,20,11,0
2155,405,1,2026-04-24,Delivered,24,23,30
2156,405,1,2026-08-03,Delivered,19,30,0
2157,405,1,2026-05-03,Delivered,22,16,30
2158,405,1,2026-07-28,Delivered,28,15,30
2159,405,1,2026-06-09,Delivered,27,44,0
2160,405,1,2026-06-22,Delivered,16,45,30
2161,405,1,2026-03-29,Delivered,30,42,15
2162,405,1,2026-03-31,Delivered,23,18,30
2163,406,1,2026-06-09,Delivered,16,6,0
2164,406,1,2026-04-25,Delivered,20,3,0
2165,406,1,2026-07-16,Delivered,22,42,0
2166,406,1,2026-04-26,Delivered,21,17,30
2167,406,1,2026-07-18,Delivered,11,44,0
2168,406,1,2026-05-02,Delivered,19,15,0
2169,406,1,2026-03-02,Delivered,22,11,15
2170,407,4,2026-03-13,Delivered,16,50,0
2171,407,4,2026-07-25,Delivered,28,42,0
2172,407,4,2026-06-05,Delivered,29,48,15
2173,407,4,2026-03-25,Delivered,19,0,30
2174,407,4,2026-03-21,Delivered,25,22,15
2175,408,5,2026-08-23,Delivered,15,37,30
2176,408,5,2026-08-01,Delivered,16,19,0
2177,409,1,2026-04-03,Delivered,24,27,30
2178,409,1,2026-06-11,Delivered,27,29,15
2179,409,1,2026-04-14,Delivered,13,47,0
2180,409,1,2026-05-18,Delivered,17,8,0
2181,410,5,2026-04-20,Delivered,17,20,30
2182,410,5,2026-07-15,Delivered,22,21,30
2183,410,5,2026-04-18,Delivered,10,47,15
2184,410,5,2026-04-18,Delivered,26,38,30
2185,410,5,2026-07-11,Delivered,15,16,30
2186,410,5,2026-05-31,Delivered,22,46,15
2187,410,5,2026-05-03,Delivered,18,22,30
2188,410,5,2026-05-26,Delivered,25,9,15
2189,411,3,2026-05-13,Delivered,12,32,15
2190,411,3,2026-03-12,Delivered,22,16,0
2191,411,3,2026-08-13,Delivered,13,12,30
2192,411,3,2026-07-23,Delivered,30,16,15
2193,411,3,2026-05-29,Delivered,20,49,30
2194,411,3,2026-05-26,Delivered,22,12,30
2195,411,3,2026-07-08,Delivered,11,33,15
2196,411,3,2026-05-18,Delivered,17,24,15
2197,412,3,2026-07-05,Delivered,15,10,0
2198,412,3,2026-06-11,Delivered,21,14,15
2199,412,3,2026-05-15,Delivered,24,28,0
2200,412,3,2026-05-09,Delivered,18,45,0
2201,412,3,2026-07-02,Delivered,23,21,0
2202,412,3,2026-05-07,Delivered,29,3,0
2203,412,3,2026-05-31,Delivered,24,4,15
2204,412,3,2026-07-07,Delivered,18,47,30
2205,412,3,2026-05-10,Delivered,30,9,30
2206,412,3,2026-04-19,Delivered,24,24,0
2207,413,4,2026-05-30,Delivered,18,31,0
2208,413,4,2026-06-20,Delivered,12,22,15
2209,413,4,2026-08-19,Delivered,17,11,30
2210,413,4,2026-08-16,Delivered,17,36,30
2211,413,4,2026-05-17,Delivered,15,49,0
2212,413,4,2026-06-26,Delivered,18,28,15
2213,414,1,2026-06-06,Delivered,12,50,0
2214,414,1,2026-03-13,Delivered,19,3,15
2215,414,1,2026-05-24,Delivered,27,31,30
2216,414,1,2026-05-15,Delivered,11,20,0
2217,414,1,2026-03-15,Delivered,23,40,0
2218,415,3,2026-03-26,Delivered,20,2,15
2219,415,3,2026-04-05,Delivered,23,10,15
2220,415,3,2026-06-18,Delivered,10,6,15
2221,415,3,2026-07-27,Delivered,25,36,30
2222,415,3,2026-04-02,Delivered,22,33,0
2223,415,3,2026-05-22,Delivered,27,48,0
2224,416,4,2026-05-05,Delivered,21,9,0
2225,416,4,2026-04-26,Delivered,17,32,0
2226,416,4,2026-07-13,Delivered,23,50,0
2227,416,4,2026-05-31,Delivered,17,43,15
2228,416,4,2026-06-21,Delivered,10,38,0
2229,416,4,2026-05-31,Delivered,13,23,0
2230,416,4,2026-08-23,Delivered,10,25,15
2231,416,4,2026-07-12,Delivered,28,17,0
2232,416,4,2026-06-15,Delivered,23,6,30
2233,417,2,2026-07-23,Delivered,29,50,0
2234,418,2,2026-06-25,Delivered,12,23,30
2235,418,2,2026-06-10,Delivered,21,42,15
2236,418,2,2026-04-12,Delivered,17,13,0
2237,418,2,2026-07-17,Delivered,17,41,30
2238,418,2,2026-07-04,Delivered,30,37,0
2239,418,2,2026-03-16,Delivered,13,18,0
2240,418,2,2026-04-30,Delivered,28,26,15
2241,419,2,2026-05-24,Delivered,16,4,0
2242,419,2,2026-07-03,Delivered,16,31,0
2243,419,2,2026-03-01,Delivered,29,37,0
2244,419,2,2026-07-15,Delivered,18,35,0
2245,419,2,2026-07-01,Delivered,29,33,0
2246,419,2,2026-03-27,Delivered,24,31,0
2247,419,2,2026-07-21,Delivered,25,46,15
2248,419,2,2026-05-27,Delivered,25,12,0
2249,420,1,2026-07-16,Delivered,17,18,0
2250,420,1,2026-03-19,Delivered,20,2,30
2251,420,1,2026-03-12,Delivered,28,38,30
2252,420,1,2026-03-09,Delivered,30,19,30
2253,420,1,2026-07-29,Delivered,12,44,30
2254,421,5,2026-06-24,Delivered,30,18,30
2255,422,3,2026-07-24,Delivered,28,42,30
2256,422,3,2026-06-12,Delivered,26,44,30
2257,422,3,2026-03-31,Delivered,14,3,30
2258,422,3,2026-04-24,Delivered,30,6,0
2259,422,3,2026-04-12,Delivered,25,13,0
2260,422,3,2026-06-01,Delivered,15,49,30
2261,422,3,2026-04-17,Delivered,12,0,0
2262,422,3,2026-03-04,Delivered,15,14,30
2263,423,1,2026-04-30,Delivered,16,10,15
2264,423,1,2026-04-27,Delivered,30,19,15
2265,423,1,2026-07-26,Delivered,24,50,15
2266,423,1,2026-08-14,Delivered,20,28,0
2267,423,1,2026-05-26,Delivered,17,14,30
2268,423,1,2026-03-09,Delivered,21,13,15
2269,423,1,2026-06-02,Delivered,29,39,30
2270,424,5,2026-07-29,Delivered,20,17,15
2271,424,5,2026-06-11,Delivered,22,9,0
2272,424,5,2026-05-12,Delivered,19,7,0
2273,424,5,2026-07-12,Delivered,19,0,30
2274,424,5,2026-06-04,Delivered,30,3,0
2275,424,5,2026-06-11,Delivered,26,11,30
2276,424,5,2026-08-20,Delivered,19,49,0
2277,424,5,2026-06-25,Delivered,17,34,0
2278,425,4,2026-04-17,Delivered,21,30,0
2279,425,4,2026-06-26,Delivered,10,41,30
2280,425,4,2026-05-15,Delivered,28,46,30
2281,426,5,2026-05-27,Delivered,15,7,30
2282,426,5,2026-07-14,Delivered,26,13,15
2283,426,5,2026-05-06,Delivered,12,46,0
2284,426,5,2026-04-02,Delivered,25,46,30
2285,426,5,2026-05-17,Delivered,25,23,30
2286,427,3,2026-07-31,Delivered,14,24,15
2287,428,5,2026-03-22,Delivered,24,34,30
2288,428,5,2026-03-25,Delivered,19,30,15
2289,429,2,2026-08-17,Delivered,27,7,30
2290,429,2,2026-08-13,Delivered,19,27,30
2291,429,2,2026-08-22,Delivered,24,17,15
2292,430,3,2026-06-02,Delivered,25,13,15
2293,430,3,2026-06-20,Delivered,30,25,30
2294,430,3,2026-07-28,Delivered,17,14,30
2295,430,3,2026-08-19,Delivered,13,17,30
2296,430,3,2026-06-14,Delivered,24,34,15
2297,430,3,2026-05-14,Delivered,11,41,30
2298,431,1,2026-06-06,Delivered,20,16,15
2299,431,1,2026-03-01,Delivered,17,29,15
2300,431,1,2026-06-13,Delivered,14,15,30
2301,431,1,2026-03-07,Delivered,27,24,0
2302,431,1,2026-05-05,Delivered,30,14,15
2303,431,1,2026-05-09,Delivered,12,28,0
2304,431,1,2026-08-13,Delivered,29,47,0
2305,431,1,2026-07-12,Delivered,17,5,30
2306,432,3,2026-04-30,Delivered,12,21,0
2307,432,3,2026-08-09,Delivered,11,24,15
2308,432,3,2026-03-12,Delivered,27,28,0
2309,432,3,2026-05-19,Delivered,22,7,0
2310,432,3,2026-03-14,Delivered,12,36,15
2311,432,3,2026-06-28,Delivered,23,49,0
2312,433,5,2026-07-15,Delivered,27,1,30
2313,433,5,2026-08-19,Delivered,14,22,30
2314,433,5,2026-07-25,Delivered,30,13,0
2315,433,5,2026-03-26,Delivered,30,15,0
2316,434,1,2026-07-18,Delivered,30,10,0
2317,434,1,2026-04-03,Delivered,18,48,0
2318,434,1,2026-05-01,Delivered,17,8,15
2319,434,1,2026-07-16,Delivered,11,28,0
2320,434,1,2026-07-24,Delivered,17,39,0
2321,434,1,2026-08-09,Delivered,12,49,0
2322,434,1,2026-07-20,Delivered,24,15,30
2323,434,1,2026-06-06,Delivered,21,14,30
2324,434,1,2026-03-04,Delivered,18,16,15
2325,435,2,2026-07-26,Delivered,21,35,0
2326,436,5,2026-05-04,Delivered,17,14,15
2327,437,3,2026-07-02,Delivered,29,3,15
2328,437,3,2026-05-09,Delivered,15,25,15
2329,437,3,2026-04-01,Delivered,18,29,30
2330,437,3,2026-06-15,Delivered,15,18,30
2331,437,3,2026-04-21,Delivered,20,23,30
2332,437,3,2026-08-18,Delivered,10,28,15
2333,437,3,2026-08-05,Delivered,15,19,30
2334,437,3,2026-06-09,Delivered,12,21,0
2335,437,3,2026-06-08,Delivered,22,37,0
2336,437,3,2026-03-15,Delivered,14,22,0
2337,438,5,2026-03-17,Delivered,14,7,15
2338,438,5,2026-05-29,Delivered,15,17,0
2339,439,3,2026-05-28,Delivered,16,27,0
2340,439,3,2026-07-15,Delivered,29,46,30
2341,439,3,2026-05-01,Delivered,27,48,15
2342,439,3,2026-07-30,Delivered,22,40,0
2343,439,3,2026-08-04,Delivered,28,42,30
2344,440,1,2026-04-30,Delivered,24,19,0
2345,440,1,2026-08-06,Delivered,16,19,30
2346,440,1,2026-06-28,Delivered,13,45,30
2347,440,1,2026-04-26,Delivered,23,44,15
2348,440,1,2026-04-15,Delivered,15,27,30
2349,440,1,2026-08-14,Delivered,12,22,0
2350,440,1,2026-06-07,Delivered,13,47,15
2351,440,1,2026-08-23,Delivered,24,40,15
2352,440,1,2026-04-08,Delivered,16,37,0
2353,440,1,2026-05-24,Delivered,15,25,30
2354,441,4,2026-03-09,Delivered,14,9,0
2355,441,4,2026-06-19,Delivered,27,25,0
2356,441,4,2026-05-13,Delivered,28,0,30
2357,442,4,2026-08-22,Delivered,24,44,30
2358,442,4,2026-03-08,Delivered,28,18,0
2359,442,4,2026-04-03,Delivered,16,28,30
2360,442,4,2026-07-03,Delivered,18,31,15
2361,442,4,2026-03-03,Delivered,20,28,15
2362,442,4,2026-03-20,Delivered,25,13,30
2363,442,4,2026-05-30,Delivered,25,22,30
2364,442,4,2026-08-20,Delivered,19,20,30
2365,442,4,2026-07-29,Delivered,26,20,0
2366,443,1,2026-07-05,Delivered,18,10,30
2367,443,1,2026-05-20,Delivered,10,33,0
2368,443,1,2026-03-31,Delivered,12,8,30
2369,443,1,2026-08-10,Delivered,25,6,15
2370,443,1,2026-03-07,Delivered,20,50,0
2371,444,2,2026-05-09,Delivered,27,8,0
2372,444,2,2026-06-05,Delivered,21,41,30
2373,444,2,2026-07-30,Delivered,24,0,15
2374,444,2,2026-07-06,Delivered,30,27,15
2375,444,2,2026-06-22,Delivered,14,15,0
2376,444,2,2026-08-23,Delivered,16,8,15
2377,444,2,2026-04-01,Delivered,26,48,30
2378,444,2,2026-07-05,Delivered,12,17,0
2379,444,2,2026-05-09,Delivered,28,38,15
2380,444,2,2026-04-11,Delivered,30,19,15
2381,445,3,2026-07-31,Delivered,13,12,0
2382,446,1,2026-06-28,Delivered,26,46,0
2383,446,1,2026-07-04,Delivered,18,28,0
2384,446,1,2026-03-19,Delivered,17,25,15
2385,446,1,2026-05-09,Delivered,24,30,30
2386,446,1,2026-05-02,Delivered,10,37,15
2387,446,1,2026-08-16,Delivered,14,39,30
2388,446,1,2026-05-28,Delivered,30,26,0
2389,446,1,2026-05-30,Delivered,30,39,0
2390,446,1,2026-08-08,Delivered,10,47,30
2391,446,1,2026-07-24,Delivered,21,43,15
2392,447,2,2026-07-17,Delivered,13,45,30
2393,448,4,2026-06-21,Delivered,25,33,15
2394,448,4,2026-03-10,Delivered,22,8,0
2395,448,4,2026-03-20,Delivered,16,43,30
2396,448,4,2026-03-11,Delivered,11,3,30
2397,448,4,2026-06-13,Delivered,15,48,15
2398,448,4,2026-04-30,Delivered,29,35,30
2399,449,3,2026-08-16,Delivered,26,41,0
2400,449,3,2026-08-04,Delivered,22,35,0
2401,449,3,2026-03-26,Delivered,21,49,15
2402,449,3,2026-05-06,Delivered,17,15,15
2403,449,3,2026-04-08,Delivered,17,24,30
2404,449,3,2026-05-01,Delivered,10,4,15
2405,449,3,2026-03-14,Delivered,27,33,15
2406,449,3,2026-03-12,Delivered,10,33,0
2407,449,3,2026-08-11,Delivered,23,13,15
2408,450,5,2026-05-27,Delivered,18,5,15
2409,450,5,2026-04-03,Delivered,16,34,15
2410,450,5,2026-03-23,Delivered,21,49,30
2411,450,5,2026-04-19,Delivered,21,8,0
2412,450,5,2026-03-21,Delivered,16,21,15
2413,450,5,2026-03-26,Delivered,19,17,15
2414,450,5,2026-05-20,Delivered,30,20,0
2415,450,5,2026-08-09,Delivered,25,29,15
2416,450,5,2026-03-15,Delivered,18,39,0
2417,451,4,2026-04-07,Delivered,29,13,0
2418,451,4,2026-05-16,Delivered,29,12,15
2419,452,1,2026-05-13,Delivered,11,40,15
2420,452,1,2026-05-11,Delivered,24,25,0
2421,452,1,2026-05-19,Delivered,25,24,15
2422,452,1,2026-08-18,Delivered,30,36,15
2423,452,1,2026-04-07,Delivered,24,17,15
2424,452,1,2026-05-29,Delivered,28,29,15
2425,452,1,2026-06-10,Delivered,24,3,15
2426,452,1,2026-05-05,Delivered,28,25,0
2427,452,1,2026-04-16,Delivered,25,8,15
2428,453,2,2026-07-05,Delivered,13,31,30
2429,453,2,2026-06-05,Delivered,26,45,15
2430,453,2,2026-06-27,Delivered,24,9,0
2431,453,2,2026-06-08,Delivered,12,15,30
2432,453,2,2026-03-04,Delivered,13,4,15
2433,453,2,2026-06-24,Delivered,27,11,0
2434,453,2,2026-04-01,Delivered,16,46,15
2435,453,2,2026-07-19,Delivered,18,13,30
2436,453,2,2026-03-31,Delivered,26,28,30
2437,453,2,2026-06-06,Delivered,26,30,0
2438,454,3,2026-07-04,Delivered,28,35,30
2439,454,3,2026-03-24,Delivered,22,43,0
2440,454,3,2026-07-01,Delivered,20,3,0
2441,454,3,2026-07-27,Delivered,13,6,0
2442,454,3,2026-05-16,Delivered,18,48,15
2443,454,3,2026-05-18,Delivered,17,41,15
2444,454,3,2026-07-14,Delivered,20,22,0
2445,454,3,2026-02-28,Delivered,15,27,0
2446,454,3,2026-05-12,Delivered,10,0,0
2447,455,5,2026-07-30,Delivered,24,33,15
2448,455,5,2026-08-23,Delivered,25,31,30
2449,455,5,2026-06-24,Delivered,12,4,15
2450,455,5,2026-05-04,Delivered,27,39,15
2451,455,5,2026-03-06,Delivered,18,21,15
2452,456,3,2026-03-02,Delivered,18,29,0
2453,456,3,2026-06-20,Delivered,13,36,30
2454,456,3,2026-04-27,Delivered,21,44,0
2455,456,3,2026-06-21,Delivered,17,6,15
2456,456,3,2026-04-13,Delivered,28,50,30
2457,457,5,2026-03-15,Delivered,26,6,15
2458,458,4,2026-05-20,Delivered,13,20,30
2459,458,4,2026-05-07,Delivered,28,28,30
2460,458,4,2026-08-15,Delivered,29,11,15
2461,458,4,2026-03-09,Delivered,26,24,15
2462,458,4,2026-06-03,Delivered,13,0,30
2463,458,4,2026-03-09,Delivered,11,8,15
2464,458,4,2026-05-18,Delivered,17,41,30
2465,459,3,2026-08-08,Delivered,18,21,30
2466,459,3,2026-06-15,Delivered,15,45,15
2467,459,3,2026-05-06,Delivered,10,20,30
2468,460,1,2026-06-23,Delivered,28,37,30
2469,460,1,2026-06-09,Delivered,26,15,0
2470,460,1,2026-08-18,Delivered,19,10,15
2471,460,1,2026-06-22,Delivered,22,24,0
2472,460,1,2026-07-20,Delivered,16,17,30
2473,460,1,2026-08-23,Delivered,21,7,0
2474,461,4,2026-08-18,Delivered,28,4,30
2475,461,4,2026-04-11,Delivered,28,44,30
2476,462,1,2026-03-15,Delivered,10,27,30
2477,462,1,2026-08-21,Delivered,28,10,15
2478,462,1,2026-04-29,Delivered,26,35,30
2479,462,1,2026-04-30,Delivered,27,40,0
2480,462,1,2026-03-01,Delivered,19,30,30
2481,462,1,2026-05-22,Delivered,10,48,15
2482,462,1,2026-07-25,Delivered,18,2,15
2483,463,4,2026-08-07,Delivered,20,44,15
2484,463,4,2026-08-13,Delivered,24,20,15
2485,463,4,2026-07-05,Delivered,28,22,30
2486,463,4,2026-05-10,Delivered,18,4,0
2487,463,4,2026-05-24,Delivered,21,45,0
2488,463,4,2026-04-28,Delivered,29,37,0
2489,463,4,2026-07-11,Delivered,18,33,15
2490,463,4,2026-04-29,Delivered,26,2,30
2491,463,4,2026-05-29,Delivered,11,48,30
2492,464,5,2026-06-02,Delivered,22,6,15
2493,464,5,2026-04-24,Delivered,29,48,30
2494,464,5,2026-03-20,Delivered,14,9,30
2495,464,5,2026-07-06,Delivered,14,33,30
2496,464,5,2026-03-01,Delivered,30,26,0
2497,464,5,2026-07-18,Delivered,27,30,15
2498,465,5,2026-07-12,Delivered,15,5,0
2499,466,2,2026-08-09,Delivered,23,47,15
2500,466,2,2026-08-12,Delivered,12,28,30
2501,466,2,2026-02-27,Delivered,27,23,0
2502,466,2,2026-05-12,Delivered,18,35,30
2503,467,1,2026-07-11,Delivered,24,36,15
2504,467,1,2026-07-07,Delivered,10,12,15
2505,467,1,2026-06-28,Delivered,25,29,15
2506,467,1,2026-04-26,Delivered,30,24,0
2507,467,1,2026-04-23,Delivered,20,29,30
2508,467,1,2026-08-06,Delivered,23,31,30
2509,467,1,2026-08-08,Delivered,14,9,15
2510,468,4,2026-06-01,Delivered,26,5,15
2511,468,4,2026-08-13,Delivered,25,43,15
2512,468,4,2026-02-28,Delivered,16,33,30
2513,469,5,2026-07-08,Delivered,10,42,30
2514,469,5,2026-04-30,Delivered,16,44,15
2515,470,1,2026-05-30,Delivered,23,14,30
2516,471,5,2026-06-22,Delivered,24,5,15
2517,472,5,2026-08-23,Delivered,20,5,0
2518,472,5,2026-07-08,Delivered,24,35,0
2519,473,2,2026-03-07,Delivered,24,26,30
2520,473,2,2026-05-13,Delivered,14,11,15
2521,473,2,2026-03-23,Delivered,12,5,30
2522,473,2,2026-07-08,Delivered,12,21,15
2523,473,2,2026-06-27,Delivered,24,8,15
2524,473,2,2026-04-25,Delivered,13,3,15
2525,473,2,2026-03-27,Delivered,29,32,0
2526,473,2,2026-05-01,Delivered,18,30,15
2527,474,5,2026-03-25,Delivered,22,22,0
2528,474,5,2026-06-14,Delivered,30,47,15
2529,474,5,2026-05-18,Delivered,11,23,0
2530,474,5,2026-03-14,Delivered,12,39,30
2531,474,5,2026-07-11,Delivered,19,49,15
2532,474,5,2026-05-31,Delivered,19,40,15
2533,474,5,2026-06-09,Delivered,23,17,15
2534,475,1,2026-07-16,Delivered,14,40,30
2535,475,1,2026-05-14,Delivered,17,7,0
2536,475,1,2026-06-17,Delivered,28,14,30
2537,475,1,2026-05-09,Delivered,23,19,0
2538,476,5,2026-08-09,Delivered,18,24,15
2539,476,5,2026-05-29,Delivered,29,43,30
2540,477,2,2026-06-17,Delivered,29,14,15
2541,477,2,2026-04-03,Delivered,25,29,30
2542,477,2,2026-05-31,Delivered,13,30,30
2543,477,2,2026-06-06,Delivered,29,0,15
2544,477,2,2026-05-28,Delivered,11,18,15
2545,478,4,2026-06-15,Delivered,25,11,0
2546,478,4,2026-08-08,Delivered,19,18,30
2547,478,4,2026-04-28,Delivered,22,18,15
2548,478,4,2026-05-09,Delivered,21,34,15
2549,478,4,2026-03-08,Delivered,15,40,15
2550,478,4,2026-06-21,Delivered,24,45,0
2551,479,3,2026-06-05,Delivered,14,39,30
2552,479,3,2026-06-06,Delivered,28,30,15
2553,479,3,2026-04-19,Delivered,19,1,0
2554,479,3,2026-04-06,Delivered,26,23,15
2555,479,3,2026-05-13,Delivered,14,32,15
2556,479,3,2026-05-09,Delivered,15,41,15
2557,480,2,2026-03-04,Delivered,16,3,15
2558,480,2,2026-05-17,Delivered,28,29,0
2559,480,2,2026-05-20,Delivered,23,19,30
2560,480,2,2026-06-20,Delivered,13,2,15
2561,481,1,2026-05-16,Delivered,23,12,0
2562,481,1,2026-04-29,Delivered,14,14,15
2563,481,1,2026-05-04,Delivered,10,44,15
2564,481,1,2026-04-22,Delivered,11,29,15
2565,481,1,2026-04-28,Delivered,14,33,15
2566,481,1,2026-05-10,Delivered,21,12,30
2567,481,1,2026-08-08,Delivered,29,12,0
2568,481,1,2026-05-28,Delivered,12,35,0
2569,481,1,2026-04-25,Delivered,23,35,15
2570,481,1,2026-07-23,Delivered,29,27,15
2571,482,5,2026-07-08,Delivered,21,25,0
2572,482,5,2026-07-21,Delivered,15,8,15
2573,482,5,2026-08-17,Delivered,20,16,15
2574,482,5,2026-03-17,Delivered,10,18,30
2575,482,5,2026-07-28,Delivered,23,2,15
2576,482,5,2026-03-17,Delivered,13,17,15
2577,482,5,2026-04-28,Delivered,27,43,0
2578,482,5,2026-07-05,Delivered,27,5,0
2579,482,5,2026-04-21,Delivered,27,2,0
2580,483,4,2026-08-07,Delivered,26,28,0
2581,483,4,2026-04-18,Delivered,18,9,30
2582,483,4,2026-03-13,Delivered,19,41,0
2583,483,4,2026-05-01,Delivered,28,24,15
2584,483,4,2026-04-11,Delivered,13,47,0
2585,484,2,2026-04-08,Delivered,15,4,30
2586,484,2,2026-08-21,Delivered,27,20,0
2587,484,2,2026-03-02,Delivered,12,14,30
2588,484,2,2026-06-09,Delivered,30,32,15
2589,484,2,2026-04-28,Delivered,19,49,15
2590,484,2,2026-05-15,Delivered,17,37,15
2591,484,2,2026-06-17,Delivered,16,7,0
2592,484,2,2026-06-08,Delivered,21,24,30
2593,485,3,2026-03-18,Delivered,27,18,15
2594,485,3,2026-05-02,Delivered,12,29,15
2595,485,3,2026-04-20,Delivered,27,41,15
2596,485,3,2026-06-25,Delivered,13,37,15
2597,485,3,2026-05-24,Delivered,20,6,0
2598,485,3,2026-07-15,Delivered,26,47,15
2599,485,3,2026-04-16,Delivered,12,13,30
2600,486,5,2026-05-31,Delivered,24,20,0
2601,486,5,2026-04-15,Delivered,26,22,30
2602,486,5,2026-03-08,Delivered,15,46,30
2603,486,5,2026-07-23,Delivered,26,7,0
2604,486,5,2026-04-06,Delivered,30,12,0
2605,486,5,2026-07-19,Delivered,23,49,0
2606,486,5,2026-07-01,Delivered,20,10,0
2607,487,2,2026-06-22,Delivered,12,8,30
2608,487,2,2026-06-11,Delivered,29,3,30
2609,488,4,2026-07-08,Delivered,13,34,0
2610,488,4,2026-06-07,Delivered,25,12,30
2611,488,4,2026-08-03,Delivered,22,36,30
2612,488,4,2026-06-25,Delivered,25,44,15
2613,488,4,2026-08-12,Delivered,24,5,30
2614,488,4,2026-04-26,Delivered,14,13,30
2615,488,4,2026-04-20,Delivered,12,11,15
2616,489,5,2026-06-15,Delivered,13,20,0
2617,489,5,2026-05-23,Delivered,16,34,30
2618,489,5,2026-04-06,Delivered,16,8,0
2619,489,5,2026-08-23,Delivered,13,5,30
2620,490,4,2026-07-06,Delivered,12,50,0
2621,490,4,2026-03-23,Delivered,27,31,0
2622,490,4,2026-08-20,Delivered,27,44,15
2623,490,4,2026-06-10,Delivered,24,30,15
2624,490,4,2026-08-11,Delivered,22,33,15
2625,490,4,2026-05-05,Delivered,13,12,15
2626,490,4,2026-04-11,Delivered,22,21,15
2627,490,4,2026-07-09,Delivered,17,27,30
2628,491,4,2026-05-04,Delivered,23,2,0
2629,491,4,2026-06-20,Delivered,16,38,15
2630,491,4,2026-06-06,Delivered,15,26,30
2631,491,4,2026-08-08,Delivered,12,29,15
2632,491,4,2026-07-17,Delivered,14,8,30
2633,491,4,2026-07-28,Delivered,27,50,0
2634,491,4,2026-07-16,Delivered,29,7,30
2635,491,4,2026-05-20,Delivered,25,16,0
2636,491,4,2026-06-27,Delivered,21,2,15
2637,492,5,2026-05-20,Delivered,10,7,15
2638,492,5,2026-05-24,Delivered,20,37,15
2639,492,5,2026-04-08,Delivered,14,14,15
2640,492,5,2026-07-03,Delivered,22,36,30
2641,492,5,2026-07-27,Delivered,12,2,0
2642,492,5,2026-03-09,Delivered,29,8,30
2643,492,5,2026-03-23,Delivered,17,4,15
2644,492,5,2026-04-04,Delivered,26,33,0
2645,493,4,2026-06-14,Delivered,24,14,0
2646,493,4,2026-06-28,Delivered,21,42,30
2647,494,5,2026-06-14,Delivered,22,16,30
2648,495,1,2026-05-18,Delivered,27,23,0
2649,495,1,2026-03-03,Delivered,26,22,30
2650,495,1,2026-05-28,Delivered,26,28,30
2651,495,1,2026-07-09,Delivered,24,28,30
2652,495,1,2026-04-04,Delivered,29,27,15
2653,495,1,2026-03-12,Delivered,22,9,30
2654,495,1,2026-06-20,Delivered,28,19,0
2655,495,1,2026-06-02,Delivered,22,30,0
2656,496,1,2026-03-09,Delivered,27,30,0
2657,496,1,2026-04-07,Delivered,18,8,30
2658,496,1,2026-04-08,Delivered,24,1,15
2659,496,1,2026-07-02,Delivered,26,50,30
2660,496,1,2026-04-07,Delivered,23,25,30
2661,496,1,2026-02-26,Delivered,13,41,30
2662,496,1,2026-08-19,Delivered,18,44,30
2663,496,1,2026-03-15,Delivered,26,27,15
2664,496,1,2026-03-06,Delivered,21,49,30
2665,496,1,2026-04-06,Delivered,11,7,15
2666,497,2,2026-04-11,Delivered,12,43,15
2667,497,2,2026-07-06,Delivered,29,15,30
2668,497,2,2026-03-22,Delivered,25,24,0
2669,497,2,2026-08-12,Delivered,20,19,0
2670,497,2,2026-04-26,Delivered,19,2,30
2671,497,2,2026-08-09,Delivered,14,14,30
2672,498,3,2026-03-20,Delivered,13,31,0
2673,498,3,2026-08-12,Delivered,23,23,15
2674,499,3,2026-03-30,Delivered,21,21,15
2675,499,3,2026-06-24,Delivered,17,1,0
2676,499,3,2026-07-03,Delivered,17,15,15
2677,499,3,2026-07-14,Delivered,15,11,15
2678,499,3,2026-08-14,Delivered,29,12,0
2679,499,3,2026-07-16,Delivered,23,9,15
2680,499,3,2026-07-10,Delivered,18,10,0
2681,499,3,2026-06-30,Delivered,11,20,30
2682,499,3,2026-08-09,Delivered,19,3,0
2683,499,3,2026-05-10,Delivered,21,5,15
2684,500,1,2026-06-15,Delivered,24,44,30
2685,500,1,2026-04-15,Delivered,12,4,15
2686,500,1,2026-06-20,Delivered,22,38,0
2687,500,1,2026-08-19,Delivered,29,45,15
2688,500,1,2026-05-13,Delivered,11,10,15
2689,500,1,2026-07-15,Delivered,28,13,0
2690,500,1,2026-05-13,Delivered,15,45,15
2691,501,5,2026-04-21,Delivered,26,16,15
2692,501,5,2026-06-11,Delivered,15,1,30
2693,501,5,2026-07-09,Delivered,30,0,30
2694,501,5,2026-04-06,Delivered,14,24,0
2695,501,5,2026-07-29,Delivered,15,37,30
2696,501,5,2026-04-03,Delivered,15,45,30
2697,502,3,2026-06-22,Delivered,22,49,15
2698,502,3,2026-03-03,Delivered,16,19,0
2699,502,3,2026-04-12,Delivered,30,5,15
2700,502,3,2026-05-19,Delivered,30,29,15
2701,503,2,2026-04-25,Delivered,23,38,30
2702,503,2,2026-05-17,Delivered,17,22,15
2703,504,3,2026-02-26,Delivered,13,30,0
2704,504,3,2026-08-12,Delivered,25,5,15
2705,504,3,2026-07-02,Delivered,17,15,0
2706,504,3,2026-06-01,Delivered,18,46,15
2707,504,3,2026-07-28,Delivered,23,22,30
2708,504,3,2026-08-07,Delivered,20,50,15
2709,504,3,2026-05-23,Delivered,27,8,30
2710,504,3,2026-03-27,Delivered,27,40,30
2711,505,5,2026-07-30,Delivered,18,28,15
2712,505,5,2026-04-30,Delivered,15,46,0
2713,505,5,2026-06-03,Delivered,30,46,15
2714,505,5,2026-04-30,Delivered,15,5,30
2715,506,4,2026-05-28,Delivered,14,41,30
2716,506,4,2026-08-13,Delivered,28,38,15
2717,506,4,2026-07-15,Delivered,23,4,30
2718,506,4,2026-07-29,Delivered,20,13,0
2719,506,4,2026-06-10,Delivered,21,18,30
2720,506,4,2026-04-04,Delivered,26,45,15
2721,506,4,2026-04-25,Delivered,30,19,30
2722,506,4,2026-04-11,Delivered,19,37,30
2723,506,4,2026-05-20,Delivered,17,45,15
2724,506,4,2026-07-13,Delivered,30,32,15
2725,507,3,2026-04-03,Delivered,25,12,0
2726,507,3,2026-06-29,Delivered,15,29,30
2727,507,3,2026-04-03,Delivered,12,32,15
2728,507,3,2026-04-15,Delivered,28,0,0
2729,507,3,2026-05-03,Delivered,10,31,0
2730,507,3,2026-07-21,Delivered,26,13,30
2731,507,3,2026-04-10,Delivered,24,14,0
2732,508,3,2026-06-20,Delivered,25,40,30
2733,508,3,2026-05-06,Delivered,19,44,30
2734,508,3,2026-08-22,Delivered,20,31,30
2735,508,3,2026-04-03,Delivered,30,35,0
2736,509,4,2026-04-18,Delivered,26,31,0
2737,509,4,2026-05-18,Delivered,10,31,30
2738,509,4,2026-04-15,Delivered,20,49,0
2739,509,4,2026-08-19,Delivered,19,30,30
2740,509,4,2026-04-28,Delivered,29,37,0
2741,510,1,2026-03-03,Delivered,29,34,30
2742,510,1,2026-08-08,Delivered,21,44,30
2743,510,1,2026-07-21,Delivered,29,23,30
2744,510,1,2026-06-16,Delivered,15,38,15
2745,510,1,2026-05-07,Delivered,26,14,30
2746,510,1,2026-07-03,Delivered,17,35,15
2747,510,1,2026-02-25,Delivered,14,32,0
2748,510,1,2026-07-06,Delivered,10,21,0
2749,510,1,2026-05-11,Delivered,26,11,30
2750,511,1,2026-07-13,Delivered,24,46,15
2751,511,1,2026-07-09,Delivered,24,42,0
2752,511,1,2026-07-14,Delivered,19,26,0
2753,511,1,2026-04-15,Delivered,14,42,0
2754,511,1,2026-04-24,Delivered,25,34,30
2755,511,1,2026-06-28,Delivered,10,40,0
2756,511,1,2026-03-10,Delivered,22,37,0
2757,511,1,2026-05-16,Delivered,22,10,30
2758,511,1,2026-08-15,Delivered,11,18,30
2759,512,1,2026-06-08,Delivered,21,16,0
2760,512,1,2026-04-29,Delivered,12,22,0
2761,512,1,2026-08-22,Delivered,13,35,30
2762,512,1,2026-07-08,Delivered,20,32,30
2763,513,5,2026-08-10,Delivered,21,44,0
2764,513,5,2026-06-08,Delivered,19,33,30
2765,513,5,2026-07-22,Delivered,23,30,15
2766,513,5,2026-03-23,Delivered,26,18,0
2767,513,5,2026-03-13,Delivered,26,15,0
2768,513,5,2026-04-16,Delivered,20,36,30
2769,513,5,2026-07-11,Delivered,12,42,15
2770,513,5,2026-04-02,Delivered,13,35,0
2771,513,5,2026-03-13,Delivered,23,46,0
2772,513,5,2026-03-27,Delivered,20,22,15
2773,514,5,2026-06-12,Delivered,28,24,30
2774,514,5,2026-06-04,Delivered,27,20,30
2775,514,5,2026-06-30,Delivered,24,22,15
2776,514,5,2026-03-14,Delivered,30,35,15
2777,515,4,2026-02-27,Delivered,12,18,15
2778,515,4,2026-04-10,Delivered,30,31,0
2779,515,4,2026-05-15,Delivered,23,7,0
2780,515,4,2026-08-07,Delivered,21,49,0
2781,515,4,2026-07-03,Delivered,23,40,15
2782,515,4,2026-04-20,Delivered,29,28,0
2783,516,4,2026-04-01,Delivered,13,28,30
2784,516,4,2026-06-12,Delivered,28,30,0
2785,516,4,2026-05-02,Delivered,24,21,30
2786,516,4,2026-04-19,Delivered,23,32,30
2787,516,4,2026-05-02,Delivered,16,18,0
2788,516,4,2026-03-28,Delivered,28,8,0
2789,516,4,2026-06-09,Delivered,13,13,15
2790,516,4,2026-05-18,Delivered,22,28,0
2791,516,4,2026-03-14,Delivered,13,40,15
2792,517,4,2026-06-16,Delivered,17,44,30
2793,517,4,2026-08-01,Delivered,15,33,30
2794,517,4,2026-04-12,Delivered,21,0,15
2795,517,4,2026-04-06,Delivered,11,31,0
2796,518,4,2026-08-09,Delivered,21,41,15
2797,519,5,2026-07-22,Delivered,10,22,30
2798,519,5,2026-07-30,Delivered,22,19,0
2799,520,1,2026-05-05,Delivered,27,26,15
2800,520,1,2026-06-05,Delivered,14,38,0
2801,520,1,2026-04-16,Delivered,12,21,30
2802,520,1,2026-08-01,Delivered,22,28,15
2803,520,1,2026-03-27,Delivered,10,25,30
2804,520,1,2026-08-12,Delivered,28,43,0
2805,520,1,2026-08-11,Delivered,12,19,15
2806,520,1,2026-05-21,Delivered,22,13,0
2807,520,1,2026-04-08,Delivered,30,6,0
2808,521,5,2026-08-09,Delivered,14,14,0
2809,521,5,2026-07-12,Delivered,10,19,30
2810,521,5,2026-07-31,Delivered,25,31,15
2811,521,5,2026-05-28,Delivered,13,47,30
2812,521,5,2026-03-17,Delivered,13,3,15
2813,522,3,2026-05-01,Delivered,14,32,0
2814,522,3,2026-07-02,Delivered,12,21,0
2815,522,3,2026-06-08,Delivered,24,9,0
2816,522,3,2026-02-28,Delivered,17,2,30
2817,523,2,2026-02-25,Delivered,28,48,30
2818,523,2,2026-05-21,Delivered,26,4,30
2819,523,2,2026-07-21,Delivered,22,1,0
2820,523,2,2026-08-12,Delivered,28,44,30
2821,523,2,2026-05-10,Delivered,14,3,15
2822,523,2,2026-05-03,Delivered,26,49,0
2823,523,2,2026-03-21,Delivered,25,43,15
2824,524,2,2026-03-30,Delivered,18,31,15
2825,524,2,2026-04-04,Delivered,20,40,15
2826,524,2,2026-03-03,Delivered,25,48,30
2827,525,3,2026-05-07,Delivered,11,9,0
2828,525,3,2026-07-06,Delivered,14,20,15
2829,525,3,2026-03-05,Delivered,20,42,15
2830,525,3,2026-03-25,Delivered,20,46,30
2831,525,3,2026-02-27,Delivered,23,18,15
2832,525,3,2026-05-26,Delivered,27,31,0
2833,525,3,2026-07-31,Delivered,21,3,15
2834,525,3,2026-03-30,Delivered,29,4,30
2835,526,3,2026-08-10,Delivered,21,20,0
2836,526,3,2026-06-16,Delivered,23,4,15
2837,526,3,2026-05-01,Delivered,19,37,30
2838,526,3,2026-04-04,Delivered,22,36,30
2839,526,3,2026-05-17,Delivered,28,32,15
2840,526,3,2026-06-09,Delivered,22,33,15
2841,526,3,2026-07-22,Delivered,15,41,30
2842,526,3,2026-06-10,Delivered,30,40,15
2843,526,3,2026-05-09,Delivered,25,9,15
2844,527,5,2026-04-24,Delivered,24,19,0
2845,528,4,2026-07-22,Delivered,23,12,30
2846,528,4,2026-07-24,Delivered,28,35,15
2847,528,4,2026-05-31,Delivered,16,11,0
2848,528,4,2026-03-18,Delivered,30,39,15
2849,529,5,2026-08-06,Delivered,27,19,0
2850,530,3,2026-06-09,Delivered,28,38,0
2851,531,2,2026-07-09,Delivered,26,21,30
2852,531,2,2026-04-22,Delivered,28,37,15
2853,531,2,2026-06-21,Delivered,20,19,15
2854,531,2,2026-08-20,Delivered,24,41,15
2855,531,2,2026-07-28,Delivered,19,3,15
2856,531,2,2026-05-24,Delivered,27,22,15
2857,531,2,2026-03-12,Delivered,23,22,15
2858,531,2,2026-04-06,Delivered,16,6,30
2859,531,2,2026-05-12,Delivered,11,20,30
2860,531,2,2026-03-25,Delivered,28,0,0
2861,532,2,2026-04-28,Delivered,15,45,15
2862,532,2,2026-03-07,Delivered,22,8,0
2863,532,2,2026-08-18,Delivered,19,17,15
2864,532,2,2026-06-23,Delivered,13,11,0
2865,532,2,2026-06-02,Delivered,17,10,0
2866,532,2,2026-04-15,Delivered,30,8,0
2867,533,2,2026-03-26,Delivered,20,10,30
2868,533,2,2026-04-19,Delivered,15,30,0
2869,533,2,2026-05-30,Delivered,12,11,0
2870,533,2,2026-07-22,Delivered,29,24,15
2871,533,2,2026-07-08,Delivered,16,33,15
2872,533,2,2026-03-26,Delivered,21,25,30
2873,533,2,2026-07-06,Delivered,11,0,30
2874,533,2,2026-07-16,Delivered,22,15,30
2875,534,2,2026-08-03,Delivered,19,50,30
2876,534,2,2026-04-24,Delivered,25,42,30
2877,534,2,2026-07-19,Delivered,16,27,15
2878,534,2,2026-06-27,Delivered,11,48,15
2879,534,2,2026-07-18,Delivered,25,36,15
2880,534,2,2026-03-07,Delivered,20,10,0
2881,534,2,2026-05-30,Delivered,26,20,15
2882,534,2,2026-05-25,Delivered,24,19,30
2883,535,5,2026-05-20,Delivered,17,20,15
2884,535,5,2026-06-10,Delivered,15,44,15
2885,536,3,2026-03-09,Delivered,19,29,30
2886,536,3,2026-07-16,Delivered,18,8,15
2887,536,3,2026-04-09,Delivered,20,15,15
2888,536,3,2026-06-20,Delivered,24,16,15
2889,536,3,2026-05-07,Delivered,20,40,0
2890,536,3,2026-07-21,Delivered,13,36,15
2891,536,3,2026-04-03,Delivered,11,9,15
2892,537,4,2026-06-20,Delivered,28,31,0
2893,537,4,2026-06-05,Delivered,21,41,30
2894,537,4,2026-04-26,Delivered,10,5,30
2895,537,4,2026-04-14,Delivered,28,39,30
2896,537,4,2026-04-25,Delivered,17,42,30
2897,537,4,2026-05-26,Delivered,15,46,30
2898,538,2,2026-06-04,Delivered,10,5,30
2899,539,4,2026-04-19,Delivered,15,28,0
2900,539,4,2026-06-05,Delivered,14,11,15
2901,539,4,2026-07-01,Delivered,27,7,15
2902,539,4,2026-06-16,Delivered,28,18,30
2903,539,4,2026-06-11,Delivered,18,11,15
2904,539,4,2026-03-01,Delivered,18,46,30
2905,539,4,2026-03-04,Delivered,18,4,30
2906,540,4,2026-07-05,Delivered,16,36,0
2907,540,4,2026-02-26,Delivered,13,25,30
2908,540,4,2026-07-11,Delivered,18,7,0
2909,541,4,2026-05-28,Delivered,27,11,15
2910,541,4,2026-07-20,Delivered,29,42,15
2911,541,4,2026-07-06,Delivered,29,33,0
2912,541,4,2026-03-28,Delivered,13,17,30
2913,542,5,2026-06-03,Delivered,12,10,30
2914,542,5,2026-06-11,Delivered,25,20,0
2915,542,5,2026-07-21,Delivered,14,4,0
2916,542,5,2026-06-13,Delivered,28,15,0
2917,542,5,2026-05-19,Delivered,28,35,15
2918,542,5,2026-03-20,Delivered,19,40,30
2919,542,5,2026-08-15,Delivered,28,22,0
2920,542,5,2026-05-24,Delivered,29,11,30
2921,542,5,2026-05-03,Delivered,17,24,0
2922,542,5,2026-07-17,Delivered,28,39,30
2923,543,2,2026-05-07,Delivered,26,49,0
2924,543,2,2026-06-24,Delivered,14,13,15
2925,543,2,2026-07-02,Delivered,23,11,0
2926,543,2,2026-03-03,Delivered,11,45,0
2927,543,2,2026-03-24,Delivered,25,46,15
2928,543,2,2026-07-15,Delivered,29,21,15
2929,543,2,2026-05-30,Delivered,23,25,30
2930,543,2,2026-05-17,Delivered,19,44,0
2931,544,2,2026-05-20,Delivered,16,6,30
2932,544,2,2026-06-24,Delivered,25,37,15
2933,544,2,2026-08-21,Delivered,24,26,30
2934,545,3,2026-08-21,Delivered,22,5,30
2935,545,3,2026-04-19,Delivered,30,19,0
2936,545,3,2026-05-11,Delivered,12,50,15
2937,545,3,2026-03-11,Delivered,15,10,0
2938,545,3,2026-03-13,Delivered,26,0,0
2939,545,3,2026-08-15,Delivered,15,18,30
2940,545,3,2026-07-21,Delivered,26,9,0
2941,545,3,2026-06-28,Delivered,22,13,30
2942,546,3,2026-06-24,Delivered,19,36,0
2943,546,3,2026-04-10,Delivered,11,42,0
2944,546,3,2026-07-30,Delivered,16,28,0
2945,546,3,2026-07-30,Delivered,26,34,15
2946,546,3,2026-07-22,Delivered,27,1,30
2947,546,3,2026-06-29,Delivered,18,38,30
2948,546,3,2026-06-25,Delivered,25,30,15
2949,547,1,2026-04-20,Delivered,14,40,15
2950,547,1,2026-07-31,Delivered,15,17,0
2951,548,4,2026-05-27,Delivered,14,27,0
2952,548,4,2026-06-10,Delivered,24,9,30
2953,548,4,2026-07-20,Delivered,24,22,15
2954,548,4,2026-04-26,Delivered,25,5,0
2955,548,4,2026-07-07,Delivered,10,36,30
2956,548,4,2026-05-21,Delivered,26,25,0
2957,548,4,2026-04-01,Delivered,14,37,0
2958,548,4,2026-04-30,Delivered,13,43,15
2959,549,3,2026-08-01,Delivered,18,48,15
2960,549,3,2026-05-18,Delivered,20,6,0
2961,549,3,2026-08-20,Delivered,20,39,30
2962,550,5,2026-06-14,Delivered,22,14,0
2963,550,5,2026-08-02,Delivered,27,29,30
2964,550,5,2026-08-19,Delivered,15,16,30
2965,550,5,2026-08-19,Delivered,29,50,0
2966,550,5,2026-03-24,Delivered,24,36,30
2967,550,5,2026-05-10,Delivered,14,10,15
2968,550,5,2026-04-16,Delivered,18,27,30
2969,550,5,2026-06-17,Delivered,25,9,30
2970,550,5,2026-05-11,Delivered,28,10,15
2971,551,3,2026-04-26,Delivered,19,15,30
2972,551,3,2026-05-17,Delivered,12,15,30
2973,551,3,2026-06-02,Delivered,26,18,15
2974,551,3,2026-08-17,Delivered,30,9,30
2975,552,3,2026-02-28,Delivered,14,48,30
2976,552,3,2026-07-06,Delivered,25,41,30
2977,552,3,2026-04-08,Delivered,16,11,30
2978,552,3,2026-03-07,Delivered,19,44,15
2979,553,1,2026-03-10,Delivered,25,24,30
2980,553,1,2026-03-22,Delivered,14,46,15
2981,553,1,2026-07-24,Delivered,26,37,15
2982,553,1,2026-03-29,Delivered,12,27,30
2983,553,1,2026-06-27,Delivered,11,23,0
2984,553,1,2026-05-11,Delivered,27,41,15
2985,553,1,2026-04-24,Delivered,23,10,30
2986,553,1,2026-07-30,Delivered,29,46,15
2987,553,1,2026-04-09,Delivered,17,11,30
2988,553,1,2026-08-12,Delivered,19,17,30
2989,554,4,2026-03-14,Delivered,29,19,15
2990,554,4,2026-07-18,Delivered,10,27,15
2991,554,4,2026-07-02,Delivered,22,25,0
2992,554,4,2026-08-15,Delivered,27,7,0
2993,554,4,2026-08-10,Delivered,30,7,0
2994,554,4,2026-06-09,Delivered,12,20,0
2995,554,4,2026-06-01,Delivered,26,47,0
2996,554,4,2026-04-22,Delivered,23,0,30
2997,555,2,2026-03-13,Delivered,26,9,30
2998,556,3,2026-03-12,Delivered,19,25,30
2999,556,3,2026-04-07,Delivered,12,23,30
3000,556,3,2026-08-17,Delivered,14,24,30
3001,556,3,2026-06-12,Delivered,14,9,15
3002,556,3,2026-05-27,Delivered,17,5,15
3003,557,3,2026-03-23,Delivered,27,31,15
3004,557,3,2026-06-23,Delivered,14,47,15
3005,557,3,2026-05-18,Delivered,19,21,0
3006,557,3,2026-05-14,Delivered,29,2,15
3007,557,3,2026-05-04,Delivered,13,4,15
3008,557,3,2026-08-05,Delivered,10,10,15
3009,558,5,2026-03-30,Delivered,28,16,15
3010,558,5,2026-05-29,Delivered,22,23,0
3011,559,2,2026-03-25,Delivered,10,11,30
3012,559,2,2026-05-02,Delivered,23,43,30
3013,559,2,2026-02-27,Delivered,10,14,0
3014,559,2,2026-05-02,Delivered,16,2,0
3015,559,2,2026-04-05,Delivered,13,42,15
3016,559,2,2026-07-25,Delivered,24,31,30
3017,559,2,2026-04-27,Delivered,21,32,15
3018,559,2,2026-06-11,Delivered,29,22,0
3019,560,1,2026-06-21,Delivered,19,39,30
3020,561,2,2026-08-22,Delivered,18,21,0
3021,561,2,2026-08-19,Delivered,17,30,0
3022,561,2,2026-05-27,Delivered,18,4,15
3023,561,2,2026-06-23,Delivered,13,21,0
3024,561,2,2026-05-02,Delivered,20,32,30
3025,562,3,2026-05-05,Delivered,23,7,15
3026,562,3,2026-06-19,Delivered,17,14,15
3027,562,3,2026-06-14,Delivered,27,5,0
3028,562,3,2026-03-26,Delivered,13,37,15
3029,562,3,2026-07-28,Delivered,26,6,15
3030,562,3,2026-06-15,Delivered,22,21,30
3031,562,3,2026-06-18,Delivered,20,1,15
3032,562,3,2026-06-24,Delivered,14,14,30
3033,562,3,2026-03-11,Delivered,13,28,30
3034,562,3,2026-06-29,Delivered,30,31,30
3035,563,1,2026-03-04,Delivered,17,1,30
3036,563,1,2026-03-04,Delivered,17,42,0
3037,563,1,2026-05-18,Delivered,27,12,0
3038,563,1,2026-06-18,Delivered,12,50,30
3039,563,1,2026-08-09,Delivered,19,28,0
3040,563,1,2026-08-02,Delivered,20,21,0
3041,563,1,2026-07-17,Delivered,26,28,15
3042,563,1,2026-07-03,Delivered,21,23,30
3043,564,4,2026-08-01,Delivered,11,46,0
3044,564,4,2026-06-17,Delivered,29,35,30
3045,564,4,2026-07-08,Delivered,27,48,15
3046,564,4,2026-08-04,Delivered,16,12,15
3047,565,5,2026-07-03,Delivered,25,17,30
3048,565,5,2026-03-30,Delivered,12,46,15
3049,565,5,2026-03-12,Delivered,23,3,30
3050,565,5,2026-05-01,Delivered,10,28,15
3051,565,5,2026-03-28,Delivered,19,50,15
3052,566,5,2026-06-02,Delivered,13,42,15
3053,566,5,2026-02-27,Delivered,19,1,15
3054,566,5,2026-08-07,Delivered,14,26,30
3055,566,5,2026-05-05,Delivered,29,40,15
3056,566,5,2026-07-14,Delivered,30,33,15
3057,566,5,2026-04-16,Delivered,11,43,30
3058,566,5,2026-06-12,Delivered,15,2,30
3059,566,5,2026-04-22,Delivered,19,39,0
3060,566,5,2026-03-15,Delivered,16,39,15
3061,566,5,2026-06-20,Delivered,27,22,15
3062,567,2,2026-07-11,Delivered,11,3,15
3063,567,2,2026-07-26,Delivered,23,6,0
3064,567,2,2026-02-26,Delivered,12,40,0
3065,567,2,2026-05-24,Delivered,22,20,15
3066,567,2,2026-08-12,Delivered,21,15,0
3067,568,5,2026-03-07,Delivered,20,6,0
3068,568,5,2026-04-30,Delivered,12,47,30
3069,568,5,2026-05-29,Delivered,18,50,0
3070,568,5,2026-03-26,Delivered,13,4,30
3071,568,5,2026-03-08,Delivered,13,2,0
3072,568,5,2026-05-09,Delivered,20,38,30
3073,568,5,2026-04-10,Delivered,19,3,30
3074,568,5,2026-07-16,Delivered,21,4,30
3075,568,5,2026-04-04,Delivered,19,28,15
3076,569,2,2026-08-22,Delivered,16,10,0
3077,570,1,2026-05-16,Delivered,14,5,0
3078,570,1,2026-06-02,Delivered,25,14,0
3079,570,1,2026-04-06,Delivered,11,14,15
3080,570,1,2026-07-12,Delivered,30,21,30
3081,571,1,2026-05-04,Delivered,15,7,15
3082,571,1,2026-04-18,Delivered,21,30,15
3083,571,1,2026-06-18,Delivered,21,15,15
3084,571,1,2026-04-26,Delivered,16,38,15
3085,571,1,2026-03-17,Delivered,16,46,15
3086,571,1,2026-07-06,Delivered,25,14,0
3087,571,1,2026-04-18,Delivered,27,45,30
3088,572,4,2026-03-25,Delivered,30,27,0
3089,572,4,2026-07-12,Delivered,30,42,30
3090,572,4,2026-03-30,Delivered,11,34,15
3091,573,5,2026-07-26,Delivered,21,15,15
3092,573,5,2026-03-22,Delivered,17,10,15
3093,574,4,2026-06-03,Delivered,21,16,30
3094,574,4,2026-05-25,Delivered,28,48,0
3095,574,4,2026-05-11,Delivered,25,24,0
3096,575,1,2026-06-28,Delivered,11,23,15
3097,575,1,2026-04-10,Delivered,17,9,0
3098,575,1,2026-07-05,Delivered,28,35,0
3099,575,1,2026-06-01,Delivered,22,28,15
3100,576,3,2026-05-02,Delivered,27,24,30
3101,576,3,2026-05-26,Delivered,30,14,0
3102,576,3,2026-07-22,Delivered,24,5,0
3103,576,3,2026-08-13,Delivered,16,18,30
3104,576,3,2026-07-06,Delivered,24,37,30
3105,576,3,2026-06-16,Delivered,12,32,0
3106,576,3,2026-04-08,Delivered,21,39,30
3107,576,3,2026-07-27,Delivered,20,33,30
3108,576,3,2026-02-27,Delivered,21,44,30
3109,576,3,2026-05-30,Delivered,30,13,15
3110,577,4,2026-06-29,Delivered,17,17,15
3111,577,4,2026-03-02,Delivered,12,8,0
3112,577,4,2026-05-27,Delivered,23,15,0
3113,578,3,2026-04-16,Delivered,26,3,0
3114,578,3,2026-04-01,Delivered,13,4,0
3115,579,5,2026-07-24,Delivered,29,32,0
3116,579,5,2026-08-07,Delivered,22,47,0
3117,579,5,2026-08-14,Delivered,23,19,15
3118,579,5,2026-07-08,Delivered,19,4,15
3119,579,5,2026-04-13,Delivered,11,30,0
3120,579,5,2026-06-03,Delivered,30,35,30
3121,580,3,2026-04-10,Delivered,27,18,15
3122,580,3,2026-04-18,Delivered,25,30,30
3123,581,2,2026-06-24,Delivered,15,14,15
3124,581,2,2026-05-13,Delivered,28,29,30
3125,581,2,2026-07-24,Delivered,28,40,15
3126,581,2,2026-07-21,Delivered,29,39,0
3127,581,2,2026-06-01,Delivered,24,19,30
3128,581,2,2026-07-04,Delivered,30,42,15
3129,581,2,2026-04-10,Delivered,24,21,30
3130,581,2,2026-02-26,Delivered,13,35,0
3131,581,2,2026-03-04,Delivered,21,8,0
3132,581,2,2026-05-19,Delivered,19,18,15
3133,582,2,2026-03-29,Delivered,27,38,0
3134,582,2,2026-03-03,Delivered,20,42,0
3135,582,2,2026-06-09,Delivered,21,40,15
3136,582,2,2026-06-28,Delivered,11,30,15
3137,582,2,2026-08-07,Delivered,23,7,0
3138,582,2,2026-04-11,Delivered,24,38,0
3139,582,2,2026-04-07,Delivered,10,21,15
3140,582,2,2026-07-15,Delivered,27,26,15
3141,582,2,2026-03-28,Delivered,27,9,30
3142,582,2,2026-05-08,Delivered,19,45,0
3143,583,4,2026-03-03,Delivered,29,47,0
3144,583,4,2026-03-25,Delivered,29,4,0
3145,584,4,2026-07-02,Delivered,19,41,15
3146,584,4,2026-08-18,Delivered,15,11,30
3147,584,4,2026-05-08,Delivered,26,41,15
3148,584,4,2026-07-17,Delivered,18,20,0
3149,584,4,2026-04-17,Delivered,20,9,15
3150,584,4,2026-03-07,Delivered,13,44,15
3151,584,4,2026-03-13,Delivered,25,32,15
3152,585,3,2026-05-04,Delivered,10,26,0
3153,586,2,2026-03-11,Delivered,28,29,30
3154,586,2,2026-03-18,Delivered,21,31,15
3155,586,2,2026-03-10,Delivered,14,34,15
3156,586,2,2026-05-30,Delivered,10,35,0
3157,586,2,2026-04-04,Delivered,13,10,30
3158,586,2,2026-03-07,Delivered,17,41,15
3159,586,2,2026-08-21,Delivered,10,14,0
3160,586,2,2026-07-30,Delivered,11,30,30
3161,586,2,2026-03-04,Delivered,23,14,15
3162,586,2,2026-03-06,Delivered,16,34,30
3163,587,3,2026-04-18,Delivered,22,22,15
3164,587,3,2026-03-14,Delivered,17,20,15
3165,587,3,2026-03-22,Delivered,25,40,15
3166,587,3,2026-07-23,Delivered,29,44,30
3167,587,3,2026-07-05,Delivered,25,29,15
3168,588,5,2026-06-15,Delivered,16,31,15
3169,588,5,2026-03-31,Delivered,28,31,0
3170,588,5,2026-04-10,Delivered,16,22,0
3171,588,5,2026-07-20,Delivered,13,9,15
3172,588,5,2026-07-10,Delivered,17,43,30
3173,588,5,2026-06-23,Delivered,23,13,15
3174,588,5,2026-06-08,Delivered,14,43,0
3175,588,5,2026-02-28,Delivered,15,45,30
3176,588,5,2026-03-01,Delivered,11,46,0
3177,588,5,2026-08-18,Delivered,29,31,15
3178,589,4,2026-08-15,Delivered,21,47,30
3179,589,4,2026-07-22,Delivered,21,42,30
3180,589,4,2026-06-22,Delivered,25,4,15
3181,589,4,2026-04-21,Delivered,17,38,30
3182,589,4,2026-05-22,Delivered,27,40,15
3183,589,4,2026-06-23,Delivered,22,31,30
3184,590,5,2026-04-03,Delivered,26,34,30
3185,590,5,2026-04-15,Delivered,28,33,30
3186,590,5,2026-04-20,Delivered,23,24,15
3187,590,5,2026-04-20,Delivered,11,46,15
3188,590,5,2026-05-17,Delivered,20,11,0
3189,590,5,2026-08-11,Delivered,28,17,0
3190,591,4,2026-05-13,Delivered,10,39,15
3191,591,4,2026-05-02,Delivered,10,34,15
3192,592,5,2026-05-30,Delivered,18,25,15
3193,592,5,2026-07-04,Delivered,10,39,15
3194,592,5,2026-07-07,Delivered,21,39,30
3195,592,5,2026-08-04,Delivered,13,21,0
3196,592,5,2026-05-15,Delivered,29,12,15
3197,592,5,2026-08-06,Delivered,21,35,0
3198,593,5,2026-04-11,Delivered,14,25,0
3199,593,5,2026-03-11,Delivered,11,39,30
3200,593,5,2026-04-07,Delivered,19,7,15
3201,593,5,2026-06-21,Delivered,21,46,15
3202,593,5,2026-08-12,Delivered,28,14,15
3203,593,5,2026-07-30,Delivered,10,4,30
3204,593,5,2026-04-28,Delivered,21,41,0
3205,593,5,2026-03-04,Delivered,27,23,0
3206,593,5,2026-05-09,Delivered,21,24,30
3207,594,3,2026-08-08,Delivered,29,48,15
3208,594,3,2026-06-04,Delivered,15,25,15
3209,594,3,2026-03-12,Delivered,15,34,15
3210,594,3,2026-03-12,Delivered,15,32,0
3211,595,1,2026-08-10,Delivered,22,14,30
3212,595,1,2026-05-21,Delivered,11,27,15
3213,595,1,2026-08-09,Delivered,29,45,0
3214,595,1,2026-07-19,Delivered,16,25,0
3215,595,1,2026-03-17,Delivered,20,15,15
3216,595,1,2026-05-05,Delivered,25,43,15
3217,595,1,2026-07-22,Delivered,27,47,30
3218,595,1,2026-06-04,Delivered,19,36,30
3219,595,1,2026-07-24,Delivered,19,47,15
3220,596,4,2026-07-03,Delivered,18,2,0
3221,596,4,2026-04-21,Delivered,22,37,30
3222,596,4,2026-04-13,Delivered,22,10,0
3223,596,4,2026-03-21,Delivered,30,6,30
3224,596,4,2026-04-28,Delivered,14,15,0
3225,596,4,2026-08-04,Delivered,12,49,30
3226,597,4,2026-05-28,Delivered,25,1,15
3227,597,4,2026-04-08,Delivered,28,45,0
3228,598,1,2026-06-13,Delivered,23,10,0
3229,598,1,2026-06-27,Delivered,14,31,30
3230,598,1,2026-04-04,Delivered,20,0,0
3231,598,1,2026-05-22,Delivered,11,41,15
3232,598,1,2026-06-16,Delivered,25,23,0
3233,598,1,2026-03-18,Delivered,17,24,15
3234,599,1,2026-07-26,Delivered,28,48,15
3235,599,1,2026-03-20,Delivered,28,23,15
3236,599,1,2026-08-12,Delivered,15,36,15
3237,599,1,2026-04-14,Delivered,19,14,0
3238,600,4,2026-05-10,Delivered,28,1,0
3239,600,4,2026-05-10,Delivered,14,10,15
3240,600,4,2026-04-26,Delivered,13,1,15
3241,600,4,2026-06-23,Delivered,21,38,30
3242,600,4,2026-08-13,Delivered,19,34,0
3243,600,4,2026-06-25,Delivered,25,11,15
3244,600,4,2026-05-15,Delivered,15,15,0
3245,600,4,2026-07-06,Delivered,25,31,15
3246,601,5,2026-08-10,Delivered,15,44,30
3247,601,5,2026-07-20,Delivered,22,29,15
3248,601,5,2026-08-10,Delivered,28,15,30
3249,602,1,2026-06-25,Delivered,21,28,0
3250,602,1,2026-03-03,Delivered,28,13,0
3251,602,1,2026-05-05,Delivered,14,18,30
3252,602,1,2026-03-09,Delivered,28,36,15
3253,602,1,2026-07-16,Delivered,12,9,30
3254,602,1,2026-04-02,Delivered,22,25,15
3255,602,1,2026-08-10,Delivered,19,0,15
3256,602,1,2026-04-25,Delivered,30,23,15
3257,603,1,2026-04-13,Delivered,23,23,15
3258,603,1,2026-05-23,Delivered,12,24,0
3259,603,1,2026-06-05,Delivered,24,42,30
3260,603,1,2026-04-15,Delivered,28,44,30
3261,603,1,2026-04-03,Delivered,10,17,30
3262,603,1,2026-04-11,Delivered,13,22,30
3263,603,1,2026-03-19,Delivered,12,7,15
3264,603,1,2026-03-20,Delivered,15,47,30
3265,604,1,2026-08-01,Delivered,13,5,30
3266,604,1,2026-05-15,Delivered,15,35,15
3267,604,1,2026-04-25,Delivered,24,45,0
3268,604,1,2026-03-02,Delivered,19,23,0
3269,604,1,2026-06-16,Delivered,22,9,0
3270,604,1,2026-04-11,Delivered,19,42,0
3271,604,1,2026-03-13,Delivered,23,32,0
3272,604,1,2026-06-05,Delivered,23,5,30
3273,604,1,2026-03-27,Delivered,13,30,0
3274,605,3,2026-08-16,Delivered,23,7,15
3275,605,3,2026-03-25,Delivered,23,33,30
3276,605,3,2026-05-31,Delivered,15,34,15
3277,605,3,2026-03-21,Delivered,30,12,30
3278,605,3,2026-06-14,Delivered,23,8,0
3279,605,3,2026-03-02,Delivered,28,20,0
3280,605,3,2026-04-29,Delivered,30,5,30
3281,605,3,2026-08-15,Delivered,17,44,0
3282,605,3,2026-04-16,Delivered,20,28,15
3283,605,3,2026-06-04,Delivered,28,1,0
3284,606,3,2026-05-20,Delivered,29,0,30
3285,606,3,2026-04-28,Delivered,16,0,15
3286,607,1,2026-06-10,Delivered,11,27,30
3287,607,1,2026-05-24,Delivered,12,2,15
3288,607,1,2026-07-02,Delivered,22,21,0
3289,607,1,2026-05-01,Delivered,28,14,15
3290,607,1,2026-08-18,Delivered,10,21,0
3291,607,1,2026-06-26,Delivered,28,23,30
3292,607,1,2026-04-22,Delivered,23,11,30
3293,608,5,2026-06-01,Delivered,24,38,30
3294,608,5,2026-03-11,Delivered,16,26,15
3295,608,5,2026-08-01,Delivered,30,25,15
3296,609,4,2026-06-19,Delivered,23,27,0
3297,610,2,2026-05-05,Delivered,15,16,15
3298,610,2,2026-06-12,Delivered,27,30,0
3299,611,2,2026-08-03,Delivered,15,13,0
3300,611,2,2026-07-13,Delivered,13,37,30
3301,611,2,2026-05-17,Delivered,26,31,0
3302,611,2,2026-03-30,Delivered,16,47,30
3303,612,2,2026-08-05,Delivered,26,6,30
3304,612,2,2026-05-27,Delivered,13,43,0
3305,612,2,2026-05-25,Delivered,25,31,0
3306,612,2,2026-06-22,Delivered,16,3,15
3307,613,2,2026-06-12,Delivered,28,14,30
3308,614,5,2026-07-05,Delivered,21,6,0
3309,614,5,2026-07-25,Delivered,29,44,15
3310,614,5,2026-08-12,Delivered,29,35,15
3311,614,5,2026-08-11,Delivered,15,9,30
3312,614,5,2026-08-02,Delivered,26,49,15
3313,614,5,2026-04-23,Delivered,14,31,15
3314,614,5,2026-02-25,Delivered,30,10,0
3315,614,5,2026-04-23,Delivered,28,30,30
3316,614,5,2026-03-12,Delivered,13,5,30
3317,614,5,2026-06-08,Delivered,12,44,30
3318,615,3,2026-07-31,Delivered,24,23,0
3319,615,3,2026-07-26,Delivered,12,49,15
3320,616,4,2026-04-07,Delivered,14,44,30
3321,616,4,2026-03-21,Delivered,17,24,0
3322,616,4,2026-02-26,Delivered,24,8,15
3323,616,4,2026-04-24,Delivered,10,33,15
3324,616,4,2026-05-22,Delivered,27,43,30
3325,616,4,2026-06-01,Delivered,15,2,15
3326,616,4,2026-03-14,Delivered,20,38,0
3327,617,1,2026-05-16,Delivered,16,47,15
3328,617,1,2026-05-20,Delivered,20,40,0
3329,617,1,2026-08-11,Delivered,21,4,0
3330,617,1,2026-08-23,Delivered,29,47,30
3331,617,1,2026-08-05,Delivered,20,19,15
3332,617,1,2026-07-26,Delivered,15,20,0
3333,617,1,2026-07-21,Delivered,26,8,0
3334,617,1,2026-04-06,Delivered,22,47,15
3335,618,4,2026-05-29,Delivered,28,47,0
3336,619,4,2026-07-22,Delivered,21,32,30
3337,619,4,2026-05-14,Delivered,21,12,0
3338,620,4,2026-07-15,Delivered,19,21,0
3339,620,4,2026-06-25,Delivered,24,16,30
3340,620,4,2026-07-19,Delivered,24,10,15
3341,620,4,2026-04-02,Delivered,18,16,30
3342,621,2,2026-05-17,Delivered,11,38,30
3343,621,2,2026-07-29,Delivered,20,17,30
3344,621,2,2026-04-02,Delivered,14,11,0
3345,621,2,2026-07-05,Delivered,18,38,0
3346,621,2,2026-06-22,Delivered,24,35,15
3347,622,5,2026-03-04,Delivered,14,33,15
3348,622,5,2026-07-05,Delivered,11,28,30
3349,622,5,2026-07-18,Delivered,23,38,15
3350,622,5,2026-06-23,Delivered,23,43,0
3351,622,5,2026-08-06,Delivered,14,25,30
3352,622,5,2026-08-21,Delivered,17,46,0
3353,622,5,2026-04-30,Delivered,19,32,0
3354,622,5,2026-06-01,Delivered,22,43,0
3355,623,2,2026-04-09,Delivered,19,36,0
3356,623,2,2026-08-08,Delivered,25,18,0
3357,623,2,2026-06-23,Delivered,10,46,0
3358,624,4,2026-05-14,Delivered,17,28,30
3359,624,4,2026-03-03,Delivered,20,17,30
3360,624,4,2026-05-11,Delivered,13,12,15
3361,624,4,2026-03-05,Delivered,20,47,30
3362,624,4,2026-04-29,Delivered,30,33,0
3363,624,4,2026-07-01,Delivered,25,31,0
3364,624,4,2026-08-08,Delivered,27,16,30
3365,625,4,2026-08-03,Delivered,23,28,0
3366,625,4,2026-05-07,Delivered,17,43,30
3367,625,4,2026-07-28,Delivered,18,7,0
3368,625,4,2026-07-01,Delivered,16,38,0
3369,625,4,2026-05-14,Delivered,21,42,15
3370,626,2,2026-07-14,Delivered,25,28,30
3371,626,2,2026-07-31,Delivered,25,21,30
3372,626,2,2026-07-12,Delivered,17,44,30
3373,626,2,2026-03-23,Delivered,18,20,30
3374,626,2,2026-05-15,Delivered,20,48,15
3375,626,2,2026-03-01,Delivered,12,22,30
3376,627,2,2026-08-07,Delivered,18,25,15
3377,627,2,2026-08-08,Delivered,24,47,0
3378,627,2,2026-04-17,Delivered,11,30,0
3379,627,2,2026-04-18,Delivered,30,34,0
3380,627,2,2026-07-28,Delivered,24,23,30
3381,627,2,2026-06-26,Delivered,29,21,0
3382,627,2,2026-08-16,Delivered,27,32,15
3383,627,2,2026-07-07,Delivered,12,26,0
3384,627,2,2026-08-22,Delivered,12,26,30
3385,628,3,2026-06-03,Delivered,24,4,0
3386,628,3,2026-03-14,Delivered,14,22,15
3387,628,3,2026-04-04,Delivered,16,16,0
3388,628,3,2026-05-28,Delivered,17,34,15
3389,628,3,2026-03-29,Delivered,16,44,15
3390,628,3,2026-04-01,Delivered,30,6,0
3391,628,3,2026-06-17,Delivered,30,45,0
3392,629,2,2026-05-16,Delivered,17,22,15
3393,629,2,2026-08-16,Delivered,11,9,30
3394,629,2,2026-07-17,Delivered,22,15,30
3395,630,4,2026-03-31,Delivered,26,5,15
3396,630,4,2026-07-18,Delivered,18,22,15
3397,630,4,2026-06-12,Delivered,22,26,30
3398,630,4,2026-05-09,Delivered,30,20,0
3399,630,4,2026-05-16,Delivered,10,23,0
3400,630,4,2026-07-02,Delivered,13,50,0
3401,630,4,2026-04-27,Delivered,19,4,15
3402,630,4,2026-03-14,Delivered,15,4,30
3403,631,4,2026-04-27,Delivered,13,16,30
3404,631,4,2026-07-21,Delivered,22,30,15
3405,632,3,2026-06-06,Delivered,23,46,30
3406,632,3,2026-06-24,Delivered,18,41,30
3407,633,2,2026-07-24,Delivered,27,11,30
3408,633,2,2026-07-02,Delivered,30,33,30
3409,633,2,2026-04-19,Delivered,11,20,30
3410,633,2,2026-03-20,Delivered,14,33,30
3411,633,2,2026-06-28,Delivered,20,38,30
3412,634,4,2026-06-27,Delivered,26,28,0
3413,634,4,2026-07-25,Delivered,30,50,30
3414,634,4,2026-04-27,Delivered,20,14,30
3415,634,4,2026-02-27,Delivered,13,24,0
3416,634,4,2026-08-17,Delivered,15,42,30
3417,634,4,2026-03-03,Delivered,15,7,30
3418,634,4,2026-07-09,Delivered,22,39,15
3419,635,1,2026-08-02,Delivered,19,18,0
3420,635,1,2026-05-20,Delivered,13,39,15
3421,636,1,2026-06-23,Delivered,22,50,15
3422,636,1,2026-03-20,Delivered,15,27,15
3423,636,1,2026-08-06,Delivered,24,46,15
3424,636,1,2026-03-31,Delivered,30,36,0
3425,637,5,2026-06-16,Delivered,16,3,15
3426,637,5,2026-08-06,Delivered,15,12,30
3427,638,4,2026-04-02,Delivered,14,25,30
3428,638,4,2026-06-11,Delivered,10,6,0
3429,638,4,2026-07-23,Delivered,20,4,30
3430,638,4,2026-05-25,Delivered,15,31,15
3431,638,4,2026-07-05,Delivered,13,17,0
3432,639,3,2026-04-27,Delivered,25,40,30
3433,639,3,2026-06-29,Delivered,23,16,0
3434,639,3,2026-07-09,Delivered,26,5,30
3435,639,3,2026-06-05,Delivered,13,21,15
3436,639,3,2026-07-26,Delivered,22,43,30
3437,639,3,2026-06-01,Delivered,11,40,30
3438,639,3,2026-04-11,Delivered,18,46,0
3439,640,5,2026-05-02,Delivered,13,21,15
3440,640,5,2026-07-07,Delivered,15,49,15
3441,640,5,2026-04-26,Delivered,23,45,0
3442,641,1,2026-08-17,Delivered,21,15,0
3443,641,1,2026-08-20,Delivered,29,32,30
3444,641,1,2026-04-08,Delivered,17,20,30
3445,641,1,2026-05-04,Delivered,16,50,0
3446,641,1,2026-04-12,Delivered,21,21,15
3447,641,1,2026-03-28,Delivered,11,38,30
3448,641,1,2026-04-15,Delivered,21,0,15
3449,642,2,2026-04-15,Delivered,14,1,30
3450,642,2,2026-07-21,Delivered,28,48,30
3451,642,2,2026-07-25,Delivered,27,22,30
3452,642,2,2026-08-16,Delivered,25,8,0
3453,642,2,2026-07-21,Delivered,10,30,15
3454,642,2,2026-07-20,Delivered,28,48,30
3455,642,2,2026-06-08,Delivered,30,24,15
3456,642,2,2026-07-15,Delivered,23,0,15
3457,642,2,2026-03-09,Delivered,13,44,30
3458,643,5,2026-04-19,Delivered,12,6,15
3459,643,5,2026-03-27,Delivered,11,15,0
3460,643,5,2026-03-12,Delivered,14,43,0
3461,643,5,2026-03-15,Delivered,30,44,0
3462,643,5,2026-06-03,Delivered,10,1,15
3463,643,5,2026-07-20,Delivered,13,20,30
3464,643,5,2026-04-28,Delivered,26,1,15
3465,643,5,2026-06-10,Delivered,26,24,30
3466,643,5,2026-03-14,Delivered,15,6,30
3467,644,1,2026-05-19,Delivered,12,5,15
3468,644,1,2026-03-20,Delivered,19,23,15
3469,644,1,2026-07-29,Delivered,28,10,30
3470,644,1,2026-06-20,Delivered,22,34,30
3471,644,1,2026-05-04,Delivered,23,9,30
3472,644,1,2026-08-16,Delivered,22,7,30
3473,645,3,2026-08-19,Delivered,26,9,0
3474,645,3,2026-05-09,Delivered,15,23,15
3475,645,3,2026-05-26,Delivered,28,16,15
3476,645,3,2026-07-02,Delivered,27,5,0
3477,645,3,2026-05-02,Delivered,10,4,30
3478,645,3,2026-08-23,Delivered,22,49,30
3479,645,3,2026-07-30,Delivered,11,15,30
3480,645,3,2026-07-13,Delivered,24,19,15
3481,645,3,2026-05-10,Delivered,25,37,15
3482,645,3,2026-03-30,Delivered,15,9,30
3483,646,3,2026-03-06,Delivered,17,47,0
3484,646,3,2026-04-13,Delivered,30,24,15
3485,646,3,2026-08-01,Delivered,28,15,15
3486,646,3,2026-07-16,Delivered,14,7,15
3487,646,3,2026-04-02,Delivered,19,34,15
3488,646,3,2026-07-02,Delivered,22,47,15
3489,646,3,2026-03-10,Delivered,28,33,0
3490,646,3,2026-07-28,Delivered,22,20,0
3491,646,3,2026-08-14,Delivered,12,43,0
3492,646,3,2026-05-09,Delivered,15,37,30
3493,647,1,2026-02-26,Delivered,18,41,30
3494,647,1,2026-07-02,Delivered,11,11,15
3495,647,1,2026-07-18,Delivered,28,30,30
3496,647,1,2026-06-29,Delivered,22,0,30
3497,647,1,2026-03-12,Delivered,15,38,0
3498,647,1,2026-05-22,Delivered,19,34,30
3499,647,1,2026-08-05,Delivered,29,15,0
3500,648,1,2026-08-14,Delivered,27,3,0
3501,648,1,2026-04-10,Delivered,18,8,30
3502,648,1,2026-06-01,Delivered,27,42,0
3503,648,1,2026-03-24,Delivered,23,50,15
3504,648,1,2026-07-24,Delivered,19,4,0
3505,649,1,2026-03-24,Delivered,20,27,0
3506,649,1,2026-04-15,Delivered,12,10,30
3507,649,1,2026-06-19,Delivered,27,47,0
3508,650,2,2026-06-08,Delivered,26,39,30
3509,651,5,2026-07-07,Delivered,22,3,30
3510,651,5,2026-04-11,Delivered,26,22,30
3511,651,5,2026-02-28,Delivered,27,7,0
3512,651,5,2026-08-04,Delivered,29,25,15
3513,651,5,2026-04-29,Delivered,11,24,30
3514,651,5,2026-05-02,Delivered,26,32,30
3515,651,5,2026-06-21,Delivered,21,49,15
3516,652,4,2026-03-06,Delivered,10,21,15
3517,652,4,2026-05-12,Delivered,29,34,0
3518,652,4,2026-05-04,Delivered,13,19,30
3519,652,4,2026-07-10,Delivered,24,31,0
3520,653,5,2026-07-31,Delivered,27,6,30
3521,653,5,2026-03-29,Delivered,27,46,30
3522,654,4,2026-04-27,Delivered,15,38,0
3523,654,4,2026-07-03,Delivered,12,3,30
3524,654,4,2026-05-06,Delivered,21,25,15
3525,655,1,2026-05-24,Delivered,28,1,30
3526,655,1,2026-07-18,Delivered,22,48,15
3527,655,1,2026-08-08,Delivered,13,20,15
3528,655,1,2026-07-16,Delivered,23,35,0
3529,655,1,2026-07-10,Delivered,19,28,15
3530,655,1,2026-05-12,Delivered,20,15,30
3531,656,4,2026-03-19,Delivered,27,29,30
3532,656,4,2026-05-30,Delivered,28,41,30
3533,656,4,2026-06-25,Delivered,16,19,15
3534,656,4,2026-03-17,Delivered,16,10,15
3535,656,4,2026-04-28,Delivered,25,6,15
3536,656,4,2026-03-18,Delivered,22,41,0
3537,656,4,2026-07-10,Delivered,22,27,15
3538,656,4,2026-06-19,Delivered,25,49,15
3539,656,4,2026-07-11,Delivered,11,45,30
3540,656,4,2026-06-12,Delivered,21,3,30
3541,657,4,2026-05-14,Delivered,22,2,15
3542,657,4,2026-08-12,Delivered,23,47,30
3543,657,4,2026-07-23,Delivered,29,28,30
3544,657,4,2026-04-19,Delivered,20,2,15
3545,657,4,2026-08-03,Delivered,15,42,30
3546,657,4,2026-05-05,Delivered,25,22,15
3547,657,4,2026-06-13,Delivered,28,19,15
3548,658,5,2026-05-05,Delivered,25,40,15
3549,658,5,2026-06-14,Delivered,23,24,30
3550,658,5,2026-07-31,Delivered,20,22,0
3551,658,5,2026-06-10,Delivered,30,41,0
3552,658,5,2026-05-05,Delivered,28,36,15
3553,658,5,2026-04-03,Delivered,14,23,0
3554,659,5,2026-05-26,Delivered,20,18,30
3555,659,5,2026-04-11,Delivered,23,26,30
3556,659,5,2026-06-19,Delivered,19,19,30
3557,660,1,2026-05-29,Delivered,27,4,0
3558,660,1,2026-03-09,Delivered,29,25,30
3559,660,1,2026-05-30,Delivered,10,44,0
3560,660,1,2026-03-03,Delivered,24,44,30
3561,660,1,2026-04-18,Delivered,13,45,0
3562,660,1,2026-04-30,Delivered,11,43,30
3563,661,5,2026-08-12,Delivered,17,49,0
3564,661,5,2026-06-26,Delivered,27,32,15
3565,661,5,2026-05-09,Delivered,15,45,15
3566,661,5,2026-08-06,Delivered,27,47,30
3567,662,1,2026-02-28,Delivered,25,40,30
3568,662,1,2026-06-25,Delivered,10,21,30
3569,662,1,2026-04-28,Delivered,15,6,0
3570,662,1,2026-04-16,Delivered,25,25,15
3571,662,1,2026-07-18,Delivered,12,17,30
3572,662,1,2026-05-17,Delivered,23,27,30
3573,662,1,2026-07-01,Delivered,26,30,0
3574,662,1,2026-07-20,Delivered,24,15,30
3575,662,1,2026-08-22,Delivered,11,50,30
3576,663,2,2026-05-04,Delivered,19,28,30
3577,663,2,2026-07-23,Delivered,26,0,15
3578,663,2,2026-07-12,Delivered,16,45,30
3579,664,2,2026-03-31,Delivered,20,10,30
3580,664,2,2026-08-09,Delivered,28,30,15
3581,664,2,2026-08-23,Delivered,15,27,15
3582,664,2,2026-04-30,Delivered,18,32,30
3583,664,2,2026-08-05,Delivered,21,42,0
3584,664,2,2026-04-21,Delivered,17,31,15
3585,664,2,2026-03-30,Delivered,13,23,30
3586,664,2,2026-03-10,Delivered,15,41,15
3587,665,5,2026-08-15,Delivered,17,2,15
3588,665,5,2026-06-28,Delivered,30,35,15
3589,665,5,2026-03-17,Delivered,25,35,15
3590,665,5,2026-04-27,Delivered,27,10,0
3591,665,5,2026-08-14,Delivered,30,45,30
3592,665,5,2026-05-02,Delivered,19,26,0
3593,665,5,2026-07-29,Delivered,18,41,15
3594,665,5,2026-03-26,Delivered,23,34,0
3595,666,3,2026-07-01,Delivered,23,34,15
3596,666,3,2026-02-27,Delivered,12,0,15
3597,666,3,2026-08-13,Delivered,19,2,15
3598,666,3,2026-03-27,Delivered,29,34,0
3599,667,5,2026-07-07,Delivered,25,22,30
3600,667,5,2026-07-24,Delivered,29,37,30
3601,667,5,2026-03-07,Delivered,27,35,0
3602,667,5,2026-07-02,Delivered,12,11,30
3603,667,5,2026-03-12,Delivered,30,43,0
3604,667,5,2026-07-22,Delivered,14,43,15
3605,668,3,2026-04-24,Delivered,10,38,30
3606,668,3,2026-03-12,Delivered,22,21,0
3607,668,3,2026-05-12,Delivered,21,27,0
3608,668,3,2026-07-13,Delivered,21,4,30
3609,668,3,2026-05-06,Delivered,29,5,30
3610,668,3,2026-07-21,Delivered,24,2,30
3611,668,3,2026-07-17,Delivered,25,1,30
3612,668,3,2026-08-18,Delivered,11,43,0
3613,668,3,2026-03-09,Delivered,25,12,0
3614,668,3,2026-05-29,Delivered,17,7,15
3615,669,4,2026-03-22,Delivered,16,10,0
3616,669,4,2026-03-08,Delivered,25,36,30
3617,669,4,2026-06-14,Delivered,17,35,15
3618,669,4,2026-08-10,Delivered,21,26,30
3619,669,4,2026-07-11,Delivered,10,39,0
3620,669,4,2026-05-28,Delivered,30,37,0
3621,669,4,2026-02-27,Delivered,10,39,30
3622,669,4,2026-08-11,Delivered,19,12,0
3623,669,4,2026-07-31,Delivered,26,26,0
3624,669,4,2026-03-09,Delivered,29,31,15
3625,670,5,2026-06-13,Delivered,16,45,0
3626,670,5,2026-03-17,Delivered,24,18,30
3627,670,5,2026-08-20,Delivered,30,28,0
3628,670,5,2026-05-16,Delivered,21,15,0
3629,670,5,2026-06-30,Delivered,18,30,30
3630,670,5,2026-03-11,Delivered,10,31,30
3631,671,3,2026-05-12,Delivered,23,13,30
3632,671,3,2026-08-02,Delivered,25,44,15
3633,671,3,2026-04-02,Delivered,20,14,15
3634,671,3,2026-05-22,Delivered,11,31,30
3635,672,4,2026-08-03,Delivered,16,4,30
3636,672,4,2026-04-17,Delivered,29,19,0
3637,672,4,2026-03-25,Delivered,24,43,15
3638,672,4,2026-08-19,Delivered,18,40,15
3639,672,4,2026-06-24,Delivered,18,47,0
3640,672,4,2026-07-27,Delivered,20,32,30
3641,672,4,2026-07-12,Delivered,18,30,30
3642,672,4,2026-05-01,Delivered,30,48,30
3643,672,4,2026-03-28,Delivered,22,21,0
3644,672,4,2026-05-19,Delivered,13,3,15
3645,673,5,2026-04-25,Delivered,30,31,15
3646,673,5,2026-07-21,Delivered,24,24,30
3647,673,5,2026-06-05,Delivered,18,38,30
3648,673,5,2026-07-27,Delivered,24,35,30
3649,673,5,2026-04-28,Delivered,15,45,30
3650,673,5,2026-04-25,Delivered,14,38,0
3651,674,1,2026-05-31,Delivered,10,34,30
3652,674,1,2026-05-02,Delivered,21,18,30
3653,675,3,2026-07-17,Delivered,16,49,0
3654,675,3,2026-04-16,Delivered,16,44,15
3655,675,3,2026-03-25,Delivered,27,0,15
3656,675,3,2026-06-11,Delivered,21,7,15
3657,675,3,2026-05-28,Delivered,16,5,15
3658,675,3,2026-06-30,Delivered,21,7,15
3659,675,3,2026-07-03,Delivered,12,11,0
3660,675,3,2026-06-13,Delivered,16,12,30
3661,675,3,2026-05-21,Delivered,16,33,15
3662,676,4,2026-07-08,Delivered,12,37,15
3663,676,4,2026-08-08,Delivered,30,41,30
3664,677,5,2026-05-09,Delivered,16,27,0
3665,677,5,2026-06-28,Delivered,21,44,15
3666,677,5,2026-04-03,Delivered,11,11,0
3667,677,5,2026-06-28,Delivered,18,27,15
3668,677,5,2026-04-21,Delivered,16,37,15
3669,677,5,2026-04-24,Delivered,16,7,30
3670,678,3,2026-04-23,Delivered,25,18,30
3671,679,1,2026-08-13,Delivered,19,42,30
3672,679,1,2026-03-26,Delivered,13,4,15
3673,679,1,2026-04-06,Delivered,15,16,0
3674,679,1,2026-08-23,Delivered,26,34,15
3675,679,1,2026-08-08,Delivered,27,21,0
3676,679,1,2026-03-14,Delivered,15,18,15
3677,679,1,2026-03-31,Delivered,18,2,15
3678,680,2,2026-07-24,Delivered,27,21,0
3679,680,2,2026-02-25,Delivered,25,29,30
3680,680,2,2026-04-11,Delivered,15,12,15
3681,680,2,2026-07-28,Delivered,25,26,30
3682,680,2,2026-06-11,Delivered,24,32,30
3683,680,2,2026-06-19,Delivered,30,9,0
3684,680,2,2026-06-19,Delivered,26,27,30
3685,681,1,2026-05-10,Delivered,10,41,0
3686,681,1,2026-04-24,Delivered,22,13,0
3687,681,1,2026-05-19,Delivered,18,26,30
3688,681,1,2026-07-16,Delivered,10,39,15
3689,682,5,2026-03-18,Delivered,21,7,15
3690,682,5,2026-06-26,Delivered,29,6,15
3691,682,5,2026-06-09,Delivered,29,32,30
3692,682,5,2026-03-31,Delivered,16,7,15
3693,682,5,2026-07-16,Delivered,13,8,30
3694,682,5,2026-04-25,Delivered,29,23,30
3695,683,1,2026-04-26,Delivered,16,20,30
3696,683,1,2026-06-21,Delivered,21,40,0
3697,683,1,2026-03-12,Delivered,15,38,0
3698,683,1,2026-07-26,Delivered,28,17,30
3699,683,1,2026-07-02,Delivered,12,10,30
3700,683,1,2026-06-01,Delivered,25,0,0
3701,683,1,2026-04-26,Delivered,30,39,15
3702,683,1,2026-03-18,Delivered,10,0,0
3703,684,2,2026-05-29,Delivered,28,2,0
3704,684,2,2026-06-20,Delivered,26,18,15
3705,684,2,2026-08-02,Delivered,27,21,0
3706,684,2,2026-04-13,Delivered,26,32,0
3707,684,2,2026-04-16,Delivered,19,29,0
3708,684,2,2026-06-17,Delivered,20,31,0
3709,684,2,2026-05-05,Delivered,10,20,30
3710,684,2,2026-05-04,Delivered,25,41,30
3711,684,2,2026-02-28,Delivered,21,13,0
3712,684,2,2026-02-26,Delivered,10,36,15
3713,685,2,2026-06-30,Delivered,12,0,15
3714,685,2,2026-06-27,Delivered,12,29,15
3715,685,2,2026-06-16,Delivered,27,35,15
3716,686,2,2026-03-18,Delivered,21,28,0
3717,686,2,2026-03-04,Delivered,21,16,30
3718,686,2,2026-07-27,Delivered,13,43,15
3719,686,2,2026-07-25,Delivered,24,4,30
3720,686,2,2026-04-03,Delivered,11,21,15
3721,687,1,2026-06-20,Delivered,26,16,15
3722,687,1,2026-04-17,Delivered,16,34,15
3723,687,1,2026-03-30,Delivered,26,6,0
3724,687,1,2026-04-17,Delivered,23,34,30
3725,687,1,2026-08-06,Delivered,21,33,15
3726,688,4,2026-05-28,Delivered,13,26,0
3727,688,4,2026-04-12,Delivered,20,27,30
3728,688,4,2026-08-21,Delivered,20,26,15
3729,688,4,2026-06-21,Delivered,21,43,0
3730,688,4,2026-06-15,Delivered,13,39,15
3731,688,4,2026-05-30,Delivered,10,44,30
3732,688,4,2026-03-13,Delivered,11,30,0
3733,688,4,2026-07-30,Delivered,10,44,0
3734,689,2,2026-05-07,Delivered,18,38,0
3735,689,2,2026-02-25,Delivered,13,12,0
3736,689,2,2026-05-23,Delivered,24,25,30
3737,690,5,2026-05-24,Delivered,29,22,30
3738,690,5,2026-03-25,Delivered,29,16,15
3739,690,5,2026-08-14,Delivered,22,1,15
3740,690,5,2026-03-31,Delivered,22,28,15
3741,690,5,2026-05-07,Delivered,23,2,15
3742,690,5,2026-06-10,Delivered,20,24,15
3743,690,5,2026-04-27,Delivered,18,8,30
3744,690,5,2026-03-24,Delivered,20,28,0
3745,690,5,2026-04-03,Delivered,26,50,30
3746,691,1,2026-04-25,Delivered,11,31,30
3747,691,1,2026-06-07,Delivered,28,50,30
3748,691,1,2026-03-15,Delivered,17,13,0
3749,691,1,2026-07-09,Delivered,23,13,0
3750,691,1,2026-03-06,Delivered,27,38,15
3751,691,1,2026-06-27,Delivered,19,10,30
3752,691,1,2026-07-04,Delivered,13,27,30
3753,691,1,2026-06-12,Delivered,25,36,15
3754,692,3,2026-07-05,Delivered,16,7,0
3755,692,3,2026-06-10,Delivered,12,48,15
3756,692,3,2026-06-04,Delivered,22,13,30
3757,692,3,2026-03-30,Delivered,13,42,15
3758,692,3,2026-07-04,Delivered,18,13,30
3759,692,3,2026-04-30,Delivered,11,7,30
3760,692,3,2026-05-29,Delivered,20,38,15
3761,692,3,2026-07-27,Delivered,19,32,0
3762,693,5,2026-04-29,Delivered,10,47,15
3763,693,5,2026-05-13,Delivered,25,47,0
3764,694,2,2026-07-03,Delivered,16,37,0
3765,694,2,2026-03-13,Delivered,26,43,0
3766,694,2,2026-06-13,Delivered,28,38,15
3767,694,2,2026-04-28,Delivered,22,28,0
3768,694,2,2026-07-13,Delivered,27,18,0
3769,694,2,2026-06-07,Delivered,27,37,30
3770,695,2,2026-03-02,Delivered,15,41,15
3771,695,2,2026-03-16,Delivered,27,12,15
3772,695,2,2026-08-15,Delivered,14,43,15
3773,695,2,2026-06-19,Delivered,28,24,0
3774,695,2,2026-04-08,Delivered,16,47,0
3775,695,2,2026-05-20,Delivered,27,45,30
3776,695,2,2026-05-30,Delivered,26,21,0
3777,696,3,2026-02-28,Delivered,18,19,30
3778,696,3,2026-07-02,Delivered,21,2,30
3779,696,3,2026-03-02,Delivered,15,16,30
3780,696,3,2026-03-31,Delivered,23,10,30
3781,696,3,2026-06-10,Delivered,17,6,0
3782,696,3,2026-03-15,Delivered,25,23,0
3783,696,3,2026-04-04,Delivered,13,29,15
3784,696,3,2026-03-30,Delivered,10,12,30
3785,697,3,2026-06-20,Delivered,11,12,15
3786,697,3,2026-05-03,Delivered,18,19,15
3787,697,3,2026-05-26,Delivered,25,26,30
3788,698,4,2026-07-12,Delivered,20,25,0
3789,698,4,2026-03-06,Delivered,26,26,0
3790,698,4,2026-04-11,Delivered,13,46,30
3791,698,4,2026-07-28,Delivered,29,7,30
3792,698,4,2026-07-05,Delivered,14,44,30
3793,698,4,2026-07-20,Delivered,18,9,0
3794,698,4,2026-06-11,Delivered,14,48,15
3795,698,4,2026-07-02,Delivered,11,13,0
3796,698,4,2026-03-28,Delivered,25,37,15
3797,698,4,2026-06-26,Delivered,11,14,30
3798,699,4,2026-08-12,Delivered,26,5,30
3799,699,4,2026-05-13,Delivered,26,41,15
3800,699,4,2026-04-22,Delivered,19,17,0
3801,699,4,2026-04-09,Delivered,27,0,15
3802,699,4,2026-08-21,Delivered,13,33,15
3803,699,4,2026-07-13,Delivered,29,26,30
3804,699,4,2026-04-12,Delivered,28,33,15
3805,699,4,2026-04-18,Delivered,20,22,30
3806,699,4,2026-07-15,Delivered,11,48,0
3807,699,4,2026-05-04,Delivered,28,30,15
3808,700,4,2026-04-23,Delivered,11,36,0
3809,700,4,2026-07-19,Delivered,14,26,15
3810,700,4,2026-03-31,Delivered,27,34,15
3811,700,4,2026-03-11,Delivered,22,1,15
3812,700,4,2026-04-09,Delivered,12,7,15
3813,700,4,2026-02-25,Delivered,12,5,15
3814,700,4,2026-07-31,Delivered,14,10,15
3815,700,4,2026-05-02,Delivered,18,15,15
3816,701,5,2026-06-16,Delivered,13,16,30
3817,701,5,2026-06-08,Delivered,24,32,0
3818,701,5,2026-04-10,Delivered,12,49,30
3819,701,5,2026-08-12,Delivered,14,8,30
3820,701,5,2026-06-26,Delivered,17,44,30
3821,702,2,2026-05-19,Delivered,30,35,15
3822,703,4,2026-05-19,Delivered,14,10,0
3823,703,4,2026-07-26,Delivered,13,1,30
3824,703,4,2026-03-18,Delivered,18,15,0
3825,703,4,2026-07-17,Delivered,29,27,30
3826,703,4,2026-07-21,Delivered,16,10,15
3827,704,3,2026-03-30,Delivered,15,5,0
3828,704,3,2026-04-26,Delivered,15,1,15
3829,704,3,2026-05-16,Delivered,14,23,0
3830,704,3,2026-06-25,Delivered,30,12,30
3831,704,3,2026-06-15,Delivered,27,45,15
3832,704,3,2026-04-28,Delivered,28,12,15
3833,704,3,2026-05-10,Delivered,11,4,30
3834,704,3,2026-05-23,Delivered,14,36,0
3835,705,4,2026-08-10,Delivered,16,29,30
3836,705,4,2026-03-27,Delivered,12,29,0
3837,706,3,2026-05-11,Delivered,24,43,15
3838,706,3,2026-06-11,Delivered,12,17,15
3839,706,3,2026-05-29,Delivered,20,40,30
3840,706,3,2026-07-09,Delivered,11,31,15
3841,706,3,2026-07-09,Delivered,12,34,0
3842,706,3,2026-03-06,Delivered,24,18,0
3843,707,1,2026-07-31,Delivered,30,32,0
3844,707,1,2026-07-11,Delivered,28,21,30
3845,707,1,2026-03-30,Delivered,18,39,15
3846,707,1,2026-06-01,Delivered,16,18,15
3847,707,1,2026-08-22,Delivered,25,22,30
3848,707,1,2026-07-02,Delivered,28,47,15
3849,707,1,2026-03-16,Delivered,30,20,30
3850,707,1,2026-04-25,Delivered,20,41,15
3851,707,1,2026-08-09,Delivered,19,34,15
3852,708,3,2026-08-17,Delivered,20,14,0
3853,708,3,2026-06-22,Delivered,14,17,0
3854,708,3,2026-06-30,Delivered,19,14,0
3855,708,3,2026-06-20,Delivered,16,34,30
3856,708,3,2026-05-28,Delivered,13,31,15
3857,708,3,2026-05-02,Delivered,16,49,30
3858,709,1,2026-02-26,Delivered,17,25,30
3859,709,1,2026-06-26,Delivered,27,46,30
3860,709,1,2026-05-10,Delivered,19,35,0
3861,709,1,2026-07-27,Delivered,14,6,15
3862,709,1,2026-05-05,Delivered,30,36,30
3863,709,1,2026-06-16,Delivered,24,0,15
3864,709,1,2026-05-17,Delivered,29,6,30
3865,709,1,2026-03-14,Delivered,21,1,30
3866,710,4,2026-07-22,Delivered,25,49,15
3867,710,4,2026-08-23,Delivered,10,21,30
3868,710,4,2026-07-18,Delivered,22,4,15
3869,710,4,2026-05-24,Delivered,24,37,30
3870,710,4,2026-04-03,Delivered,11,46,15
3871,710,4,2026-05-07,Delivered,25,36,30
3872,710,4,2026-04-20,Delivered,14,36,0
3873,710,4,2026-07-21,Delivered,27,11,30
3874,711,5,2026-08-09,Delivered,18,1,30
3875,711,5,2026-05-03,Delivered,14,38,0
3876,711,5,2026-07-10,Delivered,27,49,0
3877,711,5,2026-04-23,Delivered,24,33,30
3878,711,5,2026-04-19,Delivered,21,17,0
3879,711,5,2026-07-18,Delivered,13,2,0
3880,711,5,2026-07-05,Delivered,26,49,0
3881,711,5,2026-05-16,Delivered,21,11,15
3882,711,5,2026-07-15,Delivered,21,33,30
3883,711,5,2026-07-21,Delivered,20,31,30
3884,712,1,2026-05-22,Delivered,28,23,30
3885,712,1,2026-06-10,Delivered,12,32,0
3886,712,1,2026-08-18,Delivered,25,18,15
3887,712,1,2026-05-26,Delivered,13,32,30
3888,712,1,2026-04-01,Delivered,21,31,30
3889,713,3,2026-06-05,Delivered,23,13,15
3890,713,3,2026-02-26,Delivered,24,5,15
3891,713,3,2026-05-26,Delivered,21,29,15
3892,713,3,2026-07-19,Delivered,10,46,30
3893,713,3,2026-04-05,Delivered,29,8,0
3894,713,3,2026-04-11,Delivered,25,40,15
3895,713,3,2026-07-02,Delivered,28,26,0
3896,713,3,2026-07-29,Delivered,20,8,30
3897,713,3,2026-06-28,Delivered,28,31,30
3898,714,5,2026-06-07,Delivered,16,32,0
3899,714,5,2026-05-03,Delivered,29,5,30
3900,714,5,2026-07-28,Delivered,19,17,0
3901,714,5,2026-04-16,Delivered,15,15,30
3902,714,5,2026-06-20,Delivered,16,8,0
3903,714,5,2026-04-02,Delivered,16,4,30
3904,714,5,2026-05-05,Delivered,29,50,30
3905,714,5,2026-03-09,Delivered,26,6,0
3906,714,5,2026-03-09,Delivered,11,45,0
3907,714,5,2026-07-27,Delivered,28,45,30
3908,715,4,2026-07-07,Delivered,23,6,15
3909,715,4,2026-05-09,Delivered,30,35,30
3910,716,3,2026-05-24,Delivered,28,45,30
3911,716,3,2026-07-20,Delivered,17,31,0
3912,716,3,2026-04-18,Delivered,20,47,0
3913,716,3,2026-07-17,Delivered,20,22,15
3914,716,3,2026-05-14,Delivered,18,0,15
3915,716,3,2026-07-20,Delivered,21,37,0
3916,716,3,2026-07-15,Delivered,27,21,30
3917,716,3,2026-03-28,Delivered,26,32,15
3918,717,1,2026-03-08,Delivered,15,39,30
3919,717,1,2026-03-27,Delivered,27,35,15
3920,717,1,2026-03-12,Delivered,26,12,30
3921,718,5,2026-03-01,Delivered,25,39,30
3922,718,5,2026-03-13,Delivered,28,12,30
3923,718,5,2026-08-05,Delivered,24,29,15
3924,718,5,2026-03-02,Delivered,23,39,15
3925,718,5,2026-02-25,Delivered,17,5,30
3926,718,5,2026-06-10,Delivered,30,11,0
3927,718,5,2026-07-16,Delivered,30,1,0
3928,718,5,2026-03-23,Delivered,18,30,30
3929,719,3,2026-05-07,Delivered,23,21,0
3930,719,3,2026-07-11,Delivered,13,6,0
3931,720,3,2026-03-17,Delivered,20,45,30
3932,720,3,2026-06-07,Delivered,24,39,0
3933,720,3,2026-04-30,Delivered,11,8,0
3934,721,2,2026-05-20,Delivered,29,3,30
3935,721,2,2026-03-12,Delivered,24,35,0
3936,721,2,2026-04-07,Delivered,25,3,0
3937,721,2,2026-03-06,Delivered,18,44,15
3938,721,2,2026-05-27,Delivered,29,32,0
3939,721,2,2026-03-25,Delivered,14,45,30
3940,721,2,2026-03-27,Delivered,30,42,15
3941,721,2,2026-04-24,Delivered,23,12,30
3942,721,2,2026-03-23,Delivered,23,12,30
3943,722,4,2026-06-15,Delivered,27,25,15
3944,722,4,2026-07-13,Delivered,10,42,15
3945,722,4,2026-03-26,Delivered,18,11,0
3946,722,4,2026-03-20,Delivered,15,0,30
3947,723,5,2026-07-23,Delivered,20,5,15
3948,724,4,2026-04-19,Delivered,12,3,30
3949,724,4,2026-05-14,Delivered,28,18,30
3950,725,5,2026-06-15,Delivered,24,31,15
3951,725,5,2026-03-29,Delivered,29,32,15
3952,725,5,2026-03-08,Delivered,24,32,30
3953,725,5,2026-04-17,Delivered,29,28,0
3954,725,5,2026-04-26,Delivered,13,28,0
3955,726,5,2026-04-23,Delivered,10,11,30
3956,726,5,2026-05-28,Delivered,22,36,30
3957,726,5,2026-03-05,Delivered,19,0,15
3958,727,5,2026-04-04,Delivered,19,43,15
3959,727,5,2026-03-10,Delivered,27,49,0
3960,727,5,2026-03-04,Delivered,19,18,0
3961,727,5,2026-05-31,Delivered,26,49,0
3962,727,5,2026-07-29,Delivered,13,36,15
3963,727,5,2026-03-14,Delivered,21,26,30
3964,727,5,2026-07-12,Delivered,12,18,30
3965,727,5,2026-05-09,Delivered,19,29,30
3966,727,5,2026-05-21,Delivered,29,37,30
3967,727,5,2026-04-23,Delivered,14,45,15
3968,728,1,2026-04-26,Delivered,12,3,15
3969,728,1,2026-03-29,Delivered,24,19,15
3970,728,1,2026-04-08,Delivered,26,28,30
3971,728,1,2026-06-21,Delivered,20,17,15
3972,728,1,2026-05-10,Delivered,17,35,0
3973,728,1,2026-06-13,Delivered,15,28,0
3974,728,1,2026-04-01,Delivered,26,24,30
3975,728,1,2026-03-30,Delivered,26,45,30
3976,728,1,2026-05-24,Delivered,23,12,0
3977,728,1,2026-07-26,Delivered,23,9,0
3978,729,1,2026-07-18,Delivered,19,34,0
3979,729,1,2026-05-13,Delivered,30,4,0
3980,729,1,2026-05-24,Delivered,21,44,0
3981,730,4,2026-08-21,Delivered,18,49,30
3982,730,4,2026-03-17,Delivered,26,50,15
3983,730,4,2026-05-06,Delivered,23,8,0
3984,730,4,2026-05-24,Delivered,14,41,0
3985,730,4,2026-06-14,Delivered,13,36,0
3986,730,4,2026-04-11,Delivered,28,50,30
3987,730,4,2026-03-03,Delivered,27,28,15
3988,731,1,2026-08-21,Delivered,10,31,0
3989,731,1,2026-04-03,Delivered,25,24,15
3990,731,1,2026-08-23,Delivered,27,1,0
3991,731,1,2026-06-12,Delivered,18,46,30
3992,731,1,2026-04-26,Delivered,27,48,0
3993,731,1,2026-03-31,Delivered,30,25,0
3994,731,1,2026-03-29,Delivered,15,32,15
3995,731,1,2026-06-04,Delivered,29,37,30
3996,731,1,2026-06-08,Delivered,16,22,0
3997,732,1,2026-03-20,Delivered,26,37,0
3998,732,1,2026-08-03,Delivered,15,4,30
3999,732,1,2026-07-11,Delivered,16,47,15
4000,732,1,2026-06-10,Delivered,21,29,15
4001,732,1,2026-06-12,Delivered,13,18,0
4002,732,1,2026-04-21,Delivered,12,50,15
4003,732,1,2026-04-07,Delivered,10,7,30
4004,733,4,2026-06-16,Delivered,21,43,15
4005,733,4,2026-04-24,Delivered,11,11,15
4006,733,4,2026-04-22,Delivered,17,9,15
4007,733,4,2026-08-14,Delivered,12,22,0
4008,733,4,2026-07-07,Delivered,14,14,30
4009,733,4,2026-06-05,Delivered,15,17,15
4010,733,4,2026-07-10,Delivered,11,14,30
4011,734,3,2026-03-10,Delivered,30,32,15
4012,734,3,2026-04-04,Delivered,10,49,15
4013,734,3,2026-05-30,Delivered,12,34,30
4014,734,3,2026-05-30,Delivered,28,29,0
4015,734,3,2026-02-27,Delivered,29,45,30
4016,734,3,2026-08-19,Delivered,29,45,0
4017,734,3,2026-07-01,Delivered,22,7,15
4018,735,2,2026-05-05,Delivered,23,31,15
4019,735,2,2026-03-15,Delivered,18,40,0
4020,735,2,2026-05-04,Delivered,30,28,0
4021,735,2,2026-05-31,Delivered,18,25,0
4022,736,3,2026-07-16,Delivered,21,35,30
4023,736,3,2026-06-13,Delivered,28,39,30
4024,736,3,2026-06-11,Delivered,13,50,15
4025,736,3,2026-05-13,Delivered,10,34,0
4026,737,1,2026-07-22,Delivered,18,11,0
4027,737,1,2026-05-01,Delivered,18,33,0
4028,737,1,2026-07-26,Delivered,25,16,30
4029,737,1,2026-06-15,Delivered,14,22,0
4030,738,3,2026-05-12,Delivered,25,39,0
4031,738,3,2026-03-14,Delivered,18,39,0
4032,738,3,2026-08-13,Delivered,24,25,30
4033,738,3,2026-03-23,Delivered,22,34,15
4034,738,3,2026-07-19,Delivered,20,16,15
4035,738,3,2026-04-16,Delivered,11,50,15
4036,738,3,2026-06-23,Delivered,16,35,0
4037,738,3,2026-08-09,Delivered,21,4,30
4038,738,3,2026-06-03,Delivered,28,18,15
4039,738,3,2026-03-15,Delivered,20,28,15
4040,739,1,2026-05-24,Delivered,21,10,30
4041,740,3,2026-03-31,Delivered,13,41,15
4042,740,3,2026-08-05,Delivered,30,30,15
4043,740,3,2026-08-08,Delivered,24,27,15
4044,741,2,2026-05-06,Delivered,21,27,15
4045,741,2,2026-07-26,Delivered,29,41,0
4046,741,2,2026-02-26,Delivered,28,28,30
4047,741,2,2026-05-07,Delivered,15,36,30
4048,741,2,2026-06-18,Delivered,23,44,15
4049,741,2,2026-04-09,Delivered,19,42,0
4050,741,2,2026-08-06,Delivered,19,24,0
4051,741,2,2026-07-31,Delivered,22,21,15
4052,741,2,2026-04-30,Delivered,19,5,0
4053,742,3,2026-07-07,Delivered,30,30,0
4054,742,3,2026-08-21,Delivered,27,8,15
4055,742,3,2026-06-28,Delivered,29,22,30
4056,742,3,2026-04-02,Delivered,16,43,30
4057,742,3,2026-04-27,Delivered,21,42,15
4058,742,3,2026-06-24,Delivered,13,13,0
4059,742,3,2026-05-11,Delivered,21,39,0
4060,742,3,2026-05-17,Delivered,26,2,0
4061,743,2,2026-03-19,Delivered,14,44,15
4062,743,2,2026-07-24,Delivered,16,26,0
4063,743,2,2026-08-12,Delivered,14,44,0
4064,744,5,2026-03-19,Delivered,19,34,0
4065,744,5,2026-08-08,Delivered,14,4,0
4066,744,5,2026-06-28,Delivered,14,47,15
4067,744,5,2026-05-09,Delivered,28,31,30
4068,744,5,2026-07-21,Delivered,29,5,30
4069,744,5,2026-07-08,Delivered,20,1,0
4070,744,5,2026-05-22,Delivered,23,20,30
4071,744,5,2026-03-24,Delivered,14,40,0
4072,744,5,2026-05-24,Delivered,27,30,15
4073,744,5,2026-06-22,Delivered,11,35,30
4074,745,4,2026-04-28,Delivered,17,10,0
4075,745,4,2026-08-04,Delivered,23,23,30
4076,745,4,2026-04-07,Delivered,30,20,0
4077,745,4,2026-03-01,Delivered,11,43,15
4078,745,4,2026-06-16,Delivered,30,19,0
4079,746,5,2026-07-05,Delivered,21,19,0
4080,747,4,2026-02-27,Delivered,18,9,15
4081,747,4,2026-06-30,Delivered,15,27,30
4082,747,4,2026-08-18,Delivered,20,37,30
4083,747,4,2026-04-07,Delivered,20,37,30
4084,747,4,2026-05-06,Delivered,22,40,0
4085,747,4,2026-05-08,Delivered,25,19,0
4086,747,4,2026-08-22,Delivered,24,23,15
4087,747,4,2026-03-08,Delivered,19,43,15
4088,748,3,2026-04-13,Delivered,26,1,15
4089,749,4,2026-04-22,Delivered,25,3,0
4090,750,4,2026-05-20,Delivered,30,41,0
4091,750,4,2026-05-25,Delivered,10,39,0
4092,750,4,2026-04-30,Delivered,21,31,30
4093,750,4,2026-03-12,Delivered,12,1,0
4094,751,3,2026-06-10,Delivered,24,50,30
4095,751,3,2026-04-08,Delivered,10,47,15
4096,751,3,2026-06-14,Delivered,13,16,30
4097,751,3,2026-06-03,Delivered,29,24,15
4098,751,3,2026-08-11,Delivered,28,35,30
4099,751,3,2026-03-17,Delivered,12,48,15
4100,751,3,2026-05-04,Delivered,12,49,15
4101,752,5,2026-04-20,Delivered,25,39,30
4102,752,5,2026-04-15,Delivered,19,24,30
4103,752,5,2026-03-09,Delivered,10,46,30
4104,752,5,2026-05-08,Delivered,13,23,0
4105,752,5,2026-08-03,Delivered,12,39,15
4106,752,5,2026-07-25,Delivered,22,38,15
4107,752,5,2026-03-26,Delivered,17,7,15
4108,752,5,2026-04-09,Delivered,20,43,0
4109,752,5,2026-02-27,Delivered,17,12,30
4110,753,4,2026-05-29,Delivered,15,50,0
4111,753,4,2026-06-04,Delivered,20,47,15
4112,753,4,2026-04-29,Delivered,20,14,30
4113,753,4,2026-04-14,Delivered,13,10,15
4114,753,4,2026-05-24,Delivered,23,3,15
4115,754,3,2026-08-03,Delivered,13,0,30
4116,754,3,2026-03-08,Delivered,25,1,0
4117,754,3,2026-07-15,Delivered,21,47,15
4118,754,3,2026-05-25,Delivered,27,34,0
4119,754,3,2026-04-04,Delivered,11,5,30
4120,754,3,2026-05-11,Delivered,30,37,15
4121,754,3,2026-06-06,Delivered,20,3,15
4122,754,3,2026-06-24,Delivered,29,4,30
4123,754,3,2026-07-12,Delivered,15,44,15
4124,754,3,2026-08-09,Delivered,11,24,15
4125,755,1,2026-04-26,Delivered,18,43,30
4126,755,1,2026-03-27,Delivered,14,21,0
4127,755,1,2026-06-02,Delivered,29,27,15
4128,755,1,2026-05-29,Delivered,25,13,30
4129,755,1,2026-03-31,Delivered,24,8,0
4130,755,1,2026-08-05,Delivered,14,41,30
4131,755,1,2026-08-11,Delivered,12,15,15
4132,755,1,2026-08-17,Delivered,28,9,15
4133,755,1,2026-06-29,Delivered,26,19,0
4134,755,1,2026-08-21,Delivered,24,7,15
4135,756,1,2026-07-29,Delivered,10,7,15
4136,756,1,2026-03-03,Delivered,23,20,30
4137,756,1,2026-06-27,Delivered,25,47,0
4138,756,1,2026-02-26,Delivered,20,45,0
4139,756,1,2026-08-14,Delivered,15,26,0
4140,757,3,2026-03-02,Delivered,16,5,15
4141,757,3,2026-07-22,Delivered,29,26,15
4142,757,3,2026-08-20,Delivered,25,49,0
4143,757,3,2026-02-25,Delivered,22,20,0
4144,757,3,2026-06-08,Delivered,18,20,0
4145,757,3,2026-05-07,Delivered,29,32,0
4146,757,3,2026-06-19,Delivered,13,35,15
4147,757,3,2026-03-08,Delivered,25,37,0
4148,757,3,2026-05-03,Delivered,10,28,15
4149,757,3,2026-06-01,Delivered,30,24,15
4150,758,5,2026-04-18,Delivered,10,43,15
4151,758,5,2026-02-26,Delivered,18,5,15
4152,758,5,2026-08-20,Delivered,27,6,0
4153,758,5,2026-05-13,Delivered,22,18,15
4154,758,5,2026-06-29,Delivered,19,3,15
4155,758,5,2026-03-02,Delivered,17,2,0
4156,758,5,2026-03-21,Delivered,28,43,15
4157,758,5,2026-07-13,Delivered,10,48,30
4158,758,5,2026-05-05,Delivered,15,42,0
4159,758,5,2026-03-20,Delivered,16,44,0
4160,759,3,2026-03-21,Delivered,30,43,15
4161,759,3,2026-05-07,Delivered,10,1,0
4162,760,5,2026-05-23,Delivered,21,20,15
4163,760,5,2026-03-03,Delivered,23,24,15
4164,760,5,2026-07-20,Delivered,22,28,0
4165,760,5,2026-06-12,Delivered,21,14,30
4166,760,5,2026-04-26,Delivered,23,34,30
4167,760,5,2026-04-15,Delivered,27,5,0
4168,760,5,2026-07-25,Delivered,11,40,30
4169,761,5,2026-05-12,Delivered,25,15,30
4170,761,5,2026-08-23,Delivered,20,42,15
4171,761,5,2026-06-27,Delivered,17,46,0
4172,761,5,2026-05-23,Delivered,22,49,30
4173,761,5,2026-06-06,Delivered,17,15,15
4174,761,5,2026-03-06,Delivered,21,46,15
4175,761,5,2026-06-27,Delivered,17,28,15
4176,761,5,2026-05-22,Delivered,21,5,15
4177,761,5,2026-08-07,Delivered,11,44,30
4178,762,1,2026-04-30,Delivered,27,16,15
4179,762,1,2026-07-07,Delivered,11,28,0
4180,762,1,2026-06-22,Delivered,25,39,15
4181,762,1,2026-07-06,Delivered,25,32,15
4182,762,1,2026-02-26,Delivered,17,46,15
4183,762,1,2026-07-04,Delivered,12,3,30
4184,762,1,2026-03-02,Delivered,16,48,0
4185,763,4,2026-08-04,Delivered,26,19,0
4186,763,4,2026-06-12,Delivered,20,6,0
4187,763,4,2026-04-28,Delivered,26,42,30
4188,764,4,2026-05-17,Delivered,16,43,0
4189,764,4,2026-05-24,Delivered,22,41,15
4190,764,4,2026-08-13,Delivered,13,17,15
4191,764,4,2026-05-12,Delivered,16,38,15
4192,764,4,2026-08-16,Delivered,23,5,30
4193,764,4,2026-02-27,Delivered,27,27,30
4194,765,5,2026-06-13,Delivered,13,47,30
4195,765,5,2026-06-18,Delivered,19,34,30
4196,765,5,2026-04-01,Delivered,27,37,0
4197,766,4,2026-05-15,Delivered,14,40,30
4198,766,4,2026-05-16,Delivered,18,44,0
4199,766,4,2026-06-22,Delivered,29,20,30
4200,766,4,2026-06-24,Delivered,11,6,30
4201,766,4,2026-07-11,Delivered,16,30,15
4202,766,4,2026-08-05,Delivered,11,19,0
4203,766,4,2026-08-01,Delivered,25,39,15
4204,766,4,2026-06-12,Delivered,18,6,0
4205,766,4,2026-03-11,Delivered,29,15,15
4206,766,4,2026-05-10,Delivered,28,48,30
4207,767,2,2026-03-19,Delivered,16,42,0
4208,767,2,2026-03-08,Delivered,30,47,0
4209,767,2,2026-05-23,Delivered,10,25,30
4210,767,2,2026-03-25,Delivered,23,18,30
4211,767,2,2026-03-31,Delivered,16,26,30
4212,767,2,2026-07-18,Delivered,21,8,0
4213,767,2,2026-02-27,Delivered,11,11,0
4214,767,2,2026-08-14,Delivered,18,5,15
4215,767,2,2026-08-17,Delivered,28,34,30
4216,768,4,2026-07-09,Delivered,22,42,15
4217,768,4,2026-06-23,Delivered,23,40,15
4218,768,4,2026-06-24,Delivered,13,47,15
4219,768,4,2026-03-09,Delivered,24,8,15
4220,768,4,2026-08-02,Delivered,28,15,0
4221,768,4,2026-04-15,Delivered,14,16,30
4222,768,4,2026-03-21,Delivered,19,32,15
4223,768,4,2026-05-09,Delivered,13,8,30
4224,769,5,2026-07-09,Delivered,25,29,15
4225,769,5,2026-08-19,Delivered,18,17,30
4226,769,5,2026-06-01,Delivered,10,21,0
4227,769,5,2026-05-09,Delivered,10,50,0
4228,769,5,2026-05-02,Delivered,23,33,15
4229,769,5,2026-07-10,Delivered,24,17,0
4230,770,5,2026-08-16,Delivered,18,30,30
4231,770,5,2026-03-04,Delivered,14,2,15
4232,770,5,2026-07-19,Delivered,23,4,0
4233,770,5,2026-07-03,Delivered,19,22,30
4234,770,5,2026-06-17,Delivered,14,7,15
4235,770,5,2026-03-29,Delivered,21,22,0
4236,770,5,2026-06-23,Delivered,11,28,0
4237,771,1,2026-03-01,Delivered,18,38,15
4238,771,1,2026-04-16,Delivered,30,14,15
4239,771,1,2026-03-24,Delivered,27,31,15
4240,771,1,2026-02-28,Delivered,24,31,15
4241,771,1,2026-04-01,Delivered,25,8,15
4242,771,1,2026-06-26,Delivered,30,36,0
4243,771,1,2026-03-29,Delivered,20,43,15
4244,771,1,2026-06-18,Delivered,20,0,0
4245,772,5,2026-03-02,Delivered,20,35,30
4246,772,5,2026-06-26,Delivered,14,42,0
4247,772,5,2026-06-05,Delivered,29,28,0
4248,772,5,2026-04-22,Delivered,22,1,0
4249,772,5,2026-05-06,Delivered,24,0,30
4250,772,5,2026-02-28,Delivered,16,50,0
4251,772,5,2026-05-22,Delivered,26,12,15
4252,772,5,2026-07-14,Delivered,26,13,15
4253,772,5,2026-06-04,Delivered,21,36,0
4254,773,5,2026-08-14,Delivered,22,15,15
4255,773,5,2026-07-22,Delivered,30,34,15
4256,773,5,2026-06-09,Delivered,25,8,0
4257,773,5,2026-05-15,Delivered,21,2,15
4258,773,5,2026-07-14,Delivered,29,20,30
4259,773,5,2026-07-16,Delivered,29,26,0
4260,773,5,2026-03-22,Delivered,24,43,30
4261,773,5,2026-06-16,Delivered,28,17,0
4262,773,5,2026-06-24,Delivered,12,9,15
4263,774,1,2026-08-23,Delivered,26,39,30
4264,774,1,2026-08-10,Delivered,29,41,15
4265,774,1,2026-05-26,Delivered,23,30,0
4266,774,1,2026-04-15,Delivered,18,12,0
4267,774,1,2026-06-22,Delivered,22,20,15
4268,774,1,2026-06-14,Delivered,13,8,30
4269,774,1,2026-03-24,Delivered,24,42,15
4270,774,1,2026-05-03,Delivered,30,11,0
4271,774,1,2026-04-15,Delivered,22,19,0
4272,774,1,2026-04-26,Delivered,20,16,15
4273,775,1,2026-08-07,Delivered,20,16,15
4274,775,1,2026-07-30,Delivered,24,41,30
4275,775,1,2026-06-17,Delivered,17,0,0
4276,775,1,2026-06-02,Delivered,17,21,30
4277,775,1,2026-04-27,Delivered,26,5,0
4278,775,1,2026-07-03,Delivered,22,21,30
4279,775,1,2026-05-19,Delivered,29,49,0
4280,775,1,2026-04-06,Delivered,22,12,0
4281,775,1,2026-04-11,Delivered,12,29,30
4282,776,5,2026-06-10,Delivered,17,46,0
4283,776,5,2026-05-11,Delivered,28,0,15
4284,776,5,2026-07-27,Delivered,12,49,0
4285,776,5,2026-04-27,Delivered,27,30,15
4286,776,5,2026-04-08,Delivered,15,17,15
4287,776,5,2026-07-27,Delivered,28,3,30
4288,776,5,2026-07-10,Delivered,15,41,0
4289,776,5,2026-04-11,Delivered,17,39,0
4290,776,5,2026-05-28,Delivered,15,5,0
4291,777,5,2026-07-05,Delivered,23,50,15
4292,777,5,2026-06-14,Delivered,19,15,0
4293,777,5,2026-04-22,Delivered,23,14,15
4294,777,5,2026-08-08,Delivered,23,30,30
4295,777,5,2026-08-13,Delivered,18,40,30
4296,777,5,2026-05-23,Delivered,23,11,15
4297,777,5,2026-08-23,Delivered,28,48,15
4298,777,5,2026-08-20,Delivered,10,15,0
4299,778,4,2026-03-11,Delivered,23,13,0
4300,778,4,2026-07-17,Delivered,22,45,15
4301,778,4,2026-05-20,Delivered,16,32,30
4302,778,4,2026-03-13,Delivered,14,49,30
4303,778,4,2026-05-13,Delivered,19,43,15
4304,779,1,2026-05-24,Delivered,15,5,0
4305,779,1,2026-08-12,Delivered,17,35,15
4306,779,1,2026-05-26,Delivered,27,11,15
4307,779,1,2026-03-02,Delivered,15,5,15
4308,779,1,2026-07-29,Delivered,30,22,30
4309,779,1,2026-08-13,Delivered,11,11,15
4310,779,1,2026-04-21,Delivered,28,42,30
4311,779,1,2026-04-07,Delivered,10,21,0
4312,779,1,2026-07-05,Delivered,14,21,0
4313,779,1,2026-04-06,Delivered,17,37,0
4314,780,3,2026-07-07,Delivered,19,16,30
4315,781,5,2026-07-20,Delivered,18,3,0
4316,781,5,2026-04-28,Delivered,23,4,30
4317,782,3,2026-07-25,Delivered,18,0,0
4318,782,3,2026-07-16,Delivered,19,44,0
4319,782,3,2026-06-16,Delivered,20,8,30
4320,782,3,2026-07-20,Delivered,19,6,15
4321,782,3,2026-07-08,Delivered,24,7,30
4322,783,5,2026-04-28,Delivered,14,2,30
4323,783,5,2026-04-25,Delivered,14,19,30
4324,784,2,2026-03-07,Delivered,25,17,0
4325,784,2,2026-07-12,Delivered,24,38,0
4326,784,2,2026-04-08,Delivered,12,31,30
4327,784,2,2026-03-10,Delivered,16,41,0
4328,784,2,2026-03-22,Delivered,17,12,0
4329,784,2,2026-03-16,Delivered,21,46,15
4330,784,2,2026-04-21,Delivered,19,42,0
4331,785,5,2026-08-04,Delivered,19,4,30
4332,785,5,2026-07-09,Delivered,13,26,30
4333,785,5,2026-04-23,Delivered,17,35,15
4334,785,5,2026-07-07,Delivered,14,28,0
4335,785,5,2026-05-22,Delivered,27,27,0
4336,786,5,2026-07-08,Delivered,16,3,15
4337,786,5,2026-07-15,Delivered,27,30,30
4338,786,5,2026-04-13,Delivered,13,3,15
4339,786,5,2026-05-24,Delivered,18,11,15
4340,786,5,2026-03-06,Delivered,10,27,15
4341,787,4,2026-04-16,Delivered,11,14,30
4342,787,4,2026-03-03,Delivered,15,40,15
4343,787,4,2026-03-07,Delivered,10,10,15
4344,787,4,2026-07-25,Delivered,18,40,0
4345,787,4,2026-07-21,Delivered,12,18,30
4346,787,4,2026-03-31,Delivered,21,38,0
4347,787,4,2026-07-16,Delivered,13,32,15
4348,787,4,2026-07-30,Delivered,29,47,30
4349,788,4,2026-05-08,Delivered,16,0,15
4350,788,4,2026-05-17,Delivered,12,39,30
4351,789,5,2026-05-13,Delivered,14,9,0
4352,789,5,2026-03-09,Delivered,12,27,0
4353,789,5,2026-07-03,Delivered,12,43,30
4354,789,5,2026-04-29,Delivered,14,40,0
4355,789,5,2026-04-18,Delivered,12,2,0
4356,789,5,2026-07-13,Delivered,22,32,15
4357,789,5,2026-06-28,Delivered,29,8,30
4358,790,3,2026-03-05,Delivered,20,11,15
4359,790,3,2026-06-19,Delivered,17,44,0
4360,791,5,2026-06-01,Delivered,27,50,30
4361,791,5,2026-08-05,Delivered,21,36,0
4362,791,5,2026-05-11,Delivered,20,0,15
4363,791,5,2026-03-11,Delivered,15,27,30
4364,791,5,2026-03-25,Delivered,26,43,15
4365,791,5,2026-02-25,Delivered,24,46,0
4366,791,5,2026-03-02,Delivered,16,4,15
4367,791,5,2026-04-21,Delivered,24,1,15
4368,792,1,2026-05-20,Delivered,14,3,0
4369,792,1,2026-02-28,Delivered,18,48,15
4370,792,1,2026-07-09,Delivered,24,15,15
4371,792,1,2026-05-04,Delivered,18,9,0
4372,793,3,2026-06-15,Delivered,27,37,0
4373,793,3,2026-08-01,Delivered,11,39,30
4374,793,3,2026-07-29,Delivered,19,18,30
4375,793,3,2026-04-12,Delivered,20,30,30
4376,793,3,2026-03-25,Delivered,23,0,30
4377,794,2,2026-05-26,Delivered,11,48,15
4378,794,2,2026-07-07,Delivered,25,14,15
4379,794,2,2026-05-25,Delivered,26,47,15
4380,794,2,2026-04-08,Delivered,15,26,15
4381,794,2,2026-03-15,Delivered,15,14,0
4382,794,2,2026-07-05,Delivered,18,29,30
4383,794,2,2026-07-29,Delivered,22,14,0
4384,794,2,2026-07-29,Delivered,26,32,15
4385,795,1,2026-02-26,Delivered,25,15,0
4386,795,1,2026-05-18,Delivered,20,21,0
4387,795,1,2026-06-09,Delivered,24,0,15
4388,795,1,2026-06-16,Delivered,20,40,15
4389,795,1,2026-06-08,Delivered,13,48,0
4390,796,2,2026-04-29,Delivered,30,44,0
4391,796,2,2026-08-04,Delivered,15,50,0
4392,796,2,2026-07-06,Delivered,12,39,30
4393,797,5,2026-05-14,Delivered,16,2,30
4394,797,5,2026-06-29,Delivered,19,17,30
4395,797,5,2026-08-09,Delivered,10,2,0
4396,798,4,2026-05-20,Delivered,23,16,30
4397,798,4,2026-07-11,Delivered,14,33,15
4398,798,4,2026-06-25,Delivered,11,45,30
4399,798,4,2026-07-09,Delivered,22,39,0
4400,799,4,2026-04-24,Delivered,27,12,30
4401,799,4,2026-04-24,Delivered,17,11,15
4402,799,4,2026-06-26,Delivered,27,4,15
4403,800,1,2026-05-08,Delivered,30,1,30
4404,800,1,2026-03-13,Delivered,12,21,30
4405,800,1,2026-07-07,Delivered,17,43,30
4406,800,1,2026-05-22,Delivered,30,14,15
4407,800,1,2026-04-09,Delivered,11,46,0
4408,800,1,2026-04-18,Delivered,12,26,15
4409,800,1,2026-03-28,Delivered,23,31,30
4410,800,1,2026-08-04,Delivered,19,3,0
4411,800,1,2026-04-09,Delivered,18,39,30
4412,800,1,2026-07-24,Delivered,24,36,0
4413,801,5,2026-06-25,Delivered,16,37,0
4414,801,5,2026-07-28,Delivered,22,45,0
4415,801,5,2026-05-17,Delivered,17,12,15
4416,801,5,2026-07-10,Delivered,25,29,30
4417,802,2,2026-03-11,Delivered,29,50,30
4418,803,4,2026-02-25,Delivered,29,49,30
4419,803,4,2026-08-17,Delivered,30,4,30
4420,803,4,2026-04-26,Delivered,22,40,15
4421,803,4,2026-04-23,Delivered,20,11,0
4422,803,4,2026-07-04,Delivered,30,19,0
4423,803,4,2026-04-14,Delivered,15,13,30
4424,803,4,2026-04-22,Delivered,18,6,0
4425,803,4,2026-04-03,Delivered,22,42,30
4426,803,4,2026-06-21,Delivered,16,35,30
4427,803,4,2026-08-13,Delivered,19,40,30
4428,804,1,2026-03-11,Delivered,28,40,0
4429,804,1,2026-05-03,Delivered,25,19,30
4430,804,1,2026-06-07,Delivered,10,22,15
4431,804,1,2026-03-18,Delivered,20,7,30
4432,804,1,2026-06-26,Delivered,20,20,15
4433,804,1,2026-05-28,Delivered,24,9,30
4434,804,1,2026-08-17,Delivered,16,35,30
4435,805,5,2026-08-05,Delivered,28,43,0
4436,805,5,2026-03-20,Delivered,21,28,15
4437,805,5,2026-04-29,Delivered,20,16,15
4438,805,5,2026-04-25,Delivered,16,24,15
4439,806,5,2026-05-21,Delivered,30,2,30
4440,806,5,2026-05-03,Delivered,17,19,0
4441,806,5,2026-06-12,Delivered,18,28,30
4442,807,3,2026-05-01,Delivered,13,20,30
4443,808,1,2026-02-27,Delivered,18,3,15
4444,808,1,2026-06-15,Delivered,20,9,15
4445,808,1,2026-08-22,Delivered,16,8,30
4446,809,3,2026-06-27,Delivered,20,39,30
4447,810,1,2026-06-24,Delivered,13,48,15
4448,810,1,2026-05-25,Delivered,11,17,0
4449,811,1,2026-06-18,Delivered,23,4,30
4450,811,1,2026-07-23,Delivered,30,6,0
4451,811,1,2026-04-30,Delivered,11,16,0
4452,811,1,2026-06-17,Delivered,19,37,30
4453,811,1,2026-04-08,Delivered,15,50,0
4454,811,1,2026-06-09,Delivered,25,8,30
4455,811,1,2026-04-08,Delivered,23,36,0
4456,811,1,2026-06-15,Delivered,19,10,15
4457,812,5,2026-05-27,Delivered,22,36,0
4458,812,5,2026-02-28,Delivered,22,37,0
4459,812,5,2026-07-03,Delivered,11,5,0
4460,812,5,2026-06-26,Delivered,13,38,15
4461,813,2,2026-05-13,Delivered,29,44,30
4462,813,2,2026-06-27,Delivered,17,31,15
4463,813,2,2026-08-15,Delivered,20,23,15
4464,813,2,2026-05-23,Delivered,21,45,0
4465,814,3,2026-03-21,Delivered,10,28,15
4466,814,3,2026-08-11,Delivered,10,12,0
4467,814,3,2026-08-09,Delivered,20,28,15
4468,814,3,2026-05-08,Delivered,18,10,15
4469,814,3,2026-04-28,Delivered,25,17,0
4470,814,3,2026-07-31,Delivered,18,21,30
4471,814,3,2026-06-05,Delivered,10,19,0
4472,814,3,2026-06-13,Delivered,22,7,0
4473,815,2,2026-07-09,Delivered,16,2,30
4474,815,2,2026-07-26,Delivered,18,22,15
4475,815,2,2026-04-20,Delivered,29,43,0
4476,816,2,2026-05-17,Delivered,18,50,0
4477,816,2,2026-04-13,Delivered,23,21,15
4478,816,2,2026-08-11,Delivered,24,29,0
4479,816,2,2026-03-01,Delivered,30,31,30
4480,817,2,2026-05-30,Delivered,17,33,15
4481,817,2,2026-07-01,Delivered,13,45,30
4482,817,2,2026-05-18,Delivered,30,7,15
4483,817,2,2026-03-12,Delivered,12,25,0
4484,817,2,2026-07-14,Delivered,29,46,30
4485,817,2,2026-04-07,Delivered,20,16,0
4486,817,2,2026-04-15,Delivered,10,21,15
4487,817,2,2026-06-21,Delivered,20,18,0
4488,817,2,2026-03-03,Delivered,13,45,0
4489,818,4,2026-08-16,Delivered,26,21,15
4490,818,4,2026-06-24,Delivered,23,42,30
4491,818,4,2026-07-07,Delivered,15,48,15
4492,818,4,2026-06-11,Delivered,19,7,30
4493,818,4,2026-08-02,Delivered,30,44,15
4494,818,4,2026-05-22,Delivered,28,13,15
4495,819,4,2026-05-10,Delivered,22,13,30
4496,819,4,2026-06-25,Delivered,14,42,30
4497,820,5,2026-04-16,Delivered,21,38,0
4498,820,5,2026-06-27,Delivered,13,13,0
4499,820,5,2026-05-02,Delivered,30,31,15
4500,821,5,2026-03-14,Delivered,11,17,15
4501,821,5,2026-05-28,Delivered,10,31,0
4502,822,5,2026-06-21,Delivered,22,45,30
4503,822,5,2026-07-26,Delivered,23,39,30
4504,822,5,2026-04-13,Delivered,16,9,0
4505,822,5,2026-07-20,Delivered,20,0,30
4506,822,5,2026-07-09,Delivered,15,39,15
4507,822,5,2026-05-29,Delivered,20,39,0
4508,822,5,2026-04-11,Delivered,21,36,0
4509,823,3,2026-06-15,Delivered,10,6,30
4510,823,3,2026-04-01,Delivered,23,48,30
4511,823,3,2026-06-06,Delivered,20,50,0
4512,823,3,2026-08-07,Delivered,14,4,15
4513,823,3,2026-08-18,Delivered,20,9,30
4514,824,1,2026-04-11,Delivered,29,12,0
4515,824,1,2026-07-30,Delivered,25,48,15
4516,825,1,2026-03-01,Delivered,18,4,0
4517,825,1,2026-03-22,Delivered,11,5,30
4518,825,1,2026-03-06,Delivered,24,10,15
4519,825,1,2026-06-02,Delivered,18,7,15
4520,825,1,2026-08-22,Delivered,24,42,15
4521,825,1,2026-06-25,Delivered,24,37,15
4522,825,1,2026-07-20,Delivered,19,5,30
4523,825,1,2026-04-15,Delivered,16,9,30
4524,825,1,2026-06-21,Delivered,20,17,0
4525,825,1,2026-04-26,Delivered,11,34,0
4526,826,2,2026-05-01,Delivered,18,17,30
4527,827,5,2026-06-10,Delivered,22,25,15
4528,827,5,2026-08-10,Delivered,28,16,15
4529,827,5,2026-05-05,Delivered,13,42,15
4530,827,5,2026-05-21,Delivered,21,6,15
4531,827,5,2026-07-05,Delivered,27,47,15
4532,827,5,2026-03-10,Delivered,28,9,30
4533,827,5,2026-04-21,Delivered,25,9,30
4534,827,5,2026-04-15,Delivered,23,34,30
4535,828,2,2026-03-13,Delivered,21,46,0
4536,828,2,2026-07-14,Delivered,16,39,0
4537,828,2,2026-07-01,Delivered,24,30,15
4538,828,2,2026-05-31,Delivered,13,29,30
4539,828,2,2026-06-11,Delivered,25,16,0
4540,828,2,2026-05-12,Delivered,14,35,15
4541,829,4,2026-08-15,Delivered,23,23,15
4542,829,4,2026-08-16,Delivered,10,37,15
4543,830,5,2026-03-02,Delivered,30,12,15
4544,830,5,2026-08-06,Delivered,22,42,15
4545,830,5,2026-06-21,Delivered,11,28,0
4546,830,5,2026-06-16,Delivered,30,27,30
4547,830,5,2026-02-25,Delivered,10,1,0
4548,830,5,2026-03-21,Delivered,26,44,0
4549,830,5,2026-05-16,Delivered,19,40,30
4550,831,4,2026-05-22,Delivered,29,16,30
4551,831,4,2026-05-13,Delivered,18,18,15
4552,831,4,2026-03-11,Delivered,23,8,30
4553,831,4,2026-05-06,Delivered,30,36,0
4554,831,4,2026-05-25,Delivered,20,4,0
4555,831,4,2026-03-27,Delivered,22,26,0
4556,831,4,2026-06-04,Delivered,26,9,15
4557,832,2,2026-03-12,Delivered,17,23,15
4558,832,2,2026-06-07,Delivered,22,49,0
4559,832,2,2026-04-07,Delivered,27,31,30
4560,832,2,2026-07-30,Delivered,15,50,0
4561,832,2,2026-04-01,Delivered,22,27,0
4562,832,2,2026-04-18,Delivered,14,9,15
4563,832,2,2026-04-03,Delivered,14,2,15
4564,832,2,2026-05-25,Delivered,12,33,30
4565,833,5,2026-03-21,Delivered,30,12,15
4566,833,5,2026-04-29,Delivered,22,16,0
4567,833,5,2026-07-24,Delivered,10,22,30
4568,833,5,2026-03-10,Delivered,13,0,30
4569,833,5,2026-08-13,Delivered,11,35,15
4570,833,5,2026-06-11,Delivered,14,11,30
4571,833,5,2026-05-17,Delivered,24,34,15
4572,833,5,2026-08-04,Delivered,17,43,15
4573,834,5,2026-05-27,Delivered,23,21,15
4574,834,5,2026-04-20,Delivered,10,10,30
4575,834,5,2026-06-13,Delivered,11,18,0
4576,835,4,2026-08-04,Delivered,19,29,15
4577,836,5,2026-04-03,Delivered,10,27,0
4578,836,5,2026-04-19,Delivered,17,20,0
4579,836,5,2026-03-06,Delivered,11,18,0
4580,836,5,2026-06-13,Delivered,23,18,15
4581,836,5,2026-03-17,Delivered,22,49,30
4582,837,2,2026-06-23,Delivered,10,30,0
4583,838,1,2026-06-17,Delivered,18,46,0
4584,838,1,2026-02-28,Delivered,24,13,15
4585,838,1,2026-05-03,Delivered,21,20,0
4586,838,1,2026-07-15,Delivered,16,42,0
4587,838,1,2026-07-29,Delivered,16,23,15
4588,839,3,2026-07-20,Delivered,24,16,30
4589,839,3,2026-08-08,Delivered,10,29,0
4590,839,3,2026-05-04,Delivered,15,22,15
4591,839,3,2026-04-23,Delivered,16,4,0
4592,839,3,2026-08-02,Delivered,19,44,15
4593,839,3,2026-07-10,Delivered,14,25,0
4594,840,5,2026-05-27,Delivered,27,33,30
4595,840,5,2026-04-12,Delivered,20,31,30
4596,840,5,2026-06-15,Delivered,14,17,0
4597,840,5,2026-08-21,Delivered,24,31,15
4598,840,5,2026-06-05,Delivered,10,2,0
4599,840,5,2026-03-11,Delivered,22,46,30
4600,840,5,2026-07-24,Delivered,30,30,30
4601,840,5,2026-06-20,Delivered,22,17,0
4602,840,5,2026-07-09,Delivered,20,14,0
4603,840,5,2026-06-08,Delivered,29,5,15
4604,841,5,2026-05-18,Delivered,23,47,15
4605,841,5,2026-05-15,Delivered,24,4,30
4606,842,5,2026-05-21,Delivered,22,22,15
4607,842,5,2026-05-04,Delivered,20,36,15
4608,842,5,2026-07-12,Delivered,30,30,15
4609,842,5,2026-08-23,Delivered,15,23,30
4610,842,5,2026-05-11,Delivered,14,4,15
4611,842,5,2026-06-03,Delivered,26,34,0
4612,842,5,2026-05-01,Delivered,20,14,15
4613,842,5,2026-03-16,Delivered,29,32,0
4614,842,5,2026-08-12,Delivered,11,25,0
4615,842,5,2026-06-21,Delivered,10,1,15
4616,843,1,2026-05-24,Delivered,29,11,30
4617,843,1,2026-04-11,Delivered,18,3,0
4618,843,1,2026-05-28,Delivered,24,36,30
4619,843,1,2026-06-27,Delivered,15,13,15
4620,843,1,2026-06-11,Delivered,26,0,30
4621,843,1,2026-05-25,Delivered,21,7,30
4622,843,1,2026-05-17,Delivered,16,44,15
4623,844,3,2026-03-14,Delivered,12,38,30
4624,844,3,2026-04-17,Delivered,21,22,15
4625,844,3,2026-06-11,Delivered,26,3,0
4626,844,3,2026-03-04,Delivered,28,2,30
4627,844,3,2026-05-01,Delivered,11,14,0
4628,844,3,2026-05-06,Delivered,18,15,30
4629,844,3,2026-08-04,Delivered,21,39,0
4630,844,3,2026-07-29,Delivered,20,37,15
4631,844,3,2026-05-14,Delivered,11,33,30
4632,845,4,2026-03-31,Delivered,28,41,15
4633,845,4,2026-05-04,Delivered,18,38,0
4634,845,4,2026-07-20,Delivered,11,22,0
4635,845,4,2026-06-09,Delivered,30,2,30
4636,845,4,2026-05-15,Delivered,13,45,30
4637,845,4,2026-04-06,Delivered,18,9,30
4638,845,4,2026-05-14,Delivered,14,50,15
4639,845,4,2026-07-24,Delivered,17,37,30
4640,846,4,2026-04-27,Delivered,19,12,0
4641,846,4,2026-04-26,Delivered,20,37,0
4642,846,4,2026-04-10,Delivered,28,2,15
4643,846,4,2026-07-02,Delivered,16,5,15
4644,846,4,2026-05-22,Delivered,14,20,0
4645,846,4,2026-04-02,Delivered,19,48,30
4646,846,4,2026-06-04,Delivered,24,28,15
4647,847,4,2026-08-07,Delivered,18,21,15
4648,847,4,2026-03-23,Delivered,18,35,0
4649,847,4,2026-04-19,Delivered,16,20,0
4650,848,1,2026-04-25,Delivered,17,49,30
4651,849,5,2026-06-03,Delivered,22,26,0
4652,849,5,2026-06-30,Delivered,22,0,30
4653,849,5,2026-04-18,Delivered,18,21,30
4654,849,5,2026-08-13,Delivered,23,14,0
4655,849,5,2026-04-14,Delivered,11,17,0
4656,849,5,2026-04-24,Delivered,13,39,15
4657,850,3,2026-05-31,Delivered,23,49,0
4658,851,5,2026-07-22,Delivered,12,17,30
4659,851,5,2026-04-11,Delivered,14,31,0
4660,852,3,2026-06-27,Delivered,13,13,30
4661,852,3,2026-03-22,Delivered,19,9,15
4662,852,3,2026-04-03,Delivered,13,4,30
4663,852,3,2026-02-28,Delivered,26,41,15
4664,852,3,2026-03-09,Delivered,16,50,30
4665,852,3,2026-06-25,Delivered,17,39,0
4666,853,3,2026-07-12,Delivered,10,41,30
4667,853,3,2026-07-19,Delivered,17,23,0
4668,854,1,2026-03-02,Delivered,30,47,0
4669,854,1,2026-05-17,Delivered,17,48,15
4670,855,3,2026-03-08,Delivered,17,11,0
4671,856,3,2026-06-10,Delivered,17,10,15
4672,856,3,2026-03-27,Delivered,14,24,15
4673,857,1,2026-04-19,Delivered,11,25,0
4674,857,1,2026-08-06,Delivered,29,10,0
4675,857,1,2026-08-02,Delivered,27,40,30
4676,857,1,2026-06-17,Delivered,19,42,30
4677,857,1,2026-08-17,Delivered,29,37,0
4678,858,5,2026-05-26,Delivered,17,31,30
4679,858,5,2026-04-01,Delivered,25,13,30
4680,858,5,2026-08-22,Delivered,21,9,15
4681,859,1,2026-07-17,Delivered,27,32,0
4682,859,1,2026-04-06,Delivered,13,6,15
4683,859,1,2026-03-29,Delivered,13,42,0
4684,859,1,2026-04-04,Delivered,10,11,0
4685,859,1,2026-08-22,Delivered,17,25,15
4686,859,1,2026-06-29,Delivered,14,35,30
4687,860,4,2026-03-15,Delivered,23,43,30
4688,860,4,2026-08-05,Delivered,15,28,0
4689,861,2,2026-07-25,Delivered,30,22,30
4690,861,2,2026-07-14,Delivered,15,27,0
4691,861,2,2026-04-29,Delivered,26,14,15
4692,861,2,2026-07-25,Delivered,17,4,15
4693,861,2,2026-08-14,Delivered,30,44,30
4694,861,2,2026-06-19,Delivered,15,43,15
4695,861,2,2026-05-25,Delivered,12,2,30
4696,861,2,2026-07-10,Delivered,12,27,0
4697,861,2,2026-05-16,Delivered,29,8,0
4698,861,2,2026-07-30,Delivered,11,35,30
4699,862,4,2026-07-11,Delivered,16,8,0
4700,862,4,2026-07-29,Delivered,30,44,15
4701,862,4,2026-04-19,Delivered,17,17,0
4702,862,4,2026-07-18,Delivered,25,0,30
4703,862,4,2026-05-26,Delivered,16,38,30
4704,863,1,2026-08-04,Delivered,15,8,15
4705,863,1,2026-05-03,Delivered,22,24,15
4706,863,1,2026-03-20,Delivered,27,19,0
4707,864,3,2026-05-12,Delivered,12,49,30
4708,865,3,2026-08-06,Delivered,13,40,30
4709,865,3,2026-04-06,Delivered,21,9,0
4710,865,3,2026-06-02,Delivered,13,43,30
4711,865,3,2026-05-16,Delivered,29,11,15
4712,865,3,2026-05-12,Delivered,16,46,15
4713,865,3,2026-05-19,Delivered,13,7,0
4714,865,3,2026-03-05,Delivered,15,34,15
4715,866,3,2026-03-01,Delivered,25,39,30
4716,866,3,2026-03-23,Delivered,17,28,0
4717,866,3,2026-06-15,Delivered,15,25,15
4718,866,3,2026-04-17,Delivered,28,49,30
4719,866,3,2026-04-03,Delivered,24,27,30
4720,866,3,2026-05-16,Delivered,29,16,15
4721,866,3,2026-05-15,Delivered,22,23,30
4722,867,4,2026-06-22,Delivered,11,34,15
4723,867,4,2026-05-11,Delivered,16,1,0
4724,867,4,2026-05-07,Delivered,28,2,30
4725,867,4,2026-06-04,Delivered,19,4,30
4726,867,4,2026-05-12,Delivered,24,10,15
4727,867,4,2026-04-05,Delivered,23,12,15
4728,868,3,2026-04-30,Delivered,11,0,0
4729,868,3,2026-02-27,Delivered,25,12,30
4730,868,3,2026-08-11,Delivered,10,24,0
4731,869,5,2026-07-31,Delivered,10,44,15
4732,869,5,2026-04-12,Delivered,17,44,30
4733,869,5,2026-07-18,Delivered,30,37,15
4734,869,5,2026-04-19,Delivered,27,33,0
4735,869,5,2026-07-04,Delivered,15,26,0
4736,869,5,2026-08-03,Delivered,26,50,30
4737,869,5,2026-06-04,Delivered,14,23,0
4738,870,2,2026-05-16,Delivered,14,13,30
4739,870,2,2026-05-06,Delivered,17,23,0
4740,870,2,2026-07-09,Delivered,11,16,15
4741,870,2,2026-03-06,Delivered,19,41,15
4742,871,1,2026-03-17,Delivered,16,49,15
4743,871,1,2026-05-18,Delivered,26,48,15
4744,871,1,2026-07-03,Delivered,22,28,30
4745,871,1,2026-07-13,Delivered,18,39,15
4746,871,1,2026-06-01,Delivered,16,5,30
4747,871,1,2026-08-02,Delivered,15,4,0
4748,871,1,2026-04-29,Delivered,29,11,15
4749,871,1,2026-05-03,Delivered,18,19,0
4750,871,1,2026-04-05,Delivered,30,17,15
4751,871,1,2026-04-23,Delivered,27,20,0
4752,872,1,2026-08-23,Delivered,28,33,0
4753,872,1,2026-06-06,Delivered,26,19,0
4754,872,1,2026-08-07,Delivered,15,41,30
4755,872,1,2026-06-29,Delivered,30,24,15
4756,872,1,2026-03-05,Delivered,30,14,15
4757,873,1,2026-04-20,Delivered,21,21,30
4758,873,1,2026-05-25,Delivered,21,35,30
4759,873,1,2026-04-24,Delivered,30,9,15
4760,873,1,2026-05-02,Delivered,22,49,15
4761,873,1,2026-05-14,Delivered,22,34,0
4762,873,1,2026-08-13,Delivered,26,38,15
4763,874,4,2026-05-08,Delivered,23,29,15
4764,874,4,2026-06-01,Delivered,18,24,30
4765,874,4,2026-03-03,Delivered,14,29,30
4766,874,4,2026-04-14,Delivered,25,40,15
4767,874,4,2026-06-10,Delivered,20,0,0
4768,874,4,2026-05-09,Delivered,12,14,15
4769,874,4,2026-03-08,Delivered,27,3,0
4770,875,1,2026-03-11,Delivered,28,6,0
4771,875,1,2026-07-06,Delivered,10,8,0
4772,875,1,2026-06-18,Delivered,26,12,15
4773,875,1,2026-05-09,Delivered,12,25,0
4774,875,1,2026-07-28,Delivered,12,30,30
4775,875,1,2026-05-22,Delivered,14,1,15
4776,875,1,2026-07-03,Delivered,30,15,30
4777,876,3,2026-05-19,Delivered,30,49,30
4778,876,3,2026-06-30,Delivered,25,13,0
4779,876,3,2026-03-11,Delivered,18,5,0
4780,876,3,2026-06-12,Delivered,14,8,0
4781,876,3,2026-04-16,Delivered,23,24,15
4782,876,3,2026-03-28,Delivered,15,46,15
4783,876,3,2026-07-09,Delivered,27,23,0
4784,876,3,2026-04-30,Delivered,16,25,30
4785,877,2,2026-07-06,Delivered,25,44,30
4786,877,2,2026-05-01,Delivered,22,43,0
4787,877,2,2026-07-13,Delivered,16,41,30
4788,877,2,2026-05-24,Delivered,19,13,15
4789,877,2,2026-04-21,Delivered,15,44,15
4790,877,2,2026-05-11,Delivered,17,15,30
4791,877,2,2026-06-24,Delivered,14,46,15
4792,877,2,2026-04-30,Delivered,22,27,30
4793,877,2,2026-08-08,Delivered,26,13,0
4794,877,2,2026-07-31,Delivered,24,35,0
4795,878,5,2026-07-26,Delivered,14,38,15
4796,878,5,2026-03-20,Delivered,24,42,0
4797,878,5,2026-04-12,Delivered,21,29,30
4798,878,5,2026-04-02,Delivered,25,28,0
4799,878,5,2026-05-13,Delivered,30,43,0
4800,878,5,2026-08-17,Delivered,11,17,15
4801,878,5,2026-04-20,Delivered,23,47,15
4802,878,5,2026-05-08,Delivered,12,7,30
4803,879,1,2026-05-09,Delivered,10,14,15
4804,879,1,2026-03-06,Delivered,17,12,30
4805,879,1,2026-05-27,Delivered,15,48,30
4806,879,1,2026-05-30,Delivered,15,37,30
4807,879,1,2026-03-24,Delivered,24,41,0
4808,879,1,2026-04-14,Delivered,28,42,0
4809,879,1,2026-06-18,Delivered,11,31,30
4810,879,1,2026-07-02,Delivered,28,7,30
4811,879,1,2026-03-15,Delivered,21,11,15
4812,880,2,2026-08-18,Delivered,10,46,15
4813,880,2,2026-07-27,Delivered,20,28,30
4814,880,2,2026-05-13,Delivered,16,15,15
4815,880,2,2026-06-14,Delivered,25,39,0
4816,880,2,2026-07-28,Delivered,25,18,15
4817,880,2,2026-04-22,Delivered,10,16,30
4818,880,2,2026-04-10,Delivered,18,27,0
4819,880,2,2026-08-20,Delivered,16,39,30
4820,880,2,2026-03-09,Delivered,24,27,30
4821,881,3,2026-05-28,Delivered,26,44,0
4822,882,4,2026-03-09,Delivered,28,32,0
4823,882,4,2026-05-17,Delivered,26,19,0
4824,882,4,2026-04-30,Delivered,17,50,30
4825,882,4,2026-05-10,Delivered,14,12,15
4826,882,4,2026-02-27,Delivered,24,40,30
4827,882,4,2026-03-02,Delivered,21,0,15
4828,882,4,2026-06-19,Delivered,10,34,0
4829,882,4,2026-06-13,Delivered,13,46,15
4830,883,4,2026-03-04,Delivered,13,43,30
4831,883,4,2026-07-01,Delivered,28,11,30
4832,883,4,2026-06-06,Delivered,15,44,30
4833,884,4,2026-03-10,Delivered,13,36,15
4834,884,4,2026-05-10,Delivered,11,15,30
4835,884,4,2026-05-19,Delivered,13,36,15
4836,885,1,2026-04-15,Delivered,30,41,15
4837,885,1,2026-08-09,Delivered,20,23,0
4838,885,1,2026-06-27,Delivered,15,9,15
4839,885,1,2026-05-15,Delivered,11,31,30
4840,885,1,2026-03-01,Delivered,20,50,0
4841,885,1,2026-03-18,Delivered,13,3,15
4842,886,3,2026-04-12,Delivered,23,14,30
4843,886,3,2026-03-25,Delivered,24,45,15
4844,886,3,2026-08-02,Delivered,27,45,0
4845,886,3,2026-08-15,Delivered,25,31,30
4846,886,3,2026-05-22,Delivered,22,50,15
4847,886,3,2026-03-15,Delivered,17,10,30
4848,886,3,2026-04-26,Delivered,14,46,30
4849,886,3,2026-08-15,Delivered,27,38,30
4850,887,3,2026-07-23,Delivered,10,47,0
4851,887,3,2026-06-10,Delivered,24,49,30
4852,888,3,2026-05-04,Delivered,15,28,0
4853,888,3,2026-04-08,Delivered,24,46,0
4854,888,3,2026-03-10,Delivered,11,19,0
4855,888,3,2026-06-19,Delivered,11,46,30
4856,888,3,2026-07-16,Delivered,17,20,30
4857,889,4,2026-03-14,Delivered,16,24,15
4858,889,4,2026-04-23,Delivered,20,22,30
4859,889,4,2026-06-11,Delivered,16,36,30
4860,889,4,2026-04-09,Delivered,25,24,0
4861,889,4,2026-05-10,Delivered,17,23,30
4862,890,2,2026-06-05,Delivered,14,44,30
4863,890,2,2026-08-13,Delivered,25,48,0
4864,890,2,2026-07-13,Delivered,17,18,30
4865,890,2,2026-03-04,Delivered,15,48,15
4866,890,2,2026-03-19,Delivered,16,38,0
4867,891,5,2026-07-26,Delivered,26,9,15
4868,891,5,2026-08-07,Delivered,27,34,0
4869,891,5,2026-04-10,Delivered,25,21,0
4870,891,5,2026-04-30,Delivered,18,31,30
4871,891,5,2026-03-17,Delivered,14,9,15
4872,891,5,2026-04-25,Delivered,21,27,30
4873,892,3,2026-08-17,Delivered,29,14,0
4874,892,3,2026-06-10,Delivered,24,22,30
4875,892,3,2026-07-05,Delivered,17,28,0
4876,892,3,2026-05-27,Delivered,13,4,15
4877,892,3,2026-04-04,Delivered,16,27,0
4878,892,3,2026-06-15,Delivered,11,8,0
4879,892,3,2026-05-07,Delivered,26,47,0
4880,892,3,2026-02-25,Delivered,27,13,15
4881,892,3,2026-07-22,Delivered,20,24,30
4882,892,3,2026-03-06,Delivered,30,18,0
4883,893,3,2026-03-30,Delivered,18,32,0
4884,893,3,2026-06-06,Delivered,29,3,15
4885,893,3,2026-05-04,Delivered,23,1,15
4886,893,3,2026-06-06,Delivered,14,16,15
4887,893,3,2026-03-04,Delivered,26,6,30
4888,893,3,2026-08-17,Delivered,30,13,30
4889,894,2,2026-07-01,Delivered,12,1,30
4890,894,2,2026-05-24,Delivered,17,39,0
4891,894,2,2026-04-30,Delivered,25,46,30
4892,894,2,2026-06-17,Delivered,21,39,30
4893,894,2,2026-06-08,Delivered,18,25,30
4894,895,2,2026-05-03,Delivered,24,28,15
4895,895,2,2026-05-05,Delivered,19,24,0
4896,895,2,2026-05-15,Delivered,26,30,15
4897,896,2,2026-06-21,Delivered,11,46,15
4898,896,2,2026-05-25,Delivered,20,21,0
4899,896,2,2026-05-29,Delivered,28,10,0
4900,896,2,2026-05-18,Delivered,23,36,0
4901,896,2,2026-05-20,Delivered,19,10,30
4902,896,2,2026-03-20,Delivered,19,30,15
4903,896,2,2026-06-21,Delivered,28,6,0
4904,896,2,2026-05-12,Delivered,23,0,30
4905,896,2,2026-03-20,Delivered,11,12,30
4906,897,2,2026-03-30,Delivered,13,4,30
4907,897,2,2026-07-26,Delivered,26,12,30
4908,897,2,2026-07-06,Delivered,27,48,15
4909,897,2,2026-04-10,Delivered,23,41,0
4910,897,2,2026-04-25,Delivered,23,46,0
4911,897,2,2026-03-03,Delivered,25,31,30
4912,897,2,2026-04-07,Delivered,24,1,15
4913,897,2,2026-04-22,Delivered,17,37,15
4914,897,2,2026-07-18,Delivered,21,9,15
4915,898,3,2026-06-02,Delivered,13,3,30
4916,898,3,2026-03-22,Delivered,17,12,30
4917,898,3,2026-03-01,Delivered,30,48,30
4918,898,3,2026-08-13,Delivered,16,35,0
4919,898,3,2026-05-28,Delivered,16,46,30
4920,898,3,2026-02-26,Delivered,11,27,30
4921,898,3,2026-05-22,Delivered,28,7,30
4922,899,2,2026-07-19,Delivered,13,5,15
4923,900,5,2026-07-23,Delivered,22,11,0
4924,900,5,2026-07-22,Delivered,13,18,0
4925,900,5,2026-02-26,Delivered,13,14,15
4926,900,5,2026-04-05,Delivered,26,19,30
4927,900,5,2026-03-21,Delivered,30,28,0
4928,900,5,2026-08-20,Delivered,10,23,0
4929,900,5,2026-05-30,Delivered,20,31,15
4930,900,5,2026-06-22,Delivered,15,21,0
4931,900,5,2026-03-03,Delivered,17,2,15
4932,901,3,2026-06-13,Delivered,18,38,30
4933,902,5,2026-03-08,Delivered,19,30,15
4934,902,5,2026-08-11,Delivered,23,8,0
4935,903,1,2026-07-08,Delivered,14,2,0
4936,903,1,2026-06-06,Delivered,21,49,0
4937,903,1,2026-06-11,Delivered,15,12,0
4938,903,1,2026-04-20,Delivered,15,10,30
4939,903,1,2026-07-02,Delivered,27,27,0
4940,903,1,2026-04-30,Delivered,23,38,0
4941,904,1,2026-04-01,Delivered,30,37,0
4942,904,1,2026-06-14,Delivered,20,11,15
4943,904,1,2026-03-30,Delivered,10,37,0
4944,904,1,2026-07-04,Delivered,21,4,30
4945,904,1,2026-08-12,Delivered,17,2,30
4946,904,1,2026-07-16,Delivered,27,11,30
4947,904,1,2026-07-30,Delivered,24,37,0
4948,904,1,2026-04-25,Delivered,28,39,15
4949,904,1,2026-05-24,Delivered,17,17,30
4950,905,3,2026-03-04,Delivered,28,14,0
4951,905,3,2026-05-31,Delivered,12,6,0
4952,906,1,2026-05-19,Delivered,26,10,15
4953,906,1,2026-05-04,Delivered,20,15,30
4954,906,1,2026-03-17,Delivered,22,35,0
4955,906,1,2026-03-11,Delivered,17,44,15
4956,906,1,2026-03-30,Delivered,27,4,0
4957,906,1,2026-08-11,Delivered,11,22,15
4958,906,1,2026-05-21,Delivered,29,35,30
4959,907,3,2026-07-09,Delivered,27,18,0
4960,907,3,2026-07-12,Delivered,30,20,30
4961,907,3,2026-08-22,Delivered,20,3,30
4962,907,3,2026-06-05,Delivered,15,8,30
4963,907,3,2026-04-16,Delivered,10,4,30
4964,907,3,2026-04-16,Delivered,30,41,30
4965,907,3,2026-08-11,Delivered,22,35,15
4966,907,3,2026-06-18,Delivered,30,29,15
4967,907,3,2026-07-22,Delivered,25,33,30
4968,908,1,2026-05-24,Delivered,14,24,15
4969,909,2,2026-04-06,Delivered,29,38,15
4970,909,2,2026-06-19,Delivered,10,30,30
4971,909,2,2026-03-19,Delivered,12,2,0
4972,909,2,2026-03-05,Delivered,25,47,0
4973,910,2,2026-03-19,Delivered,14,9,30
4974,910,2,2026-05-06,Delivered,20,15,30
4975,910,2,2026-07-15,Delivered,17,14,30
4976,910,2,2026-03-05,Delivered,27,33,30
4977,911,4,2026-05-12,Delivered,25,25,30
4978,911,4,2026-07-22,Delivered,26,13,0
4979,911,4,2026-06-02,Delivered,19,27,15
4980,911,4,2026-06-12,Delivered,17,22,15
4981,911,4,2026-04-26,Delivered,21,44,30
4982,911,4,2026-03-20,Delivered,28,27,15
4983,911,4,2026-06-29,Delivered,23,1,0
4984,912,5,2026-03-29,Delivered,18,24,15
4985,912,5,2026-03-01,Delivered,28,21,0
4986,912,5,2026-03-16,Delivered,25,47,15
4987,912,5,2026-08-13,Delivered,26,41,15
4988,912,5,2026-04-30,Delivered,18,13,15
4989,912,5,2026-02-27,Delivered,28,27,30
4990,913,5,2026-04-03,Delivered,28,33,0
4991,913,5,2026-08-06,Delivered,20,49,30
4992,913,5,2026-06-04,Delivered,28,46,0
4993,913,5,2026-03-21,Delivered,10,40,0
4994,913,5,2026-05-30,Delivered,24,18,30
4995,913,5,2026-03-16,Delivered,29,16,0
4996,913,5,2026-03-01,Delivered,25,11,30
4997,913,5,2026-06-16,Delivered,28,48,30
4998,913,5,2026-04-17,Delivered,18,46,30
4999,913,5,2026-07-26,Delivered,27,40,0
5000,914,3,2026-05-18,Delivered,10,14,30
5001,914,3,2026-03-17,Delivered,19,36,15
5002,915,1,2026-03-09,Delivered,28,0,0
5003,915,1,2026-04-27,Delivered,21,38,0
5004,915,1,2026-03-02,Delivered,15,21,15
5005,915,1,2026-05-15,Delivered,22,5,30
5006,915,1,2026-04-12,Delivered,28,37,0
5007,915,1,2026-04-10,Delivered,11,44,0
5008,915,1,2026-04-27,Delivered,22,29,15
5009,915,1,2026-02-26,Delivered,16,7,15
5010,916,4,2026-07-31,Delivered,28,36,30
5011,916,4,2026-06-15,Delivered,23,30,30
5012,916,4,2026-08-17,Delivered,10,12,15
5013,916,4,2026-08-03,Delivered,27,37,15
5014,916,4,2026-04-13,Delivered,14,19,30
5015,916,4,2026-03-02,Delivered,11,42,30
5016,916,4,2026-04-27,Delivered,19,26,30
5017,916,4,2026-05-15,Delivered,16,29,0
5018,916,4,2026-03-03,Delivered,23,12,0
5019,917,1,2026-07-08,Delivered,17,37,0
5020,917,1,2026-04-19,Delivered,27,12,30
5021,917,1,2026-06-29,Delivered,25,44,30
5022,917,1,2026-06-14,Delivered,16,5,15
5023,917,1,2026-06-14,Delivered,19,33,15
5024,917,1,2026-05-08,Delivered,24,44,0
5025,918,1,2026-05-01,Delivered,28,36,0
5026,918,1,2026-08-15,Delivered,26,1,15
5027,918,1,2026-08-03,Delivered,28,2,30
5028,918,1,2026-06-20,Delivered,30,29,30
5029,918,1,2026-06-07,Delivered,24,25,15
5030,919,1,2026-06-09,Delivered,25,13,30
5031,919,1,2026-08-14,Delivered,23,9,30
5032,919,1,2026-08-15,Delivered,25,11,30
5033,919,1,2026-06-17,Delivered,20,2,15
5034,919,1,2026-07-07,Delivered,22,8,15
5035,919,1,2026-03-10,Delivered,10,48,0
5036,919,1,2026-06-29,Delivered,18,17,30
5037,919,1,2026-08-19,Delivered,11,50,30
5038,920,5,2026-03-04,Delivered,22,26,15
5039,920,5,2026-05-25,Delivered,25,45,30
5040,921,4,2026-04-20,Delivered,25,7,15
5041,921,4,2026-08-07,Delivered,16,45,0
5042,921,4,2026-08-06,Delivered,16,36,15
5043,921,4,2026-02-26,Delivered,11,2,30
5044,921,4,2026-04-02,Delivered,26,11,15
5045,921,4,2026-03-07,Delivered,30,7,15
5046,921,4,2026-07-08,Delivered,17,38,0
5047,921,4,2026-06-13,Delivered,19,21,15
5048,921,4,2026-04-17,Delivered,22,42,15
5049,922,3,2026-06-30,Delivered,30,34,0
5050,922,3,2026-08-20,Delivered,16,19,30
5051,922,3,2026-07-07,Delivered,16,35,0
5052,922,3,2026-06-11,Delivered,20,26,30
5053,922,3,2026-06-26,Delivered,14,1,30
5054,922,3,2026-04-24,Delivered,30,27,0
5055,922,3,2026-07-18,Delivered,20,38,15
5056,922,3,2026-07-20,Delivered,25,19,0
5057,922,3,2026-07-28,Delivered,30,35,0
5058,922,3,2026-04-15,Delivered,25,20,0
5059,923,4,2026-05-05,Delivered,18,48,15
5060,923,4,2026-06-03,Delivered,19,26,0
5061,923,4,2026-05-19,Delivered,27,37,0
5062,923,4,2026-04-13,Delivered,12,44,15
5063,923,4,2026-03-06,Delivered,13,17,30
5064,923,4,2026-04-04,Delivered,30,44,15
5065,924,3,2026-05-12,Delivered,22,8,15
5066,924,3,2026-04-01,Delivered,22,4,15
5067,924,3,2026-05-21,Delivered,26,22,15
5068,924,3,2026-06-09,Delivered,18,45,0
5069,924,3,2026-03-26,Delivered,30,37,0
5070,924,3,2026-06-22,Delivered,14,10,15
5071,924,3,2026-05-27,Delivered,15,25,30
5072,924,3,2026-04-04,Delivered,20,31,0
5073,925,5,2026-03-28,Delivered,25,9,0
5074,925,5,2026-04-16,Delivered,20,43,15
5075,925,5,2026-03-11,Delivered,14,39,0
5076,925,5,2026-07-11,Delivered,20,29,0
5077,926,5,2026-07-11,Delivered,12,49,30
5078,926,5,2026-07-27,Delivered,23,32,0
5079,926,5,2026-04-25,Delivered,15,39,15
5080,926,5,2026-07-28,Delivered,24,6,15
5081,926,5,2026-03-20,Delivered,30,47,0
5082,926,5,2026-06-05,Delivered,23,3,15
5083,926,5,2026-06-10,Delivered,28,26,15
5084,926,5,2026-08-17,Delivered,29,21,15
5085,926,5,2026-07-13,Delivered,10,41,30
5086,926,5,2026-07-18,Delivered,23,26,0
5087,927,3,2026-03-01,Delivered,17,49,30
5088,927,3,2026-08-22,Delivered,17,36,0
5089,927,3,2026-04-01,Delivered,27,49,0
5090,927,3,2026-02-27,Delivered,12,28,30
5091,927,3,2026-06-22,Delivered,18,37,30
5092,927,3,2026-04-07,Delivered,19,15,30
5093,927,3,2026-05-03,Delivered,16,17,0
5094,927,3,2026-08-03,Delivered,29,43,0
5095,927,3,2026-06-24,Delivered,14,10,15
5096,927,3,2026-04-30,Delivered,19,46,15
5097,928,1,2026-07-24,Delivered,20,10,15
5098,928,1,2026-04-23,Delivered,28,17,15
5099,928,1,2026-05-04,Delivered,29,19,15
5100,928,1,2026-08-17,Delivered,13,14,0
5101,929,2,2026-07-30,Delivered,11,31,0
5102,929,2,2026-04-16,Delivered,18,36,0
5103,929,2,2026-06-14,Delivered,18,7,30
5104,930,4,2026-08-22,Delivered,16,10,30
5105,930,4,2026-07-03,Delivered,25,0,30
5106,930,4,2026-07-23,Delivered,12,14,0
5107,930,4,2026-06-09,Delivered,23,23,15
5108,931,4,2026-06-13,Delivered,16,16,0
5109,931,4,2026-06-23,Delivered,22,2,15
5110,931,4,2026-06-13,Delivered,25,34,0
5111,931,4,2026-05-12,Delivered,25,23,30
5112,931,4,2026-03-28,Delivered,11,33,15
5113,931,4,2026-02-27,Delivered,14,15,15
5114,931,4,2026-08-09,Delivered,17,12,0
5115,931,4,2026-07-19,Delivered,18,20,0
5116,931,4,2026-08-11,Delivered,10,48,15
5117,931,4,2026-05-06,Delivered,30,42,0
5118,932,3,2026-08-10,Delivered,29,33,15
5119,932,3,2026-07-11,Delivered,12,17,15
5120,933,1,2026-05-26,Delivered,17,36,30
5121,933,1,2026-04-22,Delivered,23,13,30
5122,933,1,2026-04-30,Delivered,13,48,15
5123,933,1,2026-08-07,Delivered,10,25,0
5124,933,1,2026-04-10,Delivered,25,29,15
5125,933,1,2026-06-19,Delivered,30,0,15
5126,933,1,2026-03-19,Delivered,14,26,30
5127,933,1,2026-07-05,Delivered,28,14,0
5128,933,1,2026-06-22,Delivered,27,38,15
5129,934,4,2026-03-04,Delivered,11,25,15
5130,934,4,2026-07-23,Delivered,27,19,15
5131,934,4,2026-03-11,Delivered,16,50,0
5132,934,4,2026-07-08,Delivered,16,39,15
5133,934,4,2026-04-01,Delivered,11,43,0
5134,934,4,2026-06-22,Delivered,15,40,15
5135,934,4,2026-08-13,Delivered,19,45,30
5136,935,2,2026-04-26,Delivered,23,46,0
5137,935,2,2026-03-16,Delivered,27,35,0
5138,935,2,2026-08-01,Delivered,19,42,30
5139,935,2,2026-06-25,Delivered,25,30,15
5140,936,1,2026-06-21,Delivered,16,41,15
5141,936,1,2026-03-12,Delivered,22,17,0
5142,937,2,2026-08-21,Delivered,17,29,30
5143,937,2,2026-03-28,Delivered,12,27,0
5144,938,3,2026-08-21,Delivered,13,12,30
5145,938,3,2026-07-12,Delivered,23,21,30
5146,938,3,2026-05-17,Delivered,30,17,30
5147,938,3,2026-06-30,Delivered,25,14,15
5148,938,3,2026-08-20,Delivered,29,29,0
5149,938,3,2026-08-16,Delivered,24,20,30
5150,938,3,2026-07-12,Delivered,17,38,30
5151,939,1,2026-06-11,Delivered,30,4,15
5152,939,1,2026-05-20,Delivered,30,47,0
5153,939,1,2026-04-05,Delivered,22,14,30
5154,939,1,2026-08-08,Delivered,27,3,0
5155,939,1,2026-04-27,Delivered,13,34,30
5156,940,3,2026-04-19,Delivered,27,6,15
5157,940,3,2026-04-29,Delivered,11,34,15
5158,940,3,2026-05-16,Delivered,11,48,15
5159,940,3,2026-06-25,Delivered,22,48,15
5160,941,1,2026-03-15,Delivered,11,36,15
5161,941,1,2026-02-27,Delivered,30,4,0
5162,941,1,2026-07-29,Delivered,27,16,0
5163,941,1,2026-04-23,Delivered,17,14,15
5164,941,1,2026-05-10,Delivered,10,33,0
5165,941,1,2026-08-08,Delivered,26,38,15
5166,941,1,2026-03-11,Delivered,25,11,15
5167,941,1,2026-07-13,Delivered,26,40,30
5168,941,1,2026-05-23,Delivered,25,19,0
5169,941,1,2026-03-05,Delivered,30,16,30
5170,942,1,2026-05-27,Delivered,12,23,15
5171,942,1,2026-03-05,Delivered,13,17,0
5172,942,1,2026-03-22,Delivered,13,27,30
5173,943,3,2026-03-18,Delivered,30,23,0
5174,943,3,2026-03-03,Delivered,29,28,15
5175,943,3,2026-06-13,Delivered,17,0,15
5176,944,4,2026-05-04,Delivered,13,18,0
5177,944,4,2026-07-04,Delivered,16,35,15
5178,944,4,2026-07-24,Delivered,19,18,30
5179,944,4,2026-04-19,Delivered,18,34,0
5180,944,4,2026-02-28,Delivered,21,23,15
5181,944,4,2026-07-26,Delivered,20,45,30
5182,944,4,2026-03-23,Delivered,13,13,30
5183,945,5,2026-03-20,Delivered,19,29,15
5184,945,5,2026-08-11,Delivered,14,30,30
5185,945,5,2026-07-10,Delivered,23,35,30
5186,945,5,2026-04-19,Delivered,10,7,0
5187,946,1,2026-04-13,Delivered,27,1,15
5188,946,1,2026-03-09,Delivered,15,14,0
5189,946,1,2026-05-13,Delivered,10,42,0
5190,946,1,2026-06-02,Delivered,30,17,0
5191,946,1,2026-04-16,Delivered,23,21,0
5192,946,1,2026-04-24,Delivered,10,5,0
5193,946,1,2026-05-07,Delivered,28,1,0
5194,947,1,2026-08-20,Delivered,20,7,0
5195,947,1,2026-04-17,Delivered,17,18,15
5196,947,1,2026-06-17,Delivered,21,25,30
5197,947,1,2026-03-03,Delivered,27,24,0
5198,947,1,2026-05-04,Delivered,13,15,15
5199,948,5,2026-02-26,Delivered,22,20,15
5200,948,5,2026-08-15,Delivered,27,26,0
5201,948,5,2026-07-03,Delivered,21,40,0
5202,948,5,2026-06-06,Delivered,17,11,30
5203,948,5,2026-03-08,Delivered,11,33,15
5204,948,5,2026-06-08,Delivered,19,43,30
5205,948,5,2026-03-25,Delivered,27,34,0
5206,948,5,2026-06-18,Delivered,29,22,0
5207,949,2,2026-06-11,Delivered,17,34,30
5208,949,2,2026-07-31,Delivered,18,42,15
5209,949,2,2026-04-14,Delivered,18,3,15
5210,949,2,2026-02-25,Delivered,29,49,0
5211,949,2,2026-07-28,Delivered,15,35,30
5212,949,2,2026-08-21,Delivered,11,18,30
5213,949,2,2026-07-16,Delivered,21,2,0
5214,949,2,2026-04-09,Delivered,25,34,15
5215,949,2,2026-03-23,Delivered,30,17,15
5216,950,4,2026-08-18,Delivered,25,15,30
5217,951,2,2026-05-04,Delivered,12,47,15
5218,951,2,2026-02-28,Delivered,22,29,30
5219,951,2,2026-06-14,Delivered,15,44,30
5220,952,2,2026-05-07,Delivered,30,11,0
5221,952,2,2026-07-11,Delivered,17,14,0
5222,952,2,2026-03-08,Delivered,30,42,0
5223,952,2,2026-08-02,Delivered,27,19,15
5224,952,2,2026-06-26,Delivered,29,7,15
5225,952,2,2026-05-18,Delivered,23,5,30
5226,952,2,2026-06-02,Delivered,24,21,30
5227,952,2,2026-08-10,Delivered,28,20,30
5228,952,2,2026-05-23,Delivered,17,35,30
5229,953,1,2026-02-26,Delivered,23,5,15
5230,953,1,2026-03-01,Delivered,22,16,0
5231,953,1,2026-07-31,Delivered,24,37,30
5232,954,3,2026-06-30,Delivered,28,32,0
5233,954,3,2026-04-18,Delivered,28,9,30
5234,955,1,2026-05-29,Delivered,20,11,15
5235,955,1,2026-06-19,Delivered,15,32,30
5236,955,1,2026-07-29,Delivered,18,11,0
5237,955,1,2026-07-06,Delivered,18,4,0
5238,955,1,2026-04-13,Delivered,14,4,30
5239,955,1,2026-07-26,Delivered,11,8,30
5240,955,1,2026-02-27,Delivered,12,5,15
5241,955,1,2026-04-23,Delivered,23,26,30
5242,956,3,2026-05-03,Delivered,26,20,15
5243,956,3,2026-05-03,Delivered,16,39,30
5244,956,3,2026-05-09,Delivered,13,14,0
5245,956,3,2026-04-22,Delivered,19,12,30
5246,957,1,2026-05-01,Delivered,25,20,30
5247,957,1,2026-04-05,Delivered,21,4,30
5248,957,1,2026-03-08,Delivered,15,44,30
5249,957,1,2026-06-17,Delivered,30,43,15
5250,957,1,2026-08-07,Delivered,30,18,30
5251,958,2,2026-06-23,Delivered,18,40,30
5252,958,2,2026-03-03,Delivered,17,7,30
5253,958,2,2026-08-03,Delivered,10,0,30
5254,958,2,2026-05-17,Delivered,20,42,30
5255,958,2,2026-08-04,Delivered,14,13,15
5256,958,2,2026-07-08,Delivered,25,30,0
5257,958,2,2026-06-06,Delivered,13,21,15
5258,958,2,2026-04-08,Delivered,24,3,15
5259,958,2,2026-04-14,Delivered,29,4,15
5260,958,2,2026-04-20,Delivered,23,32,30
5261,959,1,2026-03-06,Delivered,17,19,30
5262,959,1,2026-07-06,Delivered,13,32,30
5263,959,1,2026-03-10,Delivered,13,10,0
5264,959,1,2026-04-30,Delivered,25,36,0
5265,959,1,2026-06-24,Delivered,26,17,15
5266,959,1,2026-07-22,Delivered,13,10,30
5267,959,1,2026-03-23,Delivered,23,43,15
5268,960,3,2026-08-14,Delivered,26,30,0
5269,960,3,2026-05-29,Delivered,29,29,0
5270,960,3,2026-08-10,Delivered,15,8,30
5271,961,3,2026-05-02,Delivered,30,0,30
5272,961,3,2026-04-06,Delivered,29,7,30
5273,962,2,2026-06-06,Delivered,28,18,30
5274,962,2,2026-08-18,Delivered,19,49,15
5275,962,2,2026-07-18,Delivered,19,48,30
5276,962,2,2026-06-09,Delivered,29,48,30
5277,962,2,2026-07-11,Delivered,29,49,0
5278,963,3,2026-05-15,Delivered,17,24,15
5279,963,3,2026-03-16,Delivered,20,45,30
5280,963,3,2026-04-25,Delivered,22,19,15
5281,963,3,2026-07-06,Delivered,24,32,15
5282,963,3,2026-06-09,Delivered,18,10,0
5283,963,3,2026-03-19,Delivered,30,48,0
5284,963,3,2026-05-24,Delivered,26,15,30
5285,963,3,2026-07-08,Delivered,15,34,30
5286,964,2,2026-03-02,Delivered,11,10,0
5287,964,2,2026-06-03,Delivered,18,15,15
5288,964,2,2026-05-22,Delivered,14,45,15
5289,964,2,2026-08-12,Delivered,15,15,15
5290,964,2,2026-05-06,Delivered,16,0,0
5291,964,2,2026-05-18,Delivered,19,21,15
5292,964,2,2026-04-01,Delivered,28,28,0
5293,964,2,2026-04-25,Delivered,30,35,15
5294,964,2,2026-04-06,Delivered,19,3,15
5295,965,4,2026-04-17,Delivered,30,10,15
5296,965,4,2026-03-01,Delivered,23,25,30
5297,965,4,2026-06-24,Delivered,27,15,0
5298,965,4,2026-07-03,Delivered,13,21,30
5299,965,4,2026-05-16,Delivered,14,35,15
5300,965,4,2026-03-19,Delivered,24,36,0
5301,965,4,2026-03-14,Delivered,12,24,30
5302,965,4,2026-03-11,Delivered,21,20,0
5303,965,4,2026-07-24,Delivered,22,22,30
5304,965,4,2026-08-11,Delivered,17,40,15
5305,966,1,2026-07-26,Delivered,11,9,30
5306,966,1,2026-04-12,Delivered,14,33,30
5307,966,1,2026-03-12,Delivered,11,43,30
5308,966,1,2026-06-05,Delivered,15,5,0
5309,966,1,2026-06-27,Delivered,15,38,30
5310,967,4,2026-05-09,Delivered,28,8,30
5311,967,4,2026-05-28,Delivered,11,26,0
5312,967,4,2026-07-06,Delivered,27,39,0
5313,967,4,2026-07-22,Delivered,29,21,15
5314,967,4,2026-06-27,Delivered,20,48,30
5315,967,4,2026-07-28,Delivered,21,22,0
5316,967,4,2026-08-23,Delivered,17,47,0
5317,968,3,2026-06-29,Delivered,29,46,30
5318,968,3,2026-06-27,Delivered,16,19,0
5319,968,3,2026-06-10,Delivered,12,12,0
5320,968,3,2026-05-11,Delivered,24,23,0
5321,968,3,2026-08-01,Delivered,10,28,30
5322,968,3,2026-05-18,Delivered,11,10,0
5323,969,5,2026-08-01,Delivered,21,26,15
5324,969,5,2026-07-21,Delivered,27,6,15
5325,969,5,2026-03-15,Delivered,11,2,30
5326,969,5,2026-05-27,Delivered,30,42,15
5327,969,5,2026-06-24,Delivered,14,16,30
5328,969,5,2026-06-05,Delivered,27,30,15
5329,969,5,2026-04-25,Delivered,23,38,15
5330,969,5,2026-07-22,Delivered,11,5,15
5331,970,4,2026-07-19,Delivered,20,2,15
5332,970,4,2026-06-27,Delivered,14,33,30
5333,970,4,2026-05-24,Delivered,23,39,0
5334,970,4,2026-03-21,Delivered,10,29,0
5335,970,4,2026-07-31,Delivered,10,40,15
5336,970,4,2026-03-30,Delivered,25,11,15
5337,970,4,2026-07-03,Delivered,27,14,15
5338,970,4,2026-08-19,Delivered,12,15,0
5339,970,4,2026-05-17,Delivered,18,38,15
5340,971,2,2026-03-28,Delivered,30,34,30
5341,971,2,2026-04-12,Delivered,30,49,15
5342,971,2,2026-07-23,Delivered,10,0,15
5343,971,2,2026-04-04,Delivered,28,1,30
5344,971,2,2026-07-01,Delivered,12,33,0
5345,971,2,2026-05-25,Delivered,20,2,15
5346,971,2,2026-05-05,Delivered,20,50,15
5347,971,2,2026-07-01,Delivered,28,5,30
5348,972,5,2026-04-17,Delivered,22,15,30
5349,972,5,2026-03-11,Delivered,17,4,15
5350,972,5,2026-05-02,Delivered,20,39,0
5351,972,5,2026-03-30,Delivered,22,0,0
5352,972,5,2026-03-05,Delivered,26,31,30
5353,973,2,2026-05-30,Delivered,26,8,0
5354,974,1,2026-03-26,Delivered,16,41,30
5355,974,1,2026-06-21,Delivered,25,16,30
5356,974,1,2026-03-30,Delivered,29,6,15
5357,974,1,2026-05-22,Delivered,22,17,30
5358,974,1,2026-08-22,Delivered,24,47,30
5359,974,1,2026-05-31,Delivered,18,44,30
5360,974,1,2026-05-28,Delivered,27,33,15
5361,974,1,2026-08-04,Delivered,10,4,15
5362,975,3,2026-04-27,Delivered,12,29,15
5363,975,3,2026-07-16,Delivered,27,32,0
5364,975,3,2026-07-17,Delivered,30,4,0
5365,975,3,2026-03-04,Delivered,18,29,15
5366,975,3,2026-06-07,Delivered,28,10,15
5367,975,3,2026-06-15,Delivered,15,46,15
5368,975,3,2026-07-12,Delivered,17,30,0
5369,975,3,2026-08-07,Delivered,20,15,15
5370,975,3,2026-08-05,Delivered,30,21,15
5371,976,3,2026-07-07,Delivered,28,48,30
5372,976,3,2026-02-25,Delivered,20,47,30
5373,976,3,2026-05-19,Delivered,18,6,0
5374,976,3,2026-03-25,Delivered,27,34,15
5375,976,3,2026-07-16,Delivered,13,2,15
5376,976,3,2026-07-24,Delivered,26,23,30
5377,976,3,2026-06-22,Delivered,30,6,30
5378,977,4,2026-07-30,Delivered,22,46,15
5379,977,4,2026-03-17,Delivered,24,16,15
5380,977,4,2026-04-15,Delivered,17,7,30
5381,978,3,2026-06-13,Delivered,13,13,30
5382,978,3,2026-03-20,Delivered,29,40,0
5383,978,3,2026-04-25,Delivered,18,43,0
5384,978,3,2026-06-08,Delivered,18,43,30
5385,978,3,2026-04-20,Delivered,12,2,30
5386,978,3,2026-02-28,Delivered,20,34,0
5387,978,3,2026-08-10,Delivered,28,47,15
5388,978,3,2026-05-24,Delivered,21,20,15
5389,978,3,2026-08-04,Delivered,13,50,0
5390,979,1,2026-04-27,Delivered,22,45,15
5391,979,1,2026-04-14,Delivered,14,32,0
5392,979,1,2026-07-27,Delivered,28,13,15
5393,979,1,2026-06-04,Delivered,25,1,15
5394,979,1,2026-07-27,Delivered,25,44,0
5395,979,1,2026-03-03,Delivered,20,36,30
5396,979,1,2026-07-24,Delivered,16,43,30
5397,979,1,2026-03-13,Delivered,16,46,0
5398,979,1,2026-05-11,Delivered,11,36,0
5399,979,1,2026-02-25,Delivered,28,4,15
5400,980,4,2026-06-04,Delivered,21,17,0
5401,980,4,2026-04-02,Delivered,25,25,30
5402,980,4,2026-05-16,Delivered,28,50,0
5403,980,4,2026-05-04,Delivered,15,13,30
5404,980,4,2026-03-26,Delivered,27,34,0
5405,980,4,2026-03-20,Delivered,27,7,0
5406,980,4,2026-04-15,Delivered,12,22,15
5407,980,4,2026-04-21,Delivered,27,13,30
5408,981,1,2026-08-15,Delivered,16,9,0
5409,981,1,2026-04-13,Delivered,27,4,15
5410,981,1,2026-06-04,Delivered,26,34,0
5411,981,1,2026-04-12,Delivered,11,43,15
5412,981,1,2026-06-18,Delivered,14,3,15
5413,981,1,2026-05-05,Delivered,23,19,15
5414,981,1,2026-03-03,Delivered,25,49,15
5415,982,5,2026-05-03,Delivered,24,12,0
5416,982,5,2026-05-01,Delivered,12,42,0
5417,982,5,2026-08-09,Delivered,12,36,30
5418,982,5,2026-05-26,Delivered,22,14,30
5419,982,5,2026-08-16,Delivered,29,19,30
5420,982,5,2026-05-23,Delivered,11,6,0
5421,982,5,2026-04-28,Delivered,30,3,30
5422,983,5,2026-05-25,Delivered,28,7,30
5423,983,5,2026-03-18,Delivered,13,0,0
5424,983,5,2026-06-01,Delivered,20,17,0
5425,983,5,2026-04-16,Delivered,29,22,0
5426,983,5,2026-03-05,Delivered,12,47,30
5427,983,5,2026-04-27,Delivered,20,35,0
5428,983,5,2026-03-02,Delivered,28,47,15
5429,984,5,2026-07-11,Delivered,29,43,0
5430,984,5,2026-05-26,Delivered,13,21,0
5431,984,5,2026-05-05,Delivered,25,12,15
5432,984,5,2026-06-23,Delivered,24,41,30
5433,984,5,2026-08-02,Delivered,16,41,0
5434,984,5,2026-04-25,Delivered,14,23,15
5435,984,5,2026-03-29,Delivered,11,14,30
5436,984,5,2026-03-14,Delivered,24,40,0
5437,984,5,2026-03-31,Delivered,27,11,30
5438,984,5,2026-07-28,Delivered,24,32,15
5439,985,2,2026-03-13,Delivered,15,49,30
5440,985,2,2026-08-13,Delivered,25,48,15
5441,985,2,2026-06-07,Delivered,21,48,30
5442,986,2,2026-08-20,Delivered,21,49,30
5443,986,2,2026-05-07,Delivered,23,20,15
5444,986,2,2026-07-03,Delivered,16,48,30
5445,986,2,2026-06-23,Delivered,30,13,15
5446,986,2,2026-05-27,Delivered,27,12,30
5447,986,2,2026-08-23,Delivered,24,14,30
5448,986,2,2026-03-10,Delivered,27,27,30
5449,986,2,2026-08-04,Delivered,18,43,15
5450,986,2,2026-04-17,Delivered,12,45,15
5451,987,5,2026-07-15,Delivered,10,24,15
5452,987,5,2026-02-27,Delivered,18,49,0
5453,987,5,2026-05-28,Delivered,24,12,0
5454,987,5,2026-02-26,Delivered,30,9,0
5455,987,5,2026-04-21,Delivered,23,7,15
5456,988,1,2026-08-23,Delivered,11,47,15
5457,988,1,2026-08-11,Delivered,21,10,0
5458,989,1,2026-07-06,Delivered,11,3,15
5459,989,1,2026-05-09,Delivered,10,26,0
5460,989,1,2026-06-04,Delivered,27,32,30
5461,990,2,2026-05-01,Delivered,13,2,15
5462,991,5,2026-04-26,Delivered,17,43,30
5463,991,5,2026-06-08,Delivered,17,5,15
5464,991,5,2026-04-27,Delivered,14,0,30
5465,991,5,2026-05-17,Delivered,26,28,15
5466,992,1,2026-07-26,Delivered,30,40,15
5467,992,1,2026-03-30,Delivered,13,12,15
5468,992,1,2026-07-16,Delivered,24,14,30
5469,992,1,2026-03-08,Delivered,24,42,0
5470,992,1,2026-05-25,Delivered,29,31,30
5471,992,1,2026-04-22,Delivered,14,32,0
5472,992,1,2026-03-09,Delivered,21,18,15
5473,992,1,2026-03-02,Delivered,21,27,15
5474,993,3,2026-05-25,Delivered,12,21,30
5475,993,3,2026-04-22,Delivered,22,17,30
5476,993,3,2026-07-06,Delivered,28,27,30
5477,994,3,2026-06-23,Delivered,29,25,0
5478,994,3,2026-05-22,Delivered,14,36,30
5479,994,3,2026-06-30,Delivered,12,33,0
5480,994,3,2026-03-11,Delivered,29,17,15
5481,994,3,2026-03-25,Delivered,29,50,15
5482,995,4,2026-07-22,Delivered,28,9,0
5483,995,4,2026-05-03,Delivered,27,3,30
5484,995,4,2026-04-29,Delivered,28,45,15
5485,995,4,2026-04-07,Delivered,15,24,15
5486,995,4,2026-08-10,Delivered,22,30,0
5487,995,4,2026-04-07,Delivered,17,33,0
5488,995,4,2026-05-07,Delivered,23,32,30
5489,995,4,2026-06-22,Delivered,28,3,30
5490,996,1,2026-08-22,Delivered,18,16,15
5491,996,1,2026-08-08,Delivered,11,17,15
5492,996,1,2026-05-23,Delivered,12,22,30
5493,996,1,2026-03-12,Delivered,13,8,0
5494,996,1,2026-06-07,Delivered,28,11,0
5495,997,3,2026-06-29,Delivered,21,17,30
5496,997,3,2026-07-26,Delivered,19,30,0
5497,998,5,2026-03-13,Delivered,29,26,0
5498,998,5,2026-03-10,Delivered,22,38,30
5499,998,5,2026-02-25,Delivered,24,19,0
5500,998,5,2026-03-12,Delivered,28,46,15
5501,999,1,2026-04-02,Delivered,29,9,15
5502,1000,1,2026-03-17,Delivered,28,38,0
5503,1000,1,2026-03-08,Delivered,28,30,15
5504,1000,1,2026-05-24,Delivered,18,36,0
5505,1000,1,2026-03-31,Delivered,16,42,0
5506,1000,1,2026-05-30,Delivered,19,24,0
5507,1000,1,2026-05-16,Delivered,27,5,0
5508,1000,1,2026-08-04,Delivered,20,10,15
